ID,Date,Platform,Job Title,Company,Location,Status,Apply URL,External URL,Notes
"job_1790855769313_3pgb3","1/10/2026, 5:26:09 pm","LinkedIn","Full Stack Developer","Sample Corp","Hyderabad","APPLIED","https://www.linkedin.com/jobs/view/12345678","","Initial verification test"
"job_1790855769313_3b82j","1/10/2026, 5:26:09 pm","Naukri","Java Developer","Tech Corp","Bengaluru","EXTERNAL","https://www.naukri.com/job-123","https://boards.greenhouse.io/techcorp/123","External redirect"
"job_1790855846710_br4cw","1/10/2026, 5:27:26 pm","NAUKRI","Java Spring Boot Microservices Developer-2-3yrs","Infosys","Hybrid - Hyderabad, Pune, Bengaluru","APPLIED","https://www.naukri.com/job-listings-java-spring-boot-microservices-developer-2-3yrs-infosys-hyderabad-pune-bengaluru-2-to-3-years-200826027543","","Naukri quick-apply (auto)"
"job_1790855846711_0ru9p","1/10/2026, 5:27:26 pm","NAUKRI","Java Spring Boot, microservices Developer","Infosys","Hybrid - Hyderabad, Pune, Bengaluru","APPLIED","https://www.naukri.com/job-listings-java-spring-boot-microservices-developer-infosys-hyderabad-pune-bengaluru-2-to-3-years-040326011998","","Naukri quick-apply (auto)"
"job_1790855846711_3hph7","1/10/2026, 5:27:26 pm","NAUKRI","Blaze Rule Developer","ADROITENT","Hyderabad, Pune, Bengaluru","APPLIED","https://www.naukri.com/job-listings-blaze-rule-developer-adroitent-hyderabad-pune-bengaluru-6-to-11-years-310826001660","","Naukri quick-apply (auto)"
"job_1790855846711_14o02","1/10/2026, 5:27:26 pm","NAUKRI","Palantir Developer","Dhruv Technologies and Solutions","Hyderabad","APPLIED","https://www.naukri.com/job-listings-palantir-developer-dhruv-technologies-and-solutions-hyderabad-8-to-9-years-010926009890","","Naukri quick-apply (auto)"
"job_1790855846711_6heqt","1/10/2026, 5:27:26 pm","NAUKRI","Blaze Rule Developer","Experis","Hyderabad, Pune, Bengaluru","APPLIED","https://www.naukri.com/job-listings-blaze-rule-developer-experis-hyderabad-pune-bengaluru-5-to-10-years-060826015503","","Naukri quick-apply (auto)"
"job_1790855846712_w986r","1/10/2026, 5:27:26 pm","NAUKRI","Apache Camel Developer","Randstad","Hybrid - Hyderabad","APPLIED","https://www.naukri.com/job-listings-apache-camel-developer-randstad-hyderabad-6-to-11-years-050826020807","","Naukri quick-apply (auto)"
"job_1790855846712_f28ap","1/10/2026, 5:27:26 pm","NAUKRI","Hiring Java Full Stack Developer","Motivity Labs","Hyderabad","APPLIED","https://www.naukri.com/job-listings-hiring-java-full-stack-developer-motivity-labs-hyderabad-7-to-12-years-300924003203","","Naukri quick-apply (auto)"
"job_1790855846712_zqhts","1/10/2026, 5:27:26 pm","NAUKRI","Software Engineer-BFSI","Fortified Infotech","Hybrid - Hyderabad, Mumbai (All Areas), Kolkata, Pune, Ahmedabad, Chennai, Bengaluru","APPLIED","https://www.naukri.com/job-listings-software-engineer-bfsi-fortified-infotech-kolkata-hyderabad-pune-ahmedabad-chennai-bengaluru-mumbai-all-areas-0-to-5-years-180626028727","","Naukri quick-apply (auto)"
"job_1790855846713_hn8mb","1/10/2026, 5:27:26 pm","NAUKRI","Java Full Stack developer(Reactjs )","Infosys","Hybrid - Hyderabad, Pune, Bengaluru","APPLIED","https://www.naukri.com/job-listings-java-full-stack-developer-reactjs-infosys-hyderabad-pune-bengaluru-2-to-3-years-230226022229","","Naukri quick-apply (auto)"
"job_1790855846713_0a3r9","1/10/2026, 5:27:26 pm","NAUKRI","Java Full Stack Developer angular/React","Yespivot Technologies","Hybrid - Hyderabad, Mumbai (All Areas), Bengaluru","APPLIED","https://www.naukri.com/job-listings-java-full-stack-developer-angular-react-yespivot-technologies-hyderabad-bengaluru-mumbai-all-areas-10-to-12-years-070726025899","","Naukri quick-apply (auto)"
"job_1790855846714_8h8ef","1/10/2026, 5:27:26 pm","NAUKRI","Java Full Stack Developer","Infosys","Hyderabad, Pune, Bengaluru","APPLIED","https://www.naukri.com/job-listings-java-full-stack-developer-infosys-hyderabad-pune-bengaluru-10-to-16-years-170226042029","","Naukri quick-apply (auto)"
"job_1790855846714_bqqee","1/10/2026, 5:27:26 pm","NAUKRI","Java Developer","ENH iSecure","Hyderabad, Mumbai (All Areas), Bengaluru","APPLIED","https://www.naukri.com/job-listings-java-developer-enh-isecure-hyderabad-bengaluru-mumbai-all-areas-2-to-3-years-040826010320","","Naukri quick-apply (auto)"
"job_1790855846714_51shs","1/10/2026, 5:27:26 pm","NAUKRI","Fullstack Developer","People Tech Technology","Hyderabad","APPLIED","https://www.naukri.com/job-listings-fullstack-developer-people-tech-technology-hyderabad-1-to-5-years-310826006970","","Naukri quick-apply (auto)"
"job_1790855846715_0ycup","1/10/2026, 5:27:26 pm","MANUAL_EXTERNAL","Java Full Stack Developer","Google","Hyderabad","APPLIED","https://www.google.com/about/careers/applications/jobs/results/?q=Java","https://www.google.com/about/careers/applications/jobs/results/?q=Java","Applied via Google Careers"
"job_1790855846715_rwjjc","1/10/2026, 5:27:26 pm","NAUKRI","Java Full Stack Developer - Java + Angular","Epam Systems","Hybrid - Hyderabad, Gurugram, Bengaluru","APPLIED","https://www.naukri.com/job-listings-java-full-stack-developer-java-angular-epam-systems-hyderabad-gurugram-bengaluru-5-to-10-years-020926012103","","Naukri quick-apply (auto)"
"job_1790855846715_donl9","1/10/2026, 5:27:26 pm","NAUKRI","Java Full Stack Developer","Mspc Services","Hyderabad, India","APPLIED","https://www.naukri.com/job-listings-java-full-stack-developer-mspc-services-hyderabad-india-7-to-14-years-020926035061","","Naukri quick-apply (auto)"
"job_1790855846715_go9ys","1/10/2026, 5:27:26 pm","NAUKRI","Java Full Stack Developer","Purview Services","Hyderabad, Pune","APPLIED","https://www.naukri.com/job-listings-java-full-stack-developer-purview-services-hyderabad-pune-7-to-11-years-020926023873","","Naukri quick-apply (auto)"
"job_1790855846715_lcl8y","1/10/2026, 5:27:26 pm","NAUKRI","Java Full Stack Developer","Hiringeye Solutions","Hybrid - Hyderabad","APPLIED","https://www.naukri.com/job-listings-java-full-stack-developer-hiringeye-solutions-hyderabad-5-to-7-years-020926030624","","Naukri quick-apply (auto)"
"job_1790855846716_qq7yd","1/10/2026, 5:27:26 pm","NAUKRI","Java Full Stack Developer","Tech Mahindra","Hyderabad, Bengaluru","APPLIED","https://www.naukri.com/job-listings-java-full-stack-developer-tech-mahindra-hyderabad-bengaluru-4-to-7-years-010926021313","","Naukri quick-apply (auto)"
"job_1790855846716_2j3jl","1/10/2026, 5:27:26 pm","NAUKRI","Java Full Stack Developer - Principal Software Engineer","My Compliance Office","Hybrid - Hyderabad","APPLIED","https://www.naukri.com/job-listings-java-full-stack-developer-principal-software-engineer-my-compliance-office-hyderabad-10-to-15-years-010926013277","","Naukri quick-apply (auto)"
"job_1790855846716_u7tz7","1/10/2026, 5:27:26 pm","NAUKRI","Java Full Stack Developer with Angular/React.JS","Hexaware Technologies","Hybrid - Hyderabad, Pune, Bengaluru","APPLIED","https://www.naukri.com/job-listings-java-full-stack-developer-with-angular-react-js-hexaware-technologies-hyderabad-pune-bengaluru-6-to-11-years-270426024249","","Naukri quick-apply (auto)"
"job_1790855846716_kk4bx","1/10/2026, 5:27:26 pm","NAUKRI","Java Full Stack Developer","IPS group","Hyderabad, Chennai, Bengaluru","APPLIED","https://www.naukri.com/job-listings-java-full-stack-developer-integrated-personnel-services-hyderabad-chennai-bengaluru-7-to-11-years-250826024457","","Naukri quick-apply (auto)"
"job_1790855846716_iebzw","1/10/2026, 5:27:26 pm","NAUKRI","Java Full Stack Developer (C2H)","Infosys","Hybrid - Hyderabad, Pune, Bengaluru","APPLIED","https://www.naukri.com/job-listings-java-full-stack-developer-c2h-srs-infoway-hyderabad-pune-bengaluru-7-to-10-years-250826020109","","Naukri quick-apply (auto)"
"job_1790855846716_rbine","1/10/2026, 5:27:26 pm","NAUKRI","Java Full Stack Developer","CGI","Hybrid - Hyderabad, Bengaluru","APPLIED","https://www.naukri.com/job-listings-java-full-stack-developer-cgi-hyderabad-bengaluru-5-to-10-years-210826024027","","Naukri quick-apply (auto)"
"job_1790855846717_rm921","1/10/2026, 5:27:26 pm","NAUKRI","Java Full Stack Developer-","Tata Consultancy Services","Hybrid - Hyderabad","APPLIED","https://www.naukri.com/job-listings-java-full-stack-developer-tata-consultancy-services-hyderabad-7-to-12-years-070826038971","","Naukri quick-apply (auto)"
"job_1790855846717_ypstn","1/10/2026, 5:27:26 pm","NAUKRI","Java Full Stack Developer","Cloudxtreme","Hybrid - Hyderabad, Chennai, Bengaluru","APPLIED","https://www.naukri.com/job-listings-java-full-stack-developer-cloudxtreme-hyderabad-chennai-bengaluru-6-to-11-years-210826004489","","Naukri quick-apply (auto)"
"job_1790855846717_s94ny","1/10/2026, 5:27:26 pm","NAUKRI","Java Full Stack Developer","CGI","Hybrid - Hyderabad","APPLIED","https://www.naukri.com/job-listings-java-full-stack-developer-cgi-hyderabad-6-to-8-years-190826037969","","Naukri quick-apply (auto)"
"job_1790855846717_nli0g","1/10/2026, 5:27:26 pm","NAUKRI","Java Full Stack Developer","Cloudxtreme","Hyderabad, Bengaluru","APPLIED","https://www.naukri.com/job-listings-java-full-stack-developer-cloudxtreme-hyderabad-bengaluru-5-to-10-years-190826033518","","Naukri quick-apply (auto)"
"job_1790855846717_h5z2x","1/10/2026, 5:27:26 pm","NAUKRI","Java Full Stack Developer","Infosys","Hyderabad, Pune, Bengaluru","APPLIED","https://www.naukri.com/job-listings-java-full-stack-developer-infosys-hyderabad-pune-bengaluru-8-to-10-years-261225027018","","Naukri quick-apply (auto)"
"job_1790855846718_fnjdh","1/10/2026, 5:27:26 pm","NAUKRI","Java Full Stack Developer (Java + React)","Capgemini","Hybrid - Hyderabad, Bengaluru","APPLIED","https://www.naukri.com/job-listings-java-full-stack-developer-java-react-capgemini-hyderabad-bengaluru-5-to-8-years-250826030358","","Naukri quick-apply (auto)"
"job_1790855846718_l2olo","1/10/2026, 5:27:26 pm","NAUKRI","Java Full Stack Developer","Capgemini","Hyderabad, Bengaluru","APPLIED","https://www.naukri.com/job-listings-java-full-stack-developer-capgemini-hyderabad-bengaluru-6-to-10-years-200826012802","","Naukri quick-apply (auto)"
"job_1790855846718_s37cr","1/10/2026, 5:27:26 pm","NAUKRI","Java Full Stack Developer - (Angular or React)","Infosys","Hyderabad, Chennai, Bengaluru","APPLIED","https://www.naukri.com/job-listings-java-full-stack-developer-angular-or-react-infosys-hyderabad-chennai-bengaluru-6-to-11-years-270826028634","","Naukri quick-apply (auto)"
"job_1790855846718_fob3p","1/10/2026, 5:27:26 pm","NAUKRI","Java Full Stack Developer","Capgemini","Hybrid - Hyderabad, Pune, Bengaluru","APPLIED","https://www.naukri.com/job-listings-java-full-stack-developer-capgemini-hyderabad-pune-bengaluru-6-to-9-years-100626030945","","Naukri quick-apply (auto)"
"job_1790855846718_i2g17","1/10/2026, 5:27:26 pm","NAUKRI","Java Full Stack Developer","G R Consultants","Hyderabad, Chennai, Bengaluru","APPLIED","https://www.naukri.com/job-listings-java-full-stack-developer-g-r-consultants-hyderabad-chennai-bengaluru-7-to-12-years-130826021589","","Naukri quick-apply (auto)"
"job_1790855846718_2o4fp","1/10/2026, 5:27:26 pm","NAUKRI","Java Full Stack Developer","Tekskills","Hyderabad","APPLIED","https://www.naukri.com/job-listings-java-full-stack-developer-tekskills-hyderabad-8-to-10-years-110826036980","","Naukri quick-apply (auto)"
"job_1790855846719_ipxqb","1/10/2026, 5:27:26 pm","NAUKRI","Java Full Stack Developer","People Impact","Hyderabad","APPLIED","https://www.naukri.com/job-listings-java-full-stack-developer-people-impact-hyderabad-4-to-6-years-050826036971","","Naukri quick-apply (auto)"
"job_1790855846719_1e6dv","1/10/2026, 5:27:26 pm","NAUKRI","Java Full Stack Developer","Optum","Hybrid - Hyderabad, Noida","APPLIED","https://www.naukri.com/job-listings-java-full-stack-developer-optum-noida-hyderabad-4-to-7-years-030826004693","","Naukri quick-apply (auto)"
"job_1790855846719_bvi09","1/10/2026, 5:27:26 pm","NAUKRI","Software Engineer","Principal Financial Group","Hyderabad","APPLIED","https://www.naukri.com/job-listings-software-engineer-principal-financial-group-hyderabad-2-to-4-years-040926027156","","Naukri quick-apply (auto)"
"job_1790855846719_l4oyv","1/10/2026, 5:27:26 pm","NAUKRI","Java Developer-AB-Bengaluru, Hyderabad, Chennai","Infosys","Hyderabad, Chennai, Bengaluru","APPLIED","https://www.naukri.com/job-listings-java-developer-ab-bengaluru-hyderabad-chennai-infosys-hyderabad-chennai-bengaluru-3-to-8-years-090525023616","","Naukri quick-apply (auto)"
"job_1790855846719_b65i5","1/10/2026, 5:27:26 pm","NAUKRI","Java Developer","Logic Planet","Hyderabad, Chennai, Bengaluru","APPLIED","https://www.naukri.com/job-listings-java-developer-logic-planet-hyderabad-chennai-bengaluru-5-to-15-years-030926032147","","Naukri quick-apply (auto)"
"job_1790855846719_qb6ye","1/10/2026, 5:27:26 pm","NAUKRI","Java Springboot Microservices","Infosys","Hybrid - Hyderabad, Pune, Bengaluru","APPLIED","https://www.naukri.com/job-listings-java-springboot-microservices-infosys-hyderabad-pune-bengaluru-5-to-9-years-230226022305","","Naukri quick-apply (auto)"
"job_1790855846720_s21pg","1/10/2026, 5:27:26 pm","NAUKRI","Java springboot microservices","Black And White Business Solutions","Hyderabad, Chennai, Bengaluru","APPLIED","https://www.naukri.com/job-listings-java-springboot-microservices-black-and-white-business-solutions-hyderabad-chennai-bengaluru-4-to-8-years-230526002971","","Naukri quick-apply (auto)"
"job_1790855846720_x773r","1/10/2026, 5:27:26 pm","NAUKRI","Java Spingboot and Micorservices","Tata Consultancy Services","Hyderabad, Chennai","APPLIED","https://www.naukri.com/job-listings-java-spingboot-and-micorservices-tata-consultancy-services-hyderabad-chennai-6-to-10-years-050826037386","","Naukri quick-apply (auto)"
"job_1790855846720_9csay","1/10/2026, 5:27:26 pm","NAUKRI","Java Spring Boot Developer","MANEVA CONSULTING PRIVATE LIMITED","Hyderabad","APPLIED","https://www.naukri.com/job-listings-java-spring-boot-developer-maneva-consulting-hyderabad-10-to-15-years-050826019999","","Naukri quick-apply (auto)"
"job_1790855846720_ffj46","1/10/2026, 5:27:26 pm","NAUKRI","Java Spring Boot and Microservices Group Client - Bank of America","Tata Consultancy Services","Hyderabad, Chennai","APPLIED","https://www.naukri.com/job-listings-java-spring-boot-and-microservices-group-client-bank-of-america-tata-consultancy-services-hyderabad-chennai-6-to-10-years-190726003719","","Naukri quick-apply (auto)"
"job_1790855846720_6vnuu","1/10/2026, 5:27:26 pm","NAUKRI","Java Spring Boot Developer","Nooha Asp","Hyderabad(Attapur)","APPLIED","https://www.naukri.com/job-listings-java-spring-boot-developer-nooha-asp-private-limited-hyderabad-3-to-6-years-300826004331","","Naukri quick-apply (auto)"
"job_1790855846720_gs318","1/10/2026, 5:27:26 pm","NAUKRI","Senior Java Engineer - AI Native","Epam Systems","Hyderabad","APPLIED","https://www.naukri.com/job-listings-senior-java-engineer-ai-native-epam-systems-hyderabad-5-to-8-years-040926020381","","Naukri quick-apply (auto)"
"job_1790855846721_do212","1/10/2026, 5:27:26 pm","NAUKRI","Lead Java Engineer - AI Native","Epam Systems","Hyderabad","APPLIED","https://www.naukri.com/job-listings-lead-java-engineer-ai-native-epam-systems-hyderabad-8-to-12-years-040926020114","","Naukri quick-apply (auto)"
"job_1790855846721_rv7fs","1/10/2026, 5:27:26 pm","NAUKRI","Lead Java Software Developer – Java 8, Microservices, ReactJS, JUnit","Epam Systems","Hyderabad, Chennai, Bengaluru","APPLIED","https://www.naukri.com/job-listings-lead-java-software-developer-java-8-microservices-reactjs-junit-epam-systems-hyderabad-chennai-bengaluru-8-to-12-years-040926021830","","Naukri quick-apply (auto)"
"job_1790855846721_xkppo","1/10/2026, 5:27:26 pm","NAUKRI","Senior Java Software Developer – Java 8, Microservices, ReactJS, JUnit","Epam Systems","Hyderabad, Chennai, Bengaluru","APPLIED","https://www.naukri.com/job-listings-senior-java-software-developer-java-8-microservices-reactjs-junit-epam-systems-hyderabad-chennai-bengaluru-5-to-8-years-040926020348","","Naukri quick-apply (auto)"
"job_1790855846721_ejf75","1/10/2026, 5:27:26 pm","NAUKRI","Senior Software Engineer (Java, AWS Cloud)","Epam Systems","Hyderabad, Chennai, Bengaluru","APPLIED","https://www.naukri.com/job-listings-senior-software-engineer-java-aws-cloud-epam-systems-hyderabad-chennai-bengaluru-5-to-8-years-040926020253","","Naukri quick-apply (auto)"
"job_1790855846721_hq269","1/10/2026, 5:27:26 pm","NAUKRI","Senior Software Engineer, Java Cloud (AWS)","Epam Systems","Hyderabad, Chennai, Bengaluru","APPLIED","https://www.naukri.com/job-listings-senior-software-engineer-java-cloud-aws-epam-systems-hyderabad-chennai-bengaluru-5-to-8-years-040926019356","","Naukri quick-apply (auto)"
"job_1790855846721_9uywj","1/10/2026, 5:27:26 pm","NAUKRI","Lead Software Engineer - Camunda","Epam Systems","Hyderabad, Chennai, Bengaluru","APPLIED","https://www.naukri.com/job-listings-lead-software-engineer-camunda-epam-systems-hyderabad-chennai-bengaluru-8-to-12-years-040926019331","","Naukri quick-apply (auto)"
"job_1790855846722_ridjn","1/10/2026, 5:27:26 pm","NAUKRI","Lead Software Engineer - Camunda","Epam Systems","Hyderabad, Chennai, Bengaluru","APPLIED","https://www.naukri.com/job-listings-lead-software-engineer-camunda-epam-systems-hyderabad-chennai-bengaluru-8-to-12-years-040926018050","","Naukri quick-apply (auto)"
"job_1790855846722_magt0","1/10/2026, 5:27:26 pm","NAUKRI","Senior Software Engineer - Java & AWS Cloud Services","Epam Systems","Hyderabad, Chennai, Bengaluru","APPLIED","https://www.naukri.com/job-listings-senior-software-engineer-java-aws-cloud-services-epam-systems-hyderabad-chennai-bengaluru-5-to-8-years-040926017969","","Naukri quick-apply (auto)"
"job_1790855846722_iqkes","1/10/2026, 5:27:26 pm","NAUKRI","Senior Software Engineer - Java with Cloud - AWS","Epam Systems","Hyderabad, Chennai, Bengaluru","APPLIED","https://www.naukri.com/job-listings-senior-software-engineer-java-with-cloud-aws-epam-systems-hyderabad-chennai-bengaluru-5-to-8-years-040926016861","","Naukri quick-apply (auto)"
"job_1790855846722_bexzc","1/10/2026, 5:27:26 pm","NAUKRI","Senior Java Software Engineer - Cloud AWS","Epam Systems","Hyderabad, Chennai, Bengaluru","APPLIED","https://www.naukri.com/job-listings-senior-java-software-engineer-cloud-aws-epam-systems-hyderabad-chennai-bengaluru-5-to-8-years-040926000296","","Naukri quick-apply (auto)"
"job_1790855846722_el0md","1/10/2026, 5:27:26 pm","NAUKRI","Senior Software Engineer - Java with Cloud - AWS","Epam Systems","Hyderabad, Chennai, Bengaluru","APPLIED","https://www.naukri.com/job-listings-senior-software-engineer-java-with-cloud-aws-epam-systems-hyderabad-chennai-bengaluru-5-to-8-years-040926000168","","Naukri quick-apply (auto)"
"job_1790855846722_hln53","1/10/2026, 5:27:26 pm","NAUKRI","Senior Software Engineer - Camunda","Epam Systems","Hyderabad, Chennai, Bengaluru","APPLIED","https://www.naukri.com/job-listings-senior-software-engineer-camunda-epam-systems-hyderabad-chennai-bengaluru-5-to-8-years-040926019716","","Naukri quick-apply (auto)"
"job_1790855846723_gbao2","1/10/2026, 5:27:26 pm","NAUKRI","Interview -6-Sep-26 Java Full Stack Developer","eClerx","Hybrid - Bengaluru","APPLIED","https://www.naukri.com/job-listings-interview-6-sep-26-java-full-stack-developer-eclerx-bengaluru-6-to-10-years-030926034497","","Naukri quick-apply (auto)"
"job_1790855846723_j49w6","1/10/2026, 5:27:26 pm","NAUKRI","Java Full Stack Developer","Alansa Technologies","Bengaluru","APPLIED","https://www.naukri.com/job-listings-java-full-stack-developer-alansa-technologies-bengaluru-3-to-6-years-130826022756","","Naukri quick-apply (auto)"
"job_1790855846723_l89v8","1/10/2026, 5:27:26 pm","NAUKRI","Java Full Stack Developer","Quess","Bengaluru","APPLIED","https://www.naukri.com/job-listings-java-full-stack-developer-quess-bengaluru-7-to-16-years-050926010111","","Naukri quick-apply (auto)"
"job_1790855846723_q4fs7","1/10/2026, 5:27:26 pm","NAUKRI","Java Spring Boot Developer (Python experience required)","EY","Bengaluru","APPLIED","https://www.naukri.com/job-listings-java-spring-boot-developer-python-experience-required-ey-bengaluru-6-to-11-years-050826000357","","Naukri quick-apply (auto)"
"job_1790855846723_6ybwx","1/10/2026, 5:27:26 pm","NAUKRI","Java Spring Boot Developer","Tata Consultancy Services","Bengaluru, Kochi, Chennai","APPLIED","https://www.naukri.com/job-listings-java-spring-boot-developer-tata-consultancy-services-kochi-chennai-bengaluru-8-to-10-years-300826005010","","Naukri quick-apply (auto)"
"job_1790855846723_c3957","1/10/2026, 5:27:26 pm","NAUKRI","Java Developer Spring Boot | Microservices API Development","Photon","Bengaluru, Chennai","APPLIED","https://www.naukri.com/job-listings-java-developer-spring-boot-microservices-api-development-photon-chennai-bengaluru-3-to-7-years-290826005298","","Naukri quick-apply (auto)"
"job_1790855846724_0w05g","1/10/2026, 5:27:26 pm","NAUKRI","Java FullStack (Java + React + Aws / Azure)","Innova Solutions","Hybrid - Bengaluru","APPLIED","https://www.naukri.com/job-listings-java-fullstack-java-react-aws-azure-innova-solutions-bengaluru-3-to-8-years-030926033789","","Naukri quick-apply (auto)"
"job_1790855846724_jz76g","1/10/2026, 5:27:26 pm","NAUKRI","Senior Software Engineer - Camunda","Epam Systems","Hyderabad, Bengaluru, Chennai","APPLIED","https://www.naukri.com/job-listings-senior-software-engineer-camunda-epam-systems-hyderabad-chennai-bengaluru-5-to-8-years-040926021439","","Naukri quick-apply (auto)"
"job_1790855846724_r1qw7","1/10/2026, 5:27:26 pm","NAUKRI","Full Stack DeveloperJavaReact","Infovision Labs","Bengaluru","APPLIED","https://www.naukri.com/job-listings-full-stack-developerjavareact-infovision-labs-bengaluru-6-to-9-years-030926022485","","Naukri quick-apply (auto)"
"job_1790855846724_aymsu","1/10/2026, 5:27:26 pm","NAUKRI","Java Developer","Amtech","Hybrid - Bengaluru","APPLIED","https://www.naukri.com/job-listings-java-developer-amtech-bengaluru-2-to-7-years-220826015200","","Naukri quick-apply (auto)"
"job_1790855846724_yivxu","1/10/2026, 5:27:26 pm","NAUKRI","Java Developer -20 USD Per Hour","Prointegrate World It Consulting","Remote","APPLIED","https://www.naukri.com/job-listings-java-developer-20-usd-per-hour-prointegrate-world-it-consulting-bengaluru-2-to-6-years-030926016209","","Naukri quick-apply (auto)"
"job_1790855846724_xrh75","1/10/2026, 5:27:26 pm","NAUKRI","Java Developer - ((Bangalore,Pune,Hyderabad))","Infosys","Hybrid - Bengaluru, Pune, Chennai","APPLIED","https://www.naukri.com/job-listings-java-developer-bangalore-pune-hyderabad-infosys-pune-chennai-bengaluru-3-to-8-years-300525037446","","Naukri quick-apply (auto)"
"job_1790855846724_kxp8f","1/10/2026, 5:27:26 pm","NAUKRI","Java Developer - (Bangalore/Pune)","Infosys","Hybrid - Bengaluru, Pune, Chennai","APPLIED","https://www.naukri.com/job-listings-java-developer-bangalore-pune-infosys-pune-chennai-bengaluru-3-to-8-years-290525038305","","Naukri quick-apply (auto)"
"job_1790855846725_7z0lm","1/10/2026, 5:27:26 pm","NAUKRI","Java Full Stack Developer","Leading Technology Company","Hyderabad, Pune, Bengaluru","APPLIED","https://www.naukri.com/job-listings-java-full-stack-developer-sp-staffing-hyderabad-pune-bengaluru-6-to-10-years-070926026492","","Naukri quick-apply (auto)"
"job_1790855846725_sc57g","1/10/2026, 5:27:26 pm","NAUKRI","Java Full Stack Developer","e-Labs Infotech","Hybrid - Hyderabad, Pune, Bengaluru","APPLIED","https://www.naukri.com/job-listings-java-full-stack-developer-elabs-infotech-hyderabad-pune-bengaluru-6-to-10-years-070926008287","","Naukri quick-apply (auto)"
"job_1790855846725_qah3y","1/10/2026, 5:27:26 pm","NAUKRI","Java Full Stack Developer","eLabs Infotech","Hyderabad, Mumbai (All Areas), Bengaluru","APPLIED","https://www.naukri.com/job-listings-java-full-stack-developer-elabs-infotech-hyderabad-bengaluru-mumbai-all-areas-5-to-9-years-070926008408","","Naukri quick-apply (auto)"
"job_1790855846725_fjixh","1/10/2026, 5:27:26 pm","NAUKRI","AWS Java Full Stack Developer- Hyderabad , Pune , Chennai , Bangalore","Tata Consultancy Services","Hyderabad, Pune, Bengaluru","APPLIED","https://www.naukri.com/job-listings-aws-java-full-stack-developer-hyderabad-pune-chennai-bangalore-tata-consultancy-services-hyderabad-pune-bengaluru-7-to-12-years-080926017350","","Naukri quick-apply (auto)"
"job_1790855846725_9ud7p","1/10/2026, 5:27:26 pm","NAUKRI","Java Full Stack Developer","3shool Technology Consultants","Hyderabad, Pune, Bengaluru","APPLIED","https://www.naukri.com/job-listings-java-full-stack-developer-3shool-technology-consultants-hyderabad-pune-bengaluru-5-to-10-years-070926030730","","Naukri quick-apply (auto)"
"job_1790855846725_e5kz4","1/10/2026, 5:27:26 pm","NAUKRI","Java Full Stack Developer","Virtusa","Hyderabad, Pune, Chennai","APPLIED","https://www.naukri.com/job-listings-java-full-stack-developer-virtusa-hyderabad-pune-chennai-6-to-12-years-080926021563","","Naukri quick-apply (auto)"
"job_1790855846725_t2ar6","1/10/2026, 5:27:26 pm","NAUKRI","Java Full Stack Developer -N","Tata Consultancy Services","Hyderabad, Chennai, Bengaluru","APPLIED","https://www.naukri.com/job-listings-java-full-stack-developer-n-tata-consultancy-services-hyderabad-chennai-bengaluru-5-to-8-years-010926034636","","Naukri quick-apply (auto)"
"job_1790855846726_tlmh5","1/10/2026, 5:27:26 pm","NAUKRI","Java Full Stack Developer","Infosys","Hybrid - Hyderabad, Chennai, Bengaluru","APPLIED","https://www.naukri.com/job-listings-java-full-stack-developer-infosys-hyderabad-chennai-bengaluru-9-to-14-years-080926033021","","Naukri quick-apply (auto)"
"job_1790855846726_w9w2r","1/10/2026, 5:27:26 pm","NAUKRI","Java Full Stack Developer","Tekskills","Hyderabad, Chennai, Bengaluru","APPLIED","https://www.naukri.com/job-listings-java-full-stack-developer-tekskills-hyderabad-chennai-bengaluru-4-to-10-years-120826025330","","Naukri quick-apply (auto)"
"job_1790855846726_syjgw","1/10/2026, 5:27:26 pm","NAUKRI","Java Full Stack Developer","Sdkm Solutions","Remote","APPLIED","https://www.naukri.com/job-listings-java-full-stack-developer-sdkm-solutions-hyderabad-5-to-10-years-140826015852","","Naukri quick-apply (auto)"
"job_1790855846726_118za","1/10/2026, 5:27:26 pm","NAUKRI","Software Engineer","Principal Financial Group","Hyderabad","APPLIED","https://www.naukri.com/job-listings-software-engineer-principal-financial-group-hyderabad-2-to-4-years-080926016281","","Naukri quick-apply (auto)"
"job_1790855846726_8z6vt","1/10/2026, 5:27:26 pm","NAUKRI","Java Full Stack Developer","Virtusa","Hyderabad, Pune, Chennai","APPLIED","https://www.naukri.com/job-listings-java-full-stack-developer-virtusa-hyderabad-pune-chennai-6-to-12-years-080926024994","","Naukri quick-apply (auto)"
"job_1790855846726_cnune","1/10/2026, 5:27:26 pm","NAUKRI","Java Developer","Cotiviti","Hyderabad","APPLIED","https://www.naukri.com/job-listings-java-developer-cotiviti-hyderabad-3-to-6-years-070926027674","","Naukri quick-apply (auto)"
"job_1790855846726_deyy0","1/10/2026, 5:27:26 pm","NAUKRI","Java Full Stack - Senior Associate","PwC","Hybrid - Hyderabad, Mumbai (All Areas), Bengaluru","APPLIED","https://www.naukri.com/job-listings-java-full-stack-senior-associate-pwc-hyderabad-bengaluru-mumbai-all-areas-4-to-8-years-070926008782","","Naukri quick-apply (auto)"
"job_1790855846727_ew7zw","1/10/2026, 5:27:26 pm","NAUKRI","Java Full Stack Developer- B","Infosys","Hybrid - Hyderabad, Chennai, Bengaluru","APPLIED","https://www.naukri.com/job-listings-java-full-stack-developer-b-infosys-hyderabad-chennai-bengaluru-3-to-8-years-230426034548","","Naukri quick-apply (auto)"
"job_1790855846727_dlhy6","1/10/2026, 5:27:26 pm","NAUKRI","Java Full Stack Developer","TechBlocks","Hyderabad, Ahmedabad","APPLIED","https://www.naukri.com/job-listings-java-full-stack-developer-techblocks-hyderabad-ahmedabad-8-to-15-years-090926025880","","Naukri quick-apply (auto)"
"job_1790855846727_34cau","1/10/2026, 5:27:26 pm","NAUKRI","Fullstack Developer","Technumen Systems","Hyderabad","APPLIED","https://www.naukri.com/job-listings-fullstack-developer-technumen-systems-hyderabad-8-to-16-years-090926027079","","Naukri quick-apply (auto)"
"job_1790855846727_j81xz","1/10/2026, 5:27:26 pm","NAUKRI","Lead Software Developer - Java with AWS Cloud","Epam Systems","Hyderabad, Pune, Chennai","APPLIED","https://www.naukri.com/job-listings-lead-software-developer-java-with-aws-cloud-epam-systems-hyderabad-pune-chennai-8-to-12-years-040926017565","","Naukri quick-apply (auto)"
"job_1790855846727_z21l8","1/10/2026, 5:27:26 pm","NAUKRI","Lead Software Developer - Java with AWS Cloud","Epam Systems","Hyderabad, Pune, Chennai","APPLIED","https://www.naukri.com/job-listings-lead-software-developer-java-with-aws-cloud-epam-systems-hyderabad-pune-chennai-8-to-12-years-040926016971","","Naukri quick-apply (auto)"
"job_1790855846727_9s6m1","1/10/2026, 5:27:26 pm","NAUKRI","Senior Software Engineer, Full-stack","ValGenesis","Hyderabad","APPLIED","https://www.naukri.com/job-listings-senior-software-engineer-full-stack-valgenesis-hyderabad-4-to-10-years-030926010543","","Naukri quick-apply (auto)"
"job_1790855846727_bd051","1/10/2026, 5:27:26 pm","NAUKRI","Java Developer, Groovy, grails","Cognizant","Hyderabad, Chennai, Bengaluru","APPLIED","https://www.naukri.com/job-listings-java-developer-groovy-grails-cognizant-hyderabad-chennai-bengaluru-3-to-6-years-090926031945","","Naukri quick-apply (auto)"
"job_1790855846728_jwd71","1/10/2026, 5:27:26 pm","NAUKRI","Java Developer","Bct Consulting","Hyderabad","APPLIED","https://www.naukri.com/job-listings-java-developer-bct-consulting-hyderabad-0-to-1-years-030926021080","","Naukri quick-apply (auto)"
"job_1790855846728_wtlu8","1/10/2026, 5:27:26 pm","NAUKRI","Java Developer","CGI","Hybrid - Hyderabad, Chennai, Bengaluru","APPLIED","https://www.naukri.com/job-listings-java-developer-cgi-hyderabad-chennai-bengaluru-4-to-9-years-070926032971","","Naukri quick-apply (auto)"
"job_1790855846728_13m3d","1/10/2026, 5:27:26 pm","NAUKRI","Java Developer","Logic Planet","Hyderabad, Chennai, Bengaluru","APPLIED","https://www.naukri.com/job-listings-java-developer-logic-planet-hyderabad-chennai-bengaluru-7-to-18-years-070926030556","","Naukri quick-apply (auto)"
"job_1790855846728_norer","1/10/2026, 5:27:26 pm","NAUKRI","Walkin - React and Java Developer || Hyderabad Location","Quest Global","Hyderabad","APPLIED","https://www.naukri.com/job-listings-walkin-react-and-java-developer-hyderabad-location-quest-global-hyderabad-4-to-6-years-080926027372","","Naukri quick-apply (auto)"
"job_1790855846728_nc3p7","1/10/2026, 5:27:26 pm","NAUKRI","Java Developer","Info Edge","Hyderabad, New Delhi, Chennai","APPLIED","https://www.naukri.com/job-listings-java-developer-info-edge-new-delhi-hyderabad-chennai-5-to-8-years-030926024229","","Naukri quick-apply (auto)"
"job_1790855846729_l8dru","1/10/2026, 5:27:26 pm","NAUKRI","Cognizant is hiring For Java Developer role For Multiple Location","Cognizant","Hybrid - Hyderabad, Chennai, Bengaluru","APPLIED","https://www.naukri.com/job-listings-cognizant-is-hiring-for-java-developer-role-for-multiple-location-naukri-e-hire-campaign-hyderabad-chennai-bengaluru-6-to-9-years-090926010694","","Naukri quick-apply (auto)"
"job_1790855846729_lzb57","1/10/2026, 5:27:26 pm","NAUKRI","Java developer-- Hyderabad","Infosys","Hybrid - Hyderabad, Chennai, Bengaluru","APPLIED","https://www.naukri.com/job-listings-java-developer-hyderabad-infosys-hyderabad-chennai-bengaluru-5-to-9-years-270726029827","","Naukri quick-apply (auto)"
"job_1790855846729_slv64","1/10/2026, 5:27:26 pm","NAUKRI","Java Developer -Urgent opening with Innominds, Hyd,Bang & Pune","Innominds Software","Remote","APPLIED","https://www.naukri.com/job-listings-java-developer-urgent-opening-with-innominds-hyd-bang-pune-innominds-software-hyderabad-4-to-9-years-070926013492","","Naukri quick-apply (auto)"
"job_1790855846729_rm3yf","1/10/2026, 5:27:26 pm","NAUKRI","Java Developer","Mphasis","Hyderabad, Bengaluru","APPLIED","https://www.naukri.com/job-listings-java-developer-zenith-consultants-software-hyderabad-bengaluru-5-to-10-years-080926024829","","Naukri quick-apply (auto)"
"job_1790855846729_pjtxw","1/10/2026, 5:27:26 pm","NAUKRI","Java Full Stack Developer- Pan India","Infosys","Hybrid - Bengaluru, Pune, Chennai","APPLIED","https://www.naukri.com/job-listings-java-full-stack-developer-pan-india-infosys-pune-chennai-bengaluru-2-to-3-years-040826031507","","Naukri quick-apply (auto)"
"job_1790855846730_cziym","1/10/2026, 5:27:26 pm","NAUKRI","Java Full Stack Developer","Acesoft Labs","Bengaluru","APPLIED","https://www.naukri.com/job-listings-java-full-stack-developer-acesoft-labs-bengaluru-6-to-12-years-100926015437","","Naukri quick-apply (auto)"
"job_1790855846730_gla5z","1/10/2026, 5:27:26 pm","NAUKRI","Java Full Stack Developer ( Agentic AI)","Altisource","Remote","APPLIED","https://www.naukri.com/job-listings-java-full-stack-developer-agentic-ai-altisource-india-3-to-8-years-070926031318","","Naukri quick-apply (auto)"
"job_1790855846730_2g9b1","1/10/2026, 5:27:26 pm","NAUKRI","Java Full Stack Developer (Angular)","Infosys","Hybrid - Pune, Chennai, Bengaluru","APPLIED","https://www.naukri.com/job-listings-java-full-stack-developer-angular-infosys-pune-chennai-bengaluru-3-to-5-years-280526030842","","Naukri quick-apply (auto)"
"job_1790855846730_b6icz","1/10/2026, 5:27:26 pm","NAUKRI","Java Full Stack Developer","Bahwan CyberTek","Chennai","APPLIED","https://www.naukri.com/job-listings-java-full-stack-developer-bahwan-cybertek-chennai-3-to-5-years-100926030702","","Naukri quick-apply (auto)"
"job_1790855846730_iok29","1/10/2026, 5:27:26 pm","NAUKRI","Java Fullstack (Angular) Developer","Infosys","Bengaluru","APPLIED","https://www.naukri.com/job-listings-java-fullstack-angular-developer-infosys-bengaluru-2-to-3-years-270726032064","","Naukri quick-apply (auto)"
"job_1790855846731_06mkn","1/10/2026, 5:27:26 pm","NAUKRI","JAVA Fullstack Architect - STG","Infosys","Bengaluru, Pune, Chennai","APPLIED","https://www.naukri.com/job-listings-java-fullstack-architect-stg-infosys-pune-chennai-bengaluru-9-to-14-years-101125030831","","Naukri quick-apply (auto)"
"job_1790855846731_rkfgi","1/10/2026, 5:27:26 pm","NAUKRI","Java fullstack developer with AI","Persistent","Bengaluru, Pune, India","APPLIED","https://www.naukri.com/job-listings-java-fullstack-developer-with-ai-persistent-pune-bengaluru-india-8-to-12-years-090926019959","","Naukri quick-apply (auto)"
"job_1790855846731_9e6at","1/10/2026, 5:27:26 pm","NAUKRI","Java Fullstack Developer","Naukri Assist","Bengaluru, Kolkata","APPLIED","https://www.naukri.com/job-listings-java-fullstack-developer-naukri-assist-kolkata-bengaluru-5-to-11-years-240826017717","","Naukri quick-apply (auto)"
"job_1790855846731_kndzg","1/10/2026, 5:27:26 pm","NAUKRI","Senior Java Fullstack Developer","People Prime Worldwide","Bengaluru","APPLIED","https://www.naukri.com/job-listings-senior-java-fullstack-developer-people-prime-worldwide-bengaluru-9-to-13-years-280826003202","","Naukri quick-apply (auto)"
"job_1790855846731_80b40","1/10/2026, 5:27:26 pm","NAUKRI","Sr Developer/Lead/Manager- Java Fullstack","Innova Solutions","Hybrid - Bengaluru","APPLIED","https://www.naukri.com/job-listings-sr-developer-lead-manager-java-fullstack-innova-solutions-bengaluru-8-to-13-years-180826047865","","Naukri quick-apply (auto)"
"job_1790855846731_ynhsd","1/10/2026, 5:27:26 pm","NAUKRI","Java Fullstack ( Java + React) Face To face interview","Innova Solutions","Hybrid - Bengaluru","APPLIED","https://www.naukri.com/job-listings-java-fullstack-java-react-face-to-face-interview-innova-solutions-bengaluru-4-to-9-years-180826047863","","Naukri quick-apply (auto)"
"job_1790855846731_2xlix","1/10/2026, 5:27:26 pm","NAUKRI","Java Fullstack developers with AWS - F2F discussion - Bengaluru","Tata Consultancy Services","Bengaluru","APPLIED","https://www.naukri.com/job-listings-java-fullstack-developers-with-aws-f2f-discussion-bengaluru-tata-consultancy-services-bengaluru-5-to-10-years-230826004874","","Naukri quick-apply (auto)"
"job_1790855846731_rmd2p","1/10/2026, 5:27:26 pm","NAUKRI","Java Fullstack developers with AWS - F2F discussion - Bengaluru","Tata Consultancy Services","Bengaluru","APPLIED","https://www.naukri.com/job-listings-java-fullstack-developers-with-aws-f2f-discussion-bengaluru-tata-consultancy-services-bengaluru-5-to-10-years-230826003390","","Naukri quick-apply (auto)"
"job_1790855846732_3cj9j","1/10/2026, 5:27:26 pm","NAUKRI","Apprentice - Software Engineer","Symphonyincubator Business Services","Bengaluru","APPLIED","https://www.naukri.com/job-listings-apprentice-software-engineer-symphonyincubator-business-services-private-limite-d-bengaluru-1-to-2-years-110926908990","","Naukri quick-apply (auto)"
"job_1790855846732_25kld","1/10/2026, 5:27:26 pm","NAUKRI","Senior Software Engineer","Capgemini","Bengaluru","APPLIED","https://www.naukri.com/job-listings-senior-software-engineer-capgemini-technology-services-india-limited-bengaluru-1-to-6-years-110926909179","","Naukri quick-apply (auto)"
"job_1790855846732_ryiyf","1/10/2026, 5:27:26 pm","NAUKRI","Senior Software Engineer","Capgemini","Bengaluru","APPLIED","https://www.naukri.com/job-listings-senior-software-engineer-capgemini-technology-services-india-limited-bengaluru-1-to-6-years-110926909117","","Naukri quick-apply (auto)"
"job_1790855846732_udbxk","1/10/2026, 5:27:26 pm","NAUKRI","Java Back End Developer","Altimetrik","Hybrid - Hyderabad, Bengaluru, Pune","APPLIED","https://www.naukri.com/job-listings-java-back-end-developer-altimetrik-hyderabad-pune-bengaluru-7-to-10-years-110926022970","","Naukri quick-apply (auto)"
"job_1790855846732_hsdzr","1/10/2026, 5:27:26 pm","NAUKRI","Software Engineer","Software Company","Chennai","APPLIED","https://www.naukri.com/job-listings-software-engineer-gra-enterprises-chennai-chennai-0-to-5-years-110926005953","","Naukri quick-apply (auto)"
"job_1790855846732_uwl0s","1/10/2026, 5:27:26 pm","NAUKRI","Java Full Stack Developer - Contract basis ( 1 Year)","Leading chemical company","Vadodara","APPLIED","https://www.naukri.com/job-listings-java-full-stack-developer-contract-basis-1-year-selective-global-search-vadodara-1-to-3-years-110926019809","","Naukri quick-apply (auto)"
"job_1790855846732_i23g9","1/10/2026, 5:27:26 pm","NAUKRI","Java Backend Developer","Hiring Squad","Bengaluru","APPLIED","https://www.naukri.com/job-listings-java-backend-developer-hiring-squad-bengaluru-6-to-11-years-110926019236","","Naukri quick-apply (auto)"
"job_1790855846733_ysx6i","1/10/2026, 5:27:26 pm","NAUKRI","JAVA + REACT - INF (2 - 3 YRS)","Infosys","Hyderabad, Chennai, Bengaluru","APPLIED","https://www.naukri.com/job-listings-java-react-inf-2-3-yrs-infosys-hyderabad-chennai-bengaluru-2-to-5-years-230726035025","","Naukri quick-apply (auto)"
"job_1790855846733_rz2is","1/10/2026, 5:27:26 pm","NAUKRI","Java Selenium_Pan India_2 To 4 years","Infosys","Hyderabad, Bengaluru, Delhi / NCR","APPLIED","https://www.naukri.com/job-listings-java-selenium-pan-india-2-to-4-years-infosys-hyderabad-bengaluru-delhi-ncr-2-to-5-years-220826007387","","Naukri quick-apply (auto)"
"job_1790855846733_f85x5","1/10/2026, 5:27:26 pm","NAUKRI","Java Full Stack Developer","Initech Software Solutions Private Limited","Remote","APPLIED","https://www.naukri.com/job-listings-java-full-stack-developer-initech-software-solutions-private-limited-hyderabad-10-to-13-years-110926005547","","Naukri quick-apply (auto)"
"job_1790855846733_pk3q5","1/10/2026, 5:27:26 pm","NAUKRI","Java Backend Developer - 3 To 20 years","CONFIDENTIAL","Hybrid - Hyderabad, Chennai, Bengaluru","APPLIED","https://www.naukri.com/job-listings-java-backend-developer-3-to-20-years-integel-institute-of-technology-tamil-nadu-hyderabad-chennai-bengaluru-3-to-8-years-110926024667","","Naukri quick-apply (auto)"
"job_1790855846734_j5f6e","1/10/2026, 5:27:26 pm","NAUKRI","Java Full Stack Developer","eClerx","Hybrid - Bengaluru","APPLIED","https://www.naukri.com/job-listings-java-full-stack-developer-eclerx-bengaluru-5-to-8-years-040926020921","","Naukri quick-apply (auto)"
"job_1790855846734_dn8t4","1/10/2026, 5:27:26 pm","NAUKRI","Java Full Stack Developer ( Java with React )","Capgemini","Mumbai (All Areas), Bengaluru","APPLIED","https://www.naukri.com/job-listings-java-full-stack-developer-java-with-react-capgemini-bengaluru-mumbai-all-areas-6-to-9-years-080926007179","","Naukri quick-apply (auto)"
"job_1790855846734_xvzai","1/10/2026, 5:27:26 pm","NAUKRI","Java backend software engineer","Virtusa","Hyderabad, Bengaluru, Chennai","APPLIED","https://www.naukri.com/job-listings-java-backend-software-engineer-virtusa-hyderabad-chennai-bengaluru-6-to-13-years-110826012463","","Naukri quick-apply (auto)"
"job_1790855846735_zz76w","1/10/2026, 5:27:26 pm","NAUKRI","Java full stack developer","Shashwath Solution","Pune","APPLIED","https://www.naukri.com/job-listings-java-full-stack-developer-shashwath-solution-pune-0-to-1-years-200826930033","","Naukri quick-apply (auto)"
"job_1790855846735_zkheb","1/10/2026, 5:27:26 pm","NAUKRI","Java full stack developer","Shashwath Solution","Noida","APPLIED","https://www.naukri.com/job-listings-java-full-stack-developer-shashwath-solution-noida-0-to-1-years-200826922761","","Naukri quick-apply (auto)"
"job_1790855846735_uxkl3","1/10/2026, 5:27:26 pm","NAUKRI","Java Full stack Developer","Sarvaha Systems","Pune","APPLIED","https://www.naukri.com/job-listings-java-full-stack-developer-sarvaha-pune-3-to-8-years-120826920253","","Naukri quick-apply (auto)"
"job_1790855846735_adl2y","1/10/2026, 5:27:26 pm","NAUKRI","Senior Software Engineer - (Java Fullstack Angular)","Epam Systems","Hyderabad, Pune, Bengaluru","APPLIED","https://www.naukri.com/job-listings-senior-software-engineer-java-fullstack-angular-epam-systems-hyderabad-pune-bengaluru-5-to-8-years-040926018636","","Naukri quick-apply (auto)"
"job_1790855846736_ppo1w","1/10/2026, 5:27:26 pm","NAUKRI","Java Fullstack Developer (Java + Angular/React JS)","Capgemini","Bengaluru","APPLIED","https://www.naukri.com/job-listings-java-fullstack-developer-java-angular-react-js-capgemini-bengaluru-6-to-11-years-290726905381","","Naukri quick-apply (auto)"
"job_1790855846736_gjmrr","1/10/2026, 5:27:26 pm","NAUKRI","Java Fullstack with AWS/GCP cloud","CMMi Level 5 / R&D / Global Technology Company","Bengaluru, Kolkata, Pune","APPLIED","https://www.naukri.com/job-listings-java-fullstack-with-aws-gcp-cloud-cognitud-advisory-services-kolkata-pune-bengaluru-10-to-16-years-090926017085","","Naukri quick-apply (auto)"
"job_1790855846736_cx21i","1/10/2026, 5:27:26 pm","NAUKRI","Full Stack Developer Dot Net","E Edge Technology","Remote","APPLIED","https://www.naukri.com/job-listings-full-stack-developer-dot-net-e-edge-technology-ahmedabad-1-to-5-years-110926021753","","Naukri quick-apply (auto)"
"job_1790855846737_n5p8y","1/10/2026, 5:27:26 pm","NAUKRI","Fullstack Developer","Captiv Techno Solutions","Chennai(Sholinganallur)","APPLIED","https://www.naukri.com/job-listings-fullstack-developer-captiv-techno-solutions-chennai-2-to-3-years-110926017922","","Naukri quick-apply (auto)"
"job_1790855846737_5g948","1/10/2026, 5:27:26 pm","NAUKRI","Java Full Stack Developer","CONFIDENTIAL","Hybrid - Hyderabad, Chennai, Bengaluru","APPLIED","https://www.naukri.com/job-listings-java-full-stack-developer-integel-institute-of-technology-tamil-nadu-hyderabad-chennai-bengaluru-3-to-8-years-110926024712","","Naukri quick-apply (auto)"
"job_1790855846737_ul5z9","1/10/2026, 5:27:26 pm","NAUKRI","Java Developer","ADP Private Limited","Hyderabad","APPLIED","https://www.naukri.com/job-listings-java-developer-adp-private-limited-hyderabad-3-to-6-years-110926022039","","Naukri quick-apply (auto)"
"job_1790855846737_k3s82","1/10/2026, 5:27:26 pm","NAUKRI","Java Developer","Kfin Technologies","Bengaluru, Chennai","APPLIED","https://www.naukri.com/job-listings-java-developer-kfin-technologies-chennai-bengaluru-3-to-5-years-110926010504","","Naukri quick-apply (auto)"
"job_1790855846738_jgut8","1/10/2026, 5:27:26 pm","NAUKRI","Java Developer","Winjit Technologies","Mumbai","APPLIED","https://www.naukri.com/job-listings-java-developer-winjit-technologies-mumbai-3-to-5-years-070926011139","","Naukri quick-apply (auto)"
"job_1790855846738_k9ebw","1/10/2026, 5:27:26 pm","NAUKRI","Java Developer-L-A-DIAJH","Bounteous","Hybrid - Mumbai, Mumbai Suburban, Navi Mumbai","APPLIED","https://www.naukri.com/job-listings-java-developer-l-a-diajh-bounteous-mumbai-mumbai-suburban-navi-mumbai-3-to-8-years-030926033607","","Naukri quick-apply (auto)"
"job_1790855846738_bjp2o","1/10/2026, 5:27:26 pm","NAUKRI","Java React Developer","Infosys","Hybrid - Bengaluru, Pune, Chennai","APPLIED","https://www.naukri.com/job-listings-java-react-developer-infosys-pune-chennai-bengaluru-2-to-6-years-240826012293","","Naukri quick-apply (auto)"
"job_1790855846738_d6kpf","1/10/2026, 5:27:26 pm","NAUKRI","Software Engineer","Serv Infotech","Kolkata(Chandni Chowk)","APPLIED","https://www.naukri.com/job-listings-software-engineer-serv-infotech-kolkata-0-to-2-years-120926013616","","Naukri quick-apply (auto)"
"job_1790855846738_44sub","1/10/2026, 5:27:26 pm","NAUKRI","Software Engineer","Strescon Industries Ltd","Kolkata","APPLIED","https://www.naukri.com/job-listings-software-engineer-strescon-industries-ltd-kolkata-1-to-2-years-110926014208","","Naukri quick-apply (auto)"
"job_1790855846739_26p0a","1/10/2026, 5:27:26 pm","NAUKRI","Java Full Stack Developer (with React)","Crisil","Hyderabad","APPLIED","https://www.naukri.com/job-listings-java-full-stack-developer-with-react-crisil-hyderabad-5-to-12-years-120926013210","","Naukri quick-apply (auto)"
"job_1790855846739_1lckg","1/10/2026, 5:27:26 pm","NAUKRI","Java Backend developer","Neoquant Solutions","Mumbai, Navi Mumbai, Thane","APPLIED","https://www.naukri.com/job-listings-java-backend-developer-neoquant-solutions-pvt-ltd-mumbai-thane-navi-mumbai-5-to-10-years-110926916197","","Naukri quick-apply (auto)"
"job_1790855846739_3dwqf","1/10/2026, 5:27:26 pm","NAUKRI","Java Backend Developer","Coforge","Hybrid - Hyderabad, Noida, Pune","APPLIED","https://www.naukri.com/job-listings-java-backend-developer-coforge-noida-hyderabad-pune-8-to-12-years-100926020103","","Naukri quick-apply (auto)"
"job_1790855846739_y7glu","1/10/2026, 5:27:26 pm","NAUKRI","Tcs is hiring For Java Fullstack Developer_7 To 12 years_PAN India","Tata Consultancy Services","Hyderabad, Pune, Bengaluru","APPLIED","https://www.naukri.com/job-listings-tcs-is-hiring-for-java-fullstack-developer-7-to-12-years-pan-india-tata-consultancy-services-hyderabad-pune-bengaluru-7-to-12-years-130826015626","","Naukri quick-apply (auto)"
"job_1790855846739_wnkld","1/10/2026, 5:27:26 pm","NAUKRI","Java Full Stack Developer","Infovision Labs","Bengaluru","APPLIED","https://www.naukri.com/job-listings-java-full-stack-developer-infovision-labs-bengaluru-5-to-10-years-080926034972","","Naukri quick-apply (auto)"
"job_1790855846739_ne6ue","1/10/2026, 5:27:26 pm","NAUKRI","AI Systems Engineer (Full Stack)","SVaaN Global Tech Pvt Ltd","Chennai","APPLIED","https://www.naukri.com/job-listings-ai-systems-engineer-full-stack-svaan-global-tech-pvt-ltd-chennai-4-to-6-years-080926013573","","Naukri quick-apply (auto)"
"job_1790855846740_8stql","1/10/2026, 5:27:26 pm","NAUKRI","Java Full Stack Developer","MNC Group","Hybrid - Mumbai (All Areas), Pune","APPLIED","https://www.naukri.com/job-listings-java-full-stack-developer-professional-connect-pune-mumbai-all-areas-6-to-11-years-010926014389","","Naukri quick-apply (auto)"
"job_1790855846740_h8wrd","1/10/2026, 5:27:26 pm","NAUKRI","Java Spring Boot Developer","Ossisto Technologies","Ahmedabad","APPLIED","https://www.naukri.com/job-listings-java-spring-boot-developer-ossisto-technologies-ahmedabad-3-to-5-years-170826014566","","Naukri quick-apply (auto)"
"job_1790855846740_2mzd3","1/10/2026, 5:27:26 pm","NAUKRI","Java Full Stack Developer","Infosys","Pune, Chennai, Bengaluru","APPLIED","https://www.naukri.com/job-listings-java-full-stack-developer-infosys-pune-chennai-bengaluru-8-to-13-years-280126042730","","Naukri quick-apply (auto)"
"job_1790855846740_2pgtr","1/10/2026, 5:27:26 pm","NAUKRI","Java Full Stack Developer","US MNC","Chennai, Bengaluru","APPLIED","https://www.naukri.com/job-listings-java-full-stack-developer-manning-consulting-chennai-bengaluru-6-to-10-years-080926021008","","Naukri quick-apply (auto)"
"job_1790855846740_0yy6h","1/10/2026, 5:27:26 pm","NAUKRI","Java Developer - 3 To 7 years","CONFIDENTIAL","Hybrid - Hyderabad, Bengaluru, Chennai","APPLIED","https://www.naukri.com/job-listings-java-developer-3-to-7-years-integel-institute-of-technology-tamil-nadu-hyderabad-chennai-bengaluru-3-to-6-years-120926010483","","Naukri quick-apply (auto)"
"job_1790855846740_wbfo7","1/10/2026, 5:27:26 pm","LINKEDIN","Full Stack Engineer","Talentgigs","Coimbatore, Tamil Nadu, India (On-site)","APPLIED","https://www.linkedin.com/jobs/view/4465458555/","","LinkedIn Easy Apply"
"job_1790855846740_ad7xv","1/10/2026, 5:27:26 pm","NAUKRI","Software Engineer / Developer","NetM Corporate Solutions","Hybrid - Hyderabad, India, Bengaluru","APPLIED","https://www.naukri.com/job-listings-software-engineer-developer-netm-corporate-solutions-hyderabad-bengaluru-india-0-to-4-years-130926004058","","Naukri quick-apply (auto)"
"job_1790855846741_a2004","1/10/2026, 5:27:26 pm","NAUKRI","Java Backend Developer","Quess","Bengaluru","APPLIED","https://www.naukri.com/job-listings-java-backend-developer-quess-bengaluru-7-to-14-years-050926013363","","Naukri quick-apply (auto)"
"job_1790855846741_aaz7x","1/10/2026, 5:27:26 pm","NAUKRI","Java Full Stack Developer","Cloudxtreme","Hyderabad, Bengaluru, Chennai","APPLIED","https://www.naukri.com/job-listings-java-full-stack-developer-cloudxtreme-hyderabad-chennai-bengaluru-6-to-8-years-040726009391","","Naukri quick-apply (auto)"
"job_1790855846741_qyvlp","1/10/2026, 5:27:26 pm","NAUKRI","Software Engineer","Cognizant","Mumbai (All Areas), Bengaluru, Pune","APPLIED","https://www.naukri.com/job-listings-software-engineer-cognizant-pune-bengaluru-mumbai-all-areas-4-to-8-years-070926028574","","Naukri quick-apply (auto)"
"job_1790855846741_xoes8","1/10/2026, 5:27:26 pm","NAUKRI","Technical Lead - Java Backend Developer","Clover Infotech","Navi Mumbai, Mumbai (All Areas), Thane","APPLIED","https://www.naukri.com/job-listings-technical-lead-java-backend-developer-clover-infotech-thane-navi-mumbai-mumbai-all-areas-6-to-10-years-030926032553","","Naukri quick-apply (auto)"
"job_1790855846742_u42wj","1/10/2026, 5:27:26 pm","NAUKRI","Java Full Stack Developer","LTM","Hybrid - Hyderabad, Chennai","APPLIED","https://www.naukri.com/job-listings-java-full-stack-developer-ltm-hyderabad-chennai-5-to-9-years-120926015832","","Naukri quick-apply (auto)"
"job_1790855846742_v2rq4","1/10/2026, 5:27:26 pm","NAUKRI","Java fullstack developer ,GCP","Tata Consultancy Services","Bengaluru","APPLIED","https://www.naukri.com/job-listings-java-fullstack-developer-gcp-tata-consultancy-services-bengaluru-8-to-11-years-130926003319","","Naukri quick-apply (auto)"
"job_1790855846742_m6awt","1/10/2026, 5:27:26 pm","NAUKRI","Java Full Stack Developer","Tata Consultancy Services","Chennai, Bengaluru","APPLIED","https://www.naukri.com/job-listings-java-full-stack-developer-tata-consultancy-services-chennai-bengaluru-10-to-15-years-130926003388","","Naukri quick-apply (auto)"
"job_1790855846742_nhy8x","1/10/2026, 5:27:26 pm","NAUKRI","Java Spring Boot Developer","Infosys","Hybrid - Kolkata, Chennai, Bengaluru","APPLIED","https://www.naukri.com/job-listings-java-spring-boot-developer-infosys-kolkata-chennai-bengaluru-9-to-14-years-300826003911","","Naukri quick-apply (auto)"
"job_1790855846742_5bene","1/10/2026, 5:27:26 pm","NAUKRI","Java Full Stack Developer","Hexaware Technologies","Mumbai (All Areas), Pune, Chennai","APPLIED","https://www.naukri.com/job-listings-java-full-stack-developer-eglobal-hr-pune-chennai-mumbai-all-areas-6-to-16-years-310826004377","","Naukri quick-apply (auto)"
"job_1790855846743_0kw11","1/10/2026, 5:27:26 pm","LINKEDIN","Full Stack Developer","Cantellat Solutions","Hyderabad, Telangana, India (Remote)","APPLIED","https://www.linkedin.com/jobs/view/4468360926/","","LinkedIn Easy Apply"
"job_1790855846743_zjhw1","1/10/2026, 5:27:26 pm","NAUKRI","Full Stack Developer (React + Node.js)","Soul Ai","Hyderabad","APPLIED","https://www.naukri.com/job-listings-full-stack-developer-react-node-js-soul-ai-hyderabad-2-to-4-years-150926922772","","Naukri quick-apply (auto)"
"job_1790855846743_5mndz","1/10/2026, 5:27:26 pm","NAUKRI","Java Full Stack Developer","Object Technology Solutions","Hyderabad","APPLIED","https://www.naukri.com/job-listings-java-full-stack-developer-object-technology-solutions-hyderabad-2-to-6-years-150926008632","","Naukri quick-apply (auto)"
"job_1790855846743_zsn7v","1/10/2026, 5:27:26 pm","NAUKRI","Full stack Developer (Freelancer)","Soul Ai","Hyderabad","APPLIED","https://www.naukri.com/job-listings-full-stack-developer-freelancer-soul-ai-hyderabad-2-to-5-years-150926922795","","Naukri quick-apply (auto)"
"job_1790855846743_wx1on","1/10/2026, 5:27:26 pm","NAUKRI","Java - Spring Boot Expert","Soul Ai","Remote","APPLIED","https://www.naukri.com/job-listings-java-spring-boot-expert-soul-ai-hyderabad-2-to-4-years-150926923256","","Naukri quick-apply (auto)"
"job_1790855846743_ekaiv","1/10/2026, 5:27:26 pm","NAUKRI","Backend Software Engineer (Java)","Soul Ai","Remote","APPLIED","https://www.naukri.com/job-listings-backend-software-engineer-java-soul-ai-hyderabad-2-to-4-years-150926923262","","Naukri quick-apply (auto)"
"job_1790855846743_sefjd","1/10/2026, 5:27:26 pm","NAUKRI","Java Application Developer","Soul Ai","Hyderabad","APPLIED","https://www.naukri.com/job-listings-java-application-developer-soul-ai-hyderabad-2-to-4-years-150926922516","","Naukri quick-apply (auto)"
"job_1790855846744_cwph2","1/10/2026, 5:27:26 pm","NAUKRI","Java Developer","Soul Ai","Hyderabad","APPLIED","https://www.naukri.com/job-listings-java-developer-soul-ai-hyderabad-1-to-3-years-150926921165","","Naukri quick-apply (auto)"
"job_1790855846744_ei1b2","1/10/2026, 5:27:26 pm","NAUKRI","Full Stack Developer","Victrix Systems And Labs","Hyderabad","APPLIED","https://www.naukri.com/job-listings-full-stack-developer-victrix-systems-and-labs-hyderabad-6-to-8-years-160926934473","","Naukri quick-apply (auto)"
"job_1790855846744_p8sjp","1/10/2026, 5:27:26 pm","NAUKRI","Full stack Developer (Freelancer)","Soul Ai","Bengaluru","APPLIED","https://www.naukri.com/job-listings-full-stack-developer-freelancer-soul-ai-bengaluru-2-to-5-years-150926930000","","Naukri quick-apply (auto)"
"job_1790855846744_5hfu6","1/10/2026, 5:27:26 pm","NAUKRI","Java - Spring Boot Expert","Soul Ai","Remote","APPLIED","https://www.naukri.com/job-listings-java-spring-boot-expert-soul-ai-bengaluru-2-to-4-years-150926922512","","Naukri quick-apply (auto)"
"job_1790855846744_24lho","1/10/2026, 5:27:26 pm","NAUKRI","JAVA+Angular Developer - INF (2-15) YRS","Infosys","Hyderabad, Bengaluru, Chennai","APPLIED","https://www.naukri.com/job-listings-java-angular-developer-inf-2-15-yrs-infosys-hyderabad-chennai-bengaluru-2-to-7-years-170926033066","","Naukri quick-apply (auto)"
"job_1790855846745_rduht","1/10/2026, 5:27:26 pm","NAUKRI","JAVA+Angular Developer - INF (2-15) YRS","Infosys","Hyderabad, Bengaluru, Chennai","APPLIED","https://www.naukri.com/job-listings-java-angular-developer-inf-2-15-yrs-infosys-hyderabad-chennai-bengaluru-2-to-7-years-170926032578","","Naukri quick-apply (auto)"
"job_1790855846745_hg30m","1/10/2026, 5:27:26 pm","NAUKRI","Backend Software Engineer (Java)","Soul Ai","Remote","APPLIED","https://www.naukri.com/job-listings-backend-software-engineer-java-soul-ai-bengaluru-2-to-4-years-150926923271","","Naukri quick-apply (auto)"
"job_1790855846745_k75wc","1/10/2026, 5:27:26 pm","NAUKRI","Java Application Developer","Soul Ai","Bengaluru","APPLIED","https://www.naukri.com/job-listings-java-application-developer-soul-ai-bengaluru-2-to-4-years-150926922533","","Naukri quick-apply (auto)"
"job_1790855846745_zx8lr","1/10/2026, 5:27:26 pm","NAUKRI","Full Stack Engineer (Freelancer)","Soul Ai","Bengaluru","APPLIED","https://www.naukri.com/job-listings-full-stack-engineer-freelancer-soul-ai-bengaluru-1-to-5-years-150926923060","","Naukri quick-apply (auto)"
"job_1790855846745_109up","1/10/2026, 5:27:26 pm","NAUKRI","Full Stack Developer","Sadup Soft","Bengaluru, Chennai","APPLIED","https://www.naukri.com/job-listings-full-stack-developer-sadup-softech-chennai-bengaluru-5-to-7-years-170926923165","","Naukri quick-apply (auto)"
"job_1790855846746_3jlmo","1/10/2026, 5:27:26 pm","NAUKRI","Full Stack Developer","Idexcel","Mumbai (All Areas), Bengaluru, Vadodara","APPLIED","https://www.naukri.com/job-listings-full-stack-developer-idexcel-bengaluru-vadodara-mumbai-all-areas-5-to-10-years-040926011958","","Naukri quick-apply (auto)"
"job_1790855846746_izqzp","1/10/2026, 5:27:26 pm","NAUKRI","Full Stack Developer","Sataware Technologies","Remote","APPLIED","https://www.naukri.com/job-listings-full-stack-developer-sataware-technologies-bengaluru-1-to-4-years-180526007844","","Naukri quick-apply (auto)"
"job_1790855846746_5nejm","1/10/2026, 5:27:26 pm","NAUKRI","Full Stack Developer","Leading Client","Hyderabad, Bengaluru, Chennai","APPLIED","https://www.naukri.com/job-listings-full-stack-developer-radiant-systems-inc-hyderabad-chennai-bengaluru-4-to-6-years-040926923721","","Naukri quick-apply (auto)"
"job_1790855846746_pcqcl","1/10/2026, 5:27:26 pm","NAUKRI","AI FULL STACK Developer","Ekloud Data Labs","Hybrid - Bengaluru","APPLIED","https://www.naukri.com/job-listings-ai-full-stack-developer-ekloud-data-labs-bengaluru-5-to-10-years-070926005031","","Naukri quick-apply (auto)"
"job_1790855846746_cp0l6","1/10/2026, 5:27:26 pm","NAUKRI","Full Stack Developer","Leading Client","Bengaluru","APPLIED","https://www.naukri.com/job-listings-full-stack-developer-purview-india-consulting-and-services-llp-bengaluru-6-to-10-years-160926922760","","Naukri quick-apply (auto)"
"job_1790855846746_07r1i","1/10/2026, 5:27:26 pm","NAUKRI","Google Full Stack Developer-US based MNC","BOT Tech","Hybrid - Bengaluru, Noida, Pune, Gurugram","APPLIED","https://www.naukri.com/job-listings-google-full-stack-developer-us-based-mnc-bot-tech-noida-pune-gurugram-bengaluru-5-to-10-years-150926007465","","Naukri quick-apply (auto)"
"job_1790855846747_9i9ki","1/10/2026, 5:27:26 pm","NAUKRI","Full Stack Developer","Leading Client","Udaipur","APPLIED","https://www.naukri.com/job-listings-full-stack-developer-rudr-consultancy-services-udaipur-2-to-6-years-150926932317","","Naukri quick-apply (auto)"
"job_1790855846747_sxq08","1/10/2026, 5:27:26 pm","NAUKRI","Full Stack Developer","Bamigos","New Delhi(Lajpat Nagar)","APPLIED","https://www.naukri.com/job-listings-full-stack-developer-bamigos-new-delhi-1-to-3-years-150926007400","","Naukri quick-apply (auto)"
"job_1790855846747_qedcf","1/10/2026, 5:27:26 pm","NAUKRI","Full Stack Developer","Leading Client","Jaipur","APPLIED","https://www.naukri.com/job-listings-full-stack-developer-rudr-consultancy-services-jaipur-1-to-3-years-160926938425","","Naukri quick-apply (auto)"
"job_1790855846747_7rjau","1/10/2026, 5:27:26 pm","NAUKRI","Full Stack Developer","Leading Client","Jaipur","APPLIED","https://www.naukri.com/job-listings-full-stack-developer-rudr-consultancy-services-jaipur-1-to-3-years-160926937098","","Naukri quick-apply (auto)"
"job_1790855846748_4iefx","1/10/2026, 5:27:26 pm","NAUKRI","Full Stack Developer","Leading Client","Jaipur","APPLIED","https://www.naukri.com/job-listings-full-stack-developer-rudr-consultancy-services-jaipur-1-to-3-years-160926934168","","Naukri quick-apply (auto)"
"job_1790855846748_ebk73","1/10/2026, 5:27:26 pm","NAUKRI","Full Stack Developer","Leading Client","Jaipur","APPLIED","https://www.naukri.com/job-listings-full-stack-developer-rudr-consultancy-services-jaipur-1-to-5-years-150926931176","","Naukri quick-apply (auto)"
"job_1790855846748_q4s0k","1/10/2026, 5:27:26 pm","NAUKRI","Full Stack Developer (React + Node.js)","Soul Ai","Remote","APPLIED","https://www.naukri.com/job-listings-full-stack-developer-react-node-js-soul-ai-mumbai-2-to-4-years-150926922826","","Naukri quick-apply (auto)"
"job_1790855846748_ufds5","1/10/2026, 5:27:26 pm","NAUKRI","java+reactjs (2-15)-INF","Infosys","Hyderabad, Chennai, Bengaluru","APPLIED","https://www.naukri.com/job-listings-java-reactjs-2-15-inf-infosys-hyderabad-chennai-bengaluru-2-to-3-years-270726031005","","Naukri quick-apply (auto)"
"job_1790855846749_6xd8d","1/10/2026, 5:27:26 pm","NAUKRI_EXTERNAL","Custom Software Engineer","Accenture","Hyderabad","EXTERNAL","https://www.naukri.com/job-listings-custom-software-engineer-accenture-solutions-pvt-ltd-hyderabad-2-to-5-years-310826920170","https://www.naukri.com/job-listings-custom-software-engineer-accenture-solutions-pvt-ltd-hyderabad-2-to-5-years-310826920170","Captured form state (3 fields)"
"job_1790855846749_49x6l","1/10/2026, 5:27:26 pm","NAUKRI_EXTERNAL","Application Developer","Accenture","Hyderabad, Mumbai","EXTERNAL","https://www.naukri.com/job-listings-application-developer-accenture-solutions-pvt-ltd-mumbai-hyderabad-2-to-5-years-170826921174","https://www.naukri.com/job-listings-application-developer-accenture-solutions-pvt-ltd-mumbai-hyderabad-2-to-5-years-170826921174","Captured form state (0 fields)"
"job_1790855846749_z3wt9","1/10/2026, 5:27:26 pm","NAUKRI_EXTERNAL","Software Development Engineer","Accenture","Hyderabad","EXTERNAL","https://www.naukri.com/job-listings-software-development-engineer-accenture-solutions-pvt-ltd-hyderabad-1-to-4-years-170826923848","https://www.naukri.com/job-listings-software-development-engineer-accenture-solutions-pvt-ltd-hyderabad-1-to-4-years-170826923848","Captured form state (0 fields)"
"job_1790855846749_qk9qa","1/10/2026, 5:27:26 pm","NAUKRI_EXTERNAL","Application Developer","Accenture","Hyderabad","EXTERNAL","https://www.naukri.com/job-listings-application-developer-accenture-solutions-pvt-ltd-hyderabad-2-to-5-years-310826918711","https://www.naukri.com/job-listings-application-developer-accenture-solutions-pvt-ltd-hyderabad-2-to-5-years-310826918711","Captured form state (0 fields)"
"job_1790855846749_q9zpz","1/10/2026, 5:27:26 pm","NAUKRI_EXTERNAL","Application Developer","Accenture","Hyderabad","EXTERNAL","https://www.naukri.com/job-listings-application-developer-accenture-solutions-pvt-ltd-hyderabad-2-to-5-years-310826917881","https://www.naukri.com/job-listings-application-developer-accenture-solutions-pvt-ltd-hyderabad-2-to-5-years-310826917881","Captured form state (0 fields)"
"job_1790855846750_lg8rq","1/10/2026, 5:27:26 pm","NAUKRI_EXTERNAL","Application Developer","Accenture","Hyderabad","EXTERNAL","https://www.naukri.com/job-listings-application-developer-accenture-solutions-pvt-ltd-hyderabad-2-to-5-years-010926932687","https://www.naukri.com/job-listings-application-developer-accenture-solutions-pvt-ltd-hyderabad-2-to-5-years-010926932687","Captured form state (0 fields)"
"job_1790855846750_eps2n","1/10/2026, 5:27:26 pm","NAUKRI_EXTERNAL","Java Developer Spring Boot Flink & Kafka","Stellar Technologies","Hyderabad, Mumbai, Kolkata, New Delhi, Pune, Chennai, Bengaluru","EXTERNAL","https://www.naukri.com/job-listings-java-developer-spring-boot-flink-kafka-stellar-technologies-kolkata-mumbai-new-delhi-hyderabad-pune-chennai-bengaluru-2-to-4-years-220525505217","https://www.naukri.com/job-listings-java-developer-spring-boot-flink-kafka-stellar-technologies-kolkata-mumbai-new-delhi-hyderabad-pune-chennai-bengaluru-2-to-4-years-220525505217","Captured form state (3 fields)"
"job_1790855846750_4pjn6","1/10/2026, 5:27:26 pm","NAUKRI_EXTERNAL","Custom Software Engineer","Accenture","Hyderabad","EXTERNAL","https://www.naukri.com/job-listings-custom-software-engineer-accenture-solutions-pvt-ltd-hyderabad-3-to-5-years-310826918541","https://www.naukri.com/job-listings-custom-software-engineer-accenture-solutions-pvt-ltd-hyderabad-3-to-5-years-310826918541","Captured form state (3 fields)"
"job_1790855846750_fz9rx","1/10/2026, 5:27:26 pm","NAUKRI_EXTERNAL","Application Developer-Cloud FullStack","IBM","Hyderabad","EXTERNAL","https://www.naukri.com/job-listings-application-developer-cloud-fullstack-ibm-india-pvt-limited-hyderabad-3-to-8-years-260826923637","https://www.naukri.com/job-listings-application-developer-cloud-fullstack-ibm-india-pvt-limited-hyderabad-3-to-8-years-260826923637","Captured form state (3 fields)"
"job_1790855846750_1y73h","1/10/2026, 5:27:26 pm","NAUKRI_EXTERNAL","Full Stack Developer - Java","Proounce","Hyderabad, Mumbai, Kolkata, New Delhi, Pune, Chennai, Bengaluru","EXTERNAL","https://www.naukri.com/job-listings-full-stack-developer-java-proounce-solutions-private-limited-kolkata-mumbai-new-delhi-hyderabad-pune-chennai-bengaluru-6-to-10-years-141024501812","https://www.naukri.com/job-listings-full-stack-developer-java-proounce-solutions-private-limited-kolkata-mumbai-new-delhi-hyderabad-pune-chennai-bengaluru-6-to-10-years-141024501812","Captured form state (3 fields)"
"job_1790855846750_3yai2","1/10/2026, 5:27:26 pm","NAUKRI_EXTERNAL","Full Stack Developer - Project Alpha","Avataa Solutions","Hyderabad","EXTERNAL","https://www.naukri.com/job-listings-full-stack-developer-project-alpha-avataa-solutions-hyderabad-3-to-7-years-150526502877","https://www.naukri.com/job-listings-full-stack-developer-project-alpha-avataa-solutions-hyderabad-3-to-7-years-150526502877","Captured form state (3 fields)"
"job_1790855846750_b94z1","1/10/2026, 5:27:26 pm","NAUKRI_EXTERNAL","AI Augmented Full Stack Engineer","I5 Systems","Hyderabad","EXTERNAL","https://www.naukri.com/job-listings-ai-augmented-full-stack-engineer-i5-systems-hyderabad-3-to-7-years-010526502998","https://www.naukri.com/job-listings-ai-augmented-full-stack-engineer-i5-systems-hyderabad-3-to-7-years-010526502998","Captured form state (3 fields)"
"job_1790855846750_k8880","1/10/2026, 5:27:26 pm","NAUKRI_EXTERNAL","Custom Software Engineer","Accenture","Hyderabad","EXTERNAL","https://www.naukri.com/job-listings-custom-software-engineer-accenture-solutions-pvt-ltd-hyderabad-3-to-8-years-240826926095","https://www.naukri.com/job-listings-custom-software-engineer-accenture-solutions-pvt-ltd-hyderabad-3-to-8-years-240826926095","Captured form state (3 fields)"
"job_1790855846751_zc7bn","1/10/2026, 5:27:26 pm","NAUKRI_EXTERNAL","Java Full Stack Developer","Annnetwork","Hyderabad","EXTERNAL","https://www.naukri.com/job-listings-java-full-stack-developer-annnetwork-hyderabad-3-to-5-years-121125501120","https://www.naukri.com/job-listings-java-full-stack-developer-annnetwork-hyderabad-3-to-5-years-121125501120","Captured form state (3 fields)"
"job_1790855846751_snllg","1/10/2026, 5:27:26 pm","NAUKRI_EXTERNAL","Custom Software Engineer","Accenture","Hyderabad","EXTERNAL","https://www.naukri.com/job-listings-custom-software-engineer-accenture-solutions-pvt-ltd-hyderabad-2-to-5-years-110826934178","https://www.naukri.com/job-listings-custom-software-engineer-accenture-solutions-pvt-ltd-hyderabad-2-to-5-years-110826934178","Captured form state (3 fields)"
"job_1790855846751_znhi2","1/10/2026, 5:27:26 pm","NAUKRI_EXTERNAL","Java + React Full Stack Developer","Orbion Infotech","Hyderabad","EXTERNAL","https://www.naukri.com/job-listings-java-react-full-stack-developer-orbion-infotech-hyderabad-7-to-8-years-010926503869","https://www.naukri.com/job-listings-java-react-full-stack-developer-orbion-infotech-hyderabad-7-to-8-years-010926503869","Captured form state (47 fields)"
"job_1790855846751_ns0hd","1/10/2026, 5:27:26 pm","NAUKRI_EXTERNAL","Application Developer","Accenture","Hyderabad, Mumbai","EXTERNAL","https://www.naukri.com/job-listings-application-developer-accenture-solutions-pvt-ltd-mumbai-hyderabad-3-to-8-years-110826931532","https://www.naukri.com/job-listings-application-developer-accenture-solutions-pvt-ltd-mumbai-hyderabad-3-to-8-years-110826931532","Captured form state (0 fields)"
"job_1790855846751_5riq1","1/10/2026, 5:27:26 pm","NAUKRI_EXTERNAL","Application Developer","Accenture","Hyderabad","EXTERNAL","https://www.naukri.com/job-listings-application-developer-accenture-solutions-pvt-ltd-hyderabad-2-to-5-years-170826925605","https://www.naukri.com/job-listings-application-developer-accenture-solutions-pvt-ltd-hyderabad-2-to-5-years-170826925605","Captured form state (0 fields)"
"job_1790855846752_y85o6","1/10/2026, 5:27:26 pm","NAUKRI_EXTERNAL","Application Developer","Accenture","Hyderabad","EXTERNAL","https://www.naukri.com/job-listings-application-developer-accenture-solutions-pvt-ltd-hyderabad-2-to-5-years-170826924949","https://www.naukri.com/job-listings-application-developer-accenture-solutions-pvt-ltd-hyderabad-2-to-5-years-170826924949","Captured form state (0 fields)"
"job_1790855846752_y86rc","1/10/2026, 5:27:26 pm","NAUKRI_EXTERNAL","Application Developer","Accenture","Hyderabad","EXTERNAL","https://www.naukri.com/job-listings-application-developer-accenture-solutions-pvt-ltd-hyderabad-2-to-5-years-310826918599","https://www.naukri.com/job-listings-application-developer-accenture-solutions-pvt-ltd-hyderabad-2-to-5-years-310826918599","Captured form state (0 fields)"
"job_1790855846752_hn9ia","1/10/2026, 5:27:26 pm","NAUKRI_EXTERNAL","Java Developer","Maig Innovations","Hyderabad, Mumbai, Kolkata, New Delhi, Pune, Chennai, Bengaluru","EXTERNAL","https://www.naukri.com/job-listings-java-developer-maig-innovations-kolkata-mumbai-new-delhi-hyderabad-pune-chennai-bengaluru-2-to-6-years-250825500691","https://www.naukri.com/job-listings-java-developer-maig-innovations-kolkata-mumbai-new-delhi-hyderabad-pune-chennai-bengaluru-2-to-6-years-250825500691","Captured form state (3 fields)"
"job_1790855846752_chun4","1/10/2026, 5:27:26 pm","NAUKRI_EXTERNAL","JAVA With Angular10","Krazy Mantra It","Hyderabad, Mumbai, Kolkata, New Delhi, Pune, Chennai, Bengaluru","EXTERNAL","https://www.naukri.com/job-listings-java-with-angular10-krazy-mantra-group-of-companies-kolkata-mumbai-new-delhi-hyderabad-pune-chennai-bengaluru-1-to-4-years-220425502894","https://www.naukri.com/job-listings-java-with-angular10-krazy-mantra-group-of-companies-kolkata-mumbai-new-delhi-hyderabad-pune-chennai-bengaluru-1-to-4-years-220425502894","Captured form state (3 fields)"
"job_1790855846752_y3c4e","1/10/2026, 5:27:26 pm","NAUKRI_EXTERNAL","Japanese Language Specialist","Logic Planet","Hyderabad, Mumbai, Kolkata, New Delhi, Pune, Chennai, Bengaluru","EXTERNAL","https://www.naukri.com/job-listings-japanese-language-specialist-logicplanet-it-services-kolkata-mumbai-new-delhi-hyderabad-pune-chennai-bengaluru-1-to-2-years-200226504886","https://www.naukri.com/job-listings-japanese-language-specialist-logicplanet-it-services-kolkata-mumbai-new-delhi-hyderabad-pune-chennai-bengaluru-1-to-2-years-200226504886","Captured form state (0 fields)"
"job_1790855846753_mgke5","1/10/2026, 5:27:26 pm","NAUKRI_EXTERNAL","Java Engineer","Logic Planet","Hyderabad, Mumbai, Kolkata, New Delhi, Pune, Chennai, Bengaluru","EXTERNAL","https://www.naukri.com/job-listings-java-engineer-logicplanet-it-services-kolkata-mumbai-new-delhi-hyderabad-pune-chennai-bengaluru-3-to-10-years-200226504797","https://www.naukri.com/job-listings-java-engineer-logicplanet-it-services-kolkata-mumbai-new-delhi-hyderabad-pune-chennai-bengaluru-3-to-10-years-200226504797","Captured form state (3 fields)"
"job_1790855846753_m2fbf","1/10/2026, 5:27:26 pm","NAUKRI_EXTERNAL","Backend Developer","iii Consultig","Hyderabad","EXTERNAL","https://www.naukri.com/job-listings-backend-developer-iii-consulting-private-limited-hyderabad-2-to-5-years-290126501051","https://www.naukri.com/job-listings-backend-developer-iii-consulting-private-limited-hyderabad-2-to-5-years-290126501051","Captured form state (3 fields)"
"job_1790855846753_h15wk","1/10/2026, 5:27:26 pm","NAUKRI_EXTERNAL","Software Developer (Frontend/Backend/Full Stack)","Straina Technologies","Hyderabad","EXTERNAL","https://www.naukri.com/job-listings-software-developer-frontend-backend-full-stack-straina-technologies-hyderabad-0-to-5-years-110725500478","https://www.naukri.com/job-listings-software-developer-frontend-backend-full-stack-straina-technologies-hyderabad-0-to-5-years-110725500478","Captured form state (3 fields)"
"job_1790855846753_jsins","1/10/2026, 5:27:26 pm","NAUKRI_EXTERNAL","Full Stack Developer","Sprintpark","Hyderabad","EXTERNAL","https://www.naukri.com/job-listings-full-stack-developer-sprintpark-hyderabad-3-to-6-years-110626504893","https://www.naukri.com/job-listings-full-stack-developer-sprintpark-hyderabad-3-to-6-years-110626504893","Captured form state (3 fields)"
"job_1790855846753_7pxm0","1/10/2026, 5:27:26 pm","NAUKRI_EXTERNAL","Sr. Backend Developer Java/Spring Boot","Photon","Hyderabad","EXTERNAL","https://www.naukri.com/job-listings-sr-backend-developer-java-spring-boot-photon-infotech-p-ltd-hyderabad-4-to-8-years-090626503769","https://www.naukri.com/job-listings-sr-backend-developer-java-spring-boot-photon-infotech-p-ltd-hyderabad-4-to-8-years-090626503769","Captured form state (3 fields)"
"job_1790855846753_bazpp","1/10/2026, 5:27:26 pm","NAUKRI_EXTERNAL","Application Developer","Accenture","Hyderabad","EXTERNAL","https://www.naukri.com/job-listings-application-developer-accenture-solutions-pvt-ltd-hyderabad-2-to-5-years-240826926507","https://www.naukri.com/job-listings-application-developer-accenture-solutions-pvt-ltd-hyderabad-2-to-5-years-240826926507","Captured form state (0 fields)"
"job_1790855846753_v0538","1/10/2026, 5:27:26 pm","NAUKRI_EXTERNAL","Application Developer","Accenture","Hyderabad","EXTERNAL","https://www.naukri.com/job-listings-application-developer-accenture-solutions-pvt-ltd-hyderabad-2-to-5-years-240826926139","https://www.naukri.com/job-listings-application-developer-accenture-solutions-pvt-ltd-hyderabad-2-to-5-years-240826926139","Captured form state (0 fields)"
"job_1790855846753_xfcyv","1/10/2026, 5:27:26 pm","NAUKRI_EXTERNAL","Application Developer","Accenture","Hyderabad","EXTERNAL","https://www.naukri.com/job-listings-application-developer-accenture-solutions-pvt-ltd-hyderabad-2-to-5-years-240826924983","https://www.naukri.com/job-listings-application-developer-accenture-solutions-pvt-ltd-hyderabad-2-to-5-years-240826924983","Captured form state (0 fields)"
"job_1790855846753_zk4aq","1/10/2026, 5:27:26 pm","NAUKRI_EXTERNAL","Application Developer","Accenture","Hyderabad, Mumbai","EXTERNAL","https://www.naukri.com/job-listings-application-developer-accenture-solutions-pvt-ltd-mumbai-hyderabad-5-to-10-years-240826923099","https://www.naukri.com/job-listings-application-developer-accenture-solutions-pvt-ltd-mumbai-hyderabad-5-to-10-years-240826923099","Captured form state (0 fields)"
"job_1790855846754_nb78f","1/10/2026, 5:27:26 pm","NAUKRI_EXTERNAL","Custom Software Engineer","Accenture","Hyderabad","EXTERNAL","https://www.naukri.com/job-listings-custom-software-engineer-accenture-solutions-pvt-ltd-hyderabad-2-to-7-years-170826927166","https://www.naukri.com/job-listings-custom-software-engineer-accenture-solutions-pvt-ltd-hyderabad-2-to-7-years-170826927166","Captured form state (3 fields)"
"job_1790855846754_j0ocd","1/10/2026, 5:27:26 pm","NAUKRI_EXTERNAL","Custom Software Engineer","Accenture","Hyderabad","EXTERNAL","https://www.naukri.com/job-listings-custom-software-engineer-accenture-solutions-pvt-ltd-hyderabad-3-to-5-years-170826927125","https://www.naukri.com/job-listings-custom-software-engineer-accenture-solutions-pvt-ltd-hyderabad-3-to-5-years-170826927125","Captured form state (3 fields)"
"job_1790855846754_b519w","1/10/2026, 5:27:26 pm","NAUKRI_EXTERNAL","Senior Software Engineer, IN","DAZN","Hyderabad","EXTERNAL","https://www.naukri.com/job-listings-senior-software-engineer-in-dazn-group-hyderabad-3-to-7-years-030626501778","https://www.naukri.com/job-listings-senior-software-engineer-in-dazn-group-hyderabad-3-to-7-years-030626501778","Captured form state (3 fields)"
"job_1790855846754_gor5w","1/10/2026, 5:27:26 pm","NAUKRI_EXTERNAL","Java Full Stack Developer","Logic Planet","Hyderabad, Mumbai, Kolkata, New Delhi, Pune, Chennai, Bengaluru","EXTERNAL","https://www.naukri.com/job-listings-java-full-stack-developer-logicplanet-it-services-kolkata-mumbai-new-delhi-hyderabad-pune-chennai-bengaluru-5-to-10-years-200226504857","https://www.naukri.com/job-listings-java-full-stack-developer-logicplanet-it-services-kolkata-mumbai-new-delhi-hyderabad-pune-chennai-bengaluru-5-to-10-years-200226504857","Captured form state (3 fields)"
"job_1790855846754_rcl67","1/10/2026, 5:27:26 pm","NAUKRI_EXTERNAL","Custom Software Engineer","Accenture","Hyderabad","EXTERNAL","https://www.naukri.com/job-listings-custom-software-engineer-accenture-solutions-pvt-ltd-hyderabad-3-to-8-years-010926918669","https://www.naukri.com/job-listings-custom-software-engineer-accenture-solutions-pvt-ltd-hyderabad-3-to-8-years-010926918669","Captured form state (3 fields)"
"job_1790855846754_e5110","1/10/2026, 5:27:26 pm","NAUKRI_EXTERNAL","Java Fullstack Developer","PSRTEK","Hyderabad","EXTERNAL","https://www.naukri.com/job-listings-java-fullstack-developer-psr-tek-hyderabad-7-to-12-years-280526505337","https://www.naukri.com/job-listings-java-fullstack-developer-psr-tek-hyderabad-7-to-12-years-280526505337","Captured form state (3 fields)"
"job_1790855846754_2fy8p","1/10/2026, 5:27:26 pm","NAUKRI_EXTERNAL","Software Development Engineer","Accenture","Hyderabad","EXTERNAL","https://www.naukri.com/job-listings-software-development-engineer-accenture-solutions-pvt-ltd-hyderabad-1-to-4-years-170826926015","https://www.naukri.com/job-listings-software-development-engineer-accenture-solutions-pvt-ltd-hyderabad-1-to-4-years-170826926015","Captured form state (0 fields)"
"job_1790855846755_mujub","1/10/2026, 5:27:26 pm","NAUKRI_EXTERNAL","Application Developer","Accenture","Hyderabad","EXTERNAL","https://www.naukri.com/job-listings-application-developer-accenture-solutions-pvt-ltd-hyderabad-3-to-8-years-170826925093","https://www.naukri.com/job-listings-application-developer-accenture-solutions-pvt-ltd-hyderabad-3-to-8-years-170826925093","Captured form state (0 fields)"
"job_1790855846755_cx472","1/10/2026, 5:27:26 pm","NAUKRI_EXTERNAL","Application Developer","Accenture","Hyderabad","EXTERNAL","https://www.naukri.com/job-listings-application-developer-accenture-solutions-pvt-ltd-hyderabad-3-to-8-years-030826919821","https://www.naukri.com/job-listings-application-developer-accenture-solutions-pvt-ltd-hyderabad-3-to-8-years-030826919821","Captured form state (0 fields)"
"job_1790855846755_2o4pi","1/10/2026, 5:27:26 pm","NAUKRI_EXTERNAL","Full Stack Developer - , - JPMC","Photon","Hyderabad, Mumbai, Kolkata, New Delhi, Pune, Chennai, Bengaluru","EXTERNAL","https://www.naukri.com/job-listings-full-stack-developer-jpmc-photon-infotech-p-ltd-kolkata-mumbai-new-delhi-hyderabad-pune-chennai-bengaluru-3-to-4-years-260425502132","https://www.naukri.com/job-listings-full-stack-developer-jpmc-photon-infotech-p-ltd-kolkata-mumbai-new-delhi-hyderabad-pune-chennai-bengaluru-3-to-4-years-260425502132","Captured form state (3 fields)"
"job_1790855846755_okn9w","1/10/2026, 5:27:26 pm","NAUKRI_EXTERNAL","Java Developer","Maig Innovations","Hyderabad, Mumbai, Kolkata, New Delhi, Pune, Chennai, Bengaluru","EXTERNAL","https://www.naukri.com/job-listings-java-developer-maig-innovations-kolkata-mumbai-new-delhi-hyderabad-pune-chennai-bengaluru-2-to-6-years-210825500487","https://www.naukri.com/job-listings-java-developer-maig-innovations-kolkata-mumbai-new-delhi-hyderabad-pune-chennai-bengaluru-2-to-6-years-210825500487","Captured form state (3 fields)"
"job_1790855846755_nvpag","1/10/2026, 5:27:26 pm","NAUKRI_EXTERNAL","Teach Lead - Full Stack","Photon","Hyderabad, Mumbai, Kolkata, New Delhi, Pune, Chennai, Bengaluru","EXTERNAL","https://www.naukri.com/job-listings-teach-lead-full-stack-photon-infotech-p-ltd-kolkata-mumbai-new-delhi-hyderabad-pune-chennai-bengaluru-3-to-7-years-180225504708","https://www.naukri.com/job-listings-teach-lead-full-stack-photon-infotech-p-ltd-kolkata-mumbai-new-delhi-hyderabad-pune-chennai-bengaluru-3-to-7-years-180225504708","Captured form state (3 fields)"
"job_1790855846756_3fhkx","1/10/2026, 5:27:26 pm","NAUKRI_EXTERNAL","Java Developer","Logic Planet","Hyderabad, Mumbai, Kolkata, New Delhi, Pune, Chennai, Bengaluru","EXTERNAL","https://www.naukri.com/job-listings-java-developer-logicplanet-it-services-kolkata-mumbai-new-delhi-hyderabad-pune-chennai-bengaluru-3-to-6-years-200226504809","https://www.naukri.com/job-listings-java-developer-logicplanet-it-services-kolkata-mumbai-new-delhi-hyderabad-pune-chennai-bengaluru-3-to-6-years-200226504809","Captured form state (3 fields)"
"job_1790855846756_2wg8e","1/10/2026, 5:27:26 pm","NAUKRI_EXTERNAL","backend developer","iii Consultig","Hyderabad","EXTERNAL","https://www.naukri.com/job-listings-backend-developer-iii-consulting-private-limited-hyderabad-2-to-5-years-290126501136","https://www.naukri.com/job-listings-backend-developer-iii-consulting-private-limited-hyderabad-2-to-5-years-290126501136","Captured form state (3 fields)"
"job_1790855846756_rl4e8","1/10/2026, 5:27:26 pm","NAUKRI_EXTERNAL","Full Stack Developer","Whopper Technologies","Hyderabad","EXTERNAL","https://www.naukri.com/job-listings-full-stack-developer-whopper-technologies-hyderabad-2-to-5-years-280325501626","https://www.naukri.com/job-listings-full-stack-developer-whopper-technologies-hyderabad-2-to-5-years-280325501626","Captured form state (3 fields)"
"job_1790855846756_3we4k","1/10/2026, 5:27:26 pm","NAUKRI_EXTERNAL","Full Stack Developer","Leadstocompany","Hyderabad","EXTERNAL","https://www.naukri.com/job-listings-full-stack-developer-leads-to-company-hyderabad-3-to-6-years-260626500650","https://www.naukri.com/job-listings-full-stack-developer-leads-to-company-hyderabad-3-to-6-years-260626500650","Captured form state (3 fields)"
"job_1790855846756_5iveh","1/10/2026, 5:27:26 pm","NAUKRI_EXTERNAL","Camunda Developer","Instasmart Software Solutions","Hyderabad","EXTERNAL","https://www.naukri.com/job-listings-camunda-developer-instasmart-software-solutions-hyderabad-2-to-7-years-210525505313","https://www.naukri.com/job-listings-camunda-developer-instasmart-software-solutions-hyderabad-2-to-7-years-210525505313","Captured form state (0 fields)"
"job_1790855846757_ku9v8","1/10/2026, 5:27:26 pm","NAUKRI_EXTERNAL","Intersystem Cache Developer","SIS Software","Hyderabad","EXTERNAL","https://www.naukri.com/job-listings-intersystem-cache-developer-sis-software-india-private-limited-hyderabad-2-to-6-years-200526501215","https://www.naukri.com/job-listings-intersystem-cache-developer-sis-software-india-private-limited-hyderabad-2-to-6-years-200526501215","Captured form state (0 fields)"
"job_1790855846757_2ommd","1/10/2026, 5:27:26 pm","NAUKRI_EXTERNAL","Java - Team Lead","Tileti Eemeze Soft Tech","Hyderabad","EXTERNAL","https://www.naukri.com/job-listings-java-team-lead-tileti-eemeze-soft-tech-india-pvt-ltd-hyderabad-1-to-5-years-191218500260","https://www.naukri.com/job-listings-java-team-lead-tileti-eemeze-soft-tech-india-pvt-ltd-hyderabad-1-to-5-years-191218500260","Captured form state (3 fields)"
"job_1790855846757_abigt","1/10/2026, 5:27:26 pm","NAUKRI_EXTERNAL","Java Developer - Senior","Tileti Eemeze Soft Tech","Hyderabad","EXTERNAL","https://www.naukri.com/job-listings-java-developer-senior-tileti-eemeze-soft-tech-india-pvt-ltd-hyderabad-1-to-5-years-191218500252","https://www.naukri.com/job-listings-java-developer-senior-tileti-eemeze-soft-tech-india-pvt-ltd-hyderabad-1-to-5-years-191218500252","Captured form state (3 fields)"
"job_1790855846757_g1d13","1/10/2026, 5:27:26 pm","NAUKRI_EXTERNAL","Full Stack Developer","Hanivisu","Hyderabad","EXTERNAL","https://www.naukri.com/job-listings-full-stack-developer-hanivisu-technologies-hyderabad-3-to-8-years-140525501881","https://www.naukri.com/job-listings-full-stack-developer-hanivisu-technologies-hyderabad-3-to-8-years-140525501881","Captured form state (3 fields)"
"job_1790855846757_2kbk6","1/10/2026, 5:27:26 pm","NAUKRI_EXTERNAL","Full Stack Developer","Brand O Box","Hyderabad","EXTERNAL","https://www.naukri.com/job-listings-full-stack-developer-brand-o-box-hyderabad-1-to-5-years-131125503887","https://www.naukri.com/job-listings-full-stack-developer-brand-o-box-hyderabad-1-to-5-years-131125503887","Captured form state (3 fields)"
"job_1790855846757_axr3e","1/10/2026, 5:27:26 pm","NAUKRI_EXTERNAL","Java Developer","Hawk Sense Business Solutions","Hyderabad","EXTERNAL","https://www.naukri.com/job-listings-java-developer-hawk-sense-business-solutions-hyderabad-2-to-5-years-130126505710","https://www.naukri.com/job-listings-java-developer-hawk-sense-business-solutions-hyderabad-2-to-5-years-130126505710","Captured form state (3 fields)"
"job_1790855846758_kajw1","1/10/2026, 5:27:26 pm","NAUKRI","SR . Computer Systems Engineers","Disha Systems India","Hyderabad","EXTERNAL","https://www.naukri.com/job-listings-sr-computer-systems-engineers-disha-systems-india-private-limited-hyderabad-2-to-5-years-110626504575","https://www.naukri.com/job-listings-sr-computer-systems-engineers-disha-systems-india-private-limited-hyderabad-2-to-5-years-110626504575","External — apply manually"
"job_1790855846758_df8zo","1/10/2026, 5:27:26 pm","NAUKRI_EXTERNAL","Senior Backend Developer","iii Consultig","Hyderabad","EXTERNAL","https://www.naukri.com/job-listings-senior-backend-developer-iii-consulting-private-limited-hyderabad-3-to-5-years-101025501808","https://www.naukri.com/job-listings-senior-backend-developer-iii-consulting-private-limited-hyderabad-3-to-5-years-101025501808","Captured form state (3 fields)"
"job_1790855846758_p5cbn","1/10/2026, 5:27:26 pm","NAUKRI_EXTERNAL","Full Stack JS Developer","Signitives","Hyderabad","EXTERNAL","https://www.naukri.com/job-listings-full-stack-js-developer-signitives-hyderabad-2-to-6-years-090724502315","https://www.naukri.com/job-listings-full-stack-js-developer-signitives-hyderabad-2-to-6-years-090724502315","Captured form state (3 fields)"
"job_1790855846758_wubr1","1/10/2026, 5:27:26 pm","NAUKRI_EXTERNAL","Application Developer-Cloud Fullstack","IBM","Hyderabad","EXTERNAL","https://www.naukri.com/job-listings-application-developer-cloud-fullstack-ibm-india-pvt-limited-hyderabad-5-to-10-years-010926927346","https://www.naukri.com/job-listings-application-developer-cloud-fullstack-ibm-india-pvt-limited-hyderabad-5-to-10-years-010926927346","Captured form state (3 fields)"
"job_1790855846758_28iac","1/10/2026, 5:27:26 pm","NAUKRI","Application Developer","Appizion Consulting & Solutions","Hyderabad","EXTERNAL","https://www.naukri.com/job-listings-application-developer-appizion-consulting-solutions-hyderabad-1-to-8-years-200826503823","https://www.naukri.com/job-listings-application-developer-appizion-consulting-solutions-hyderabad-1-to-8-years-200826503823","External — apply manually"
"job_1790855846758_7gg2r","1/10/2026, 5:27:26 pm","NAUKRI_EXTERNAL","Java Full Stack Developer","Tquanta Technologies","Hyderabad","EXTERNAL","https://www.naukri.com/job-listings-java-full-stack-developer-tquanta-technologies-hyderabad-3-to-7-years-301225502015","https://www.naukri.com/job-listings-java-full-stack-developer-tquanta-technologies-hyderabad-3-to-7-years-301225502015","Captured form state (3 fields)"
"job_1790855846758_s39el","1/10/2026, 5:27:26 pm","NAUKRI_EXTERNAL","Java Full Stack Developer","Photon","Hyderabad, Mumbai, Kolkata, New Delhi, Pune, Chennai, Bengaluru","EXTERNAL","https://www.naukri.com/job-listings-java-full-stack-developer-photon-infotech-p-ltd-kolkata-mumbai-new-delhi-hyderabad-pune-chennai-bengaluru-8-to-12-years-210725502184","https://www.naukri.com/job-listings-java-full-stack-developer-photon-infotech-p-ltd-kolkata-mumbai-new-delhi-hyderabad-pune-chennai-bengaluru-8-to-12-years-210725502184","Captured form state (3 fields)"
"job_1790855846759_rt6rw","1/10/2026, 5:27:26 pm","NAUKRI_EXTERNAL","Custom Software Engineer","Accenture","Hyderabad","EXTERNAL","https://www.naukri.com/job-listings-custom-software-engineer-accenture-solutions-pvt-ltd-hyderabad-3-to-8-years-170826924131","https://www.naukri.com/job-listings-custom-software-engineer-accenture-solutions-pvt-ltd-hyderabad-3-to-8-years-170826924131","Captured form state (3 fields)"
"job_1790855846759_fqnik","1/10/2026, 5:27:26 pm","NAUKRI_EXTERNAL","Custom Software Engineer","Accenture","Hyderabad","EXTERNAL","https://www.naukri.com/job-listings-custom-software-engineer-accenture-solutions-pvt-ltd-hyderabad-3-to-8-years-110826933391","https://www.naukri.com/job-listings-custom-software-engineer-accenture-solutions-pvt-ltd-hyderabad-3-to-8-years-110826933391","Captured form state (3 fields)"
"job_1790855846759_jt5q9","1/10/2026, 5:27:26 pm","NAUKRI_EXTERNAL","Custom Software Engineer","Accenture","Hyderabad","EXTERNAL","https://www.naukri.com/job-listings-custom-software-engineer-accenture-solutions-pvt-ltd-hyderabad-2-to-5-years-110826933337","https://www.naukri.com/job-listings-custom-software-engineer-accenture-solutions-pvt-ltd-hyderabad-2-to-5-years-110826933337","Captured form state (3 fields)"
"job_1790855846759_h5qhv","1/10/2026, 5:27:26 pm","NAUKRI_EXTERNAL","Custom Software Engineer","Accenture","Hyderabad","EXTERNAL","https://www.naukri.com/job-listings-custom-software-engineer-accenture-solutions-pvt-ltd-hyderabad-3-to-8-years-110826932553","https://www.naukri.com/job-listings-custom-software-engineer-accenture-solutions-pvt-ltd-hyderabad-3-to-8-years-110826932553","Captured form state (3 fields)"
"job_1790855846759_9uzht","1/10/2026, 5:27:26 pm","NAUKRI","Fullatack Developer","Photon","Hyderabad, Mumbai, Kolkata, New Delhi, Pune, Chennai, Bengaluru","EXTERNAL","https://www.naukri.com/job-listings-fullatack-developer-photon-infotech-p-ltd-kolkata-mumbai-new-delhi-hyderabad-pune-chennai-bengaluru-3-to-8-years-090925500088","https://www.naukri.com/job-listings-fullatack-developer-photon-infotech-p-ltd-kolkata-mumbai-new-delhi-hyderabad-pune-chennai-bengaluru-3-to-8-years-090925500088","External — apply manually"
"job_1790855846759_20l7q","1/10/2026, 5:27:26 pm","NAUKRI","Back End Developer","Tilicho Labs","Hyderabad","EXTERNAL","https://www.naukri.com/job-listings-back-end-developer-tilicho-hyderabad-3-to-5-years-110826502532","https://www.naukri.com/job-listings-back-end-developer-tilicho-hyderabad-3-to-5-years-110826502532","External — apply manually"
"job_1790855846759_65sv3","1/10/2026, 5:27:26 pm","NAUKRI_EXTERNAL","Java Developer (Entry Level)","Advaitha Information Technology Services Private L","Hyderabad","EXTERNAL","https://www.naukri.com/job-listings-java-developer-entry-level-advaitha-information-technology-services-private-limited-hyderabad-0-to-5-years-290626505273","https://www.naukri.com/job-listings-java-developer-entry-level-advaitha-information-technology-services-private-limited-hyderabad-0-to-5-years-290626505273","Captured form state (3 fields)"
"job_1790855846759_h8ptl","1/10/2026, 5:27:26 pm","NAUKRI_EXTERNAL","Java Developer","GAIAN GROUP","Hyderabad","EXTERNAL","https://www.naukri.com/job-listings-java-developer-gaian-group-hyderabad-2-to-5-years-290626503031","https://www.naukri.com/job-listings-java-developer-gaian-group-hyderabad-2-to-5-years-290626503031","Captured form state (3 fields)"
"job_1790855846759_fxqso","1/10/2026, 5:27:26 pm","NAUKRI","Application Developer","Accenture","Hyderabad","EXTERNAL","https://www.naukri.com/job-listings-application-developer-accenture-solutions-pvt-ltd-hyderabad-2-to-5-years-170826925712","https://www.naukri.com/job-listings-application-developer-accenture-solutions-pvt-ltd-hyderabad-2-to-5-years-170826925712","External — apply manually"
"job_1790855846760_q1yxl","1/10/2026, 5:27:26 pm","NAUKRI","Application Developer","Accenture","Hyderabad","EXTERNAL","https://www.naukri.com/job-listings-application-developer-accenture-solutions-pvt-ltd-hyderabad-2-to-5-years-170826925528","https://www.naukri.com/job-listings-application-developer-accenture-solutions-pvt-ltd-hyderabad-2-to-5-years-170826925528","External — apply manually"
"job_1790855846760_e2ykz","1/10/2026, 5:27:26 pm","NAUKRI","Application Developer","Accenture","Hyderabad","EXTERNAL","https://www.naukri.com/job-listings-application-developer-accenture-solutions-pvt-ltd-hyderabad-3-to-8-years-170826925400","https://www.naukri.com/job-listings-application-developer-accenture-solutions-pvt-ltd-hyderabad-3-to-8-years-170826925400","External — apply manually"
"job_1790855846760_qan4m","1/10/2026, 5:27:26 pm","NAUKRI","Application Developer","Accenture","Hyderabad","EXTERNAL","https://www.naukri.com/job-listings-application-developer-accenture-solutions-pvt-ltd-hyderabad-2-to-5-years-170826925372","https://www.naukri.com/job-listings-application-developer-accenture-solutions-pvt-ltd-hyderabad-2-to-5-years-170826925372","External — apply manually"
"job_1790855846760_wf68x","1/10/2026, 5:27:26 pm","NAUKRI","Application Developer","Accenture","Hyderabad","EXTERNAL","https://www.naukri.com/job-listings-application-developer-accenture-solutions-pvt-ltd-hyderabad-2-to-5-years-170826921258","https://www.naukri.com/job-listings-application-developer-accenture-solutions-pvt-ltd-hyderabad-2-to-5-years-170826921258","External — apply manually"
"job_1790855846760_zglrr","1/10/2026, 5:27:26 pm","NAUKRI_EXTERNAL","SDE (Automation & Quality Focus)","Drivetrain","Hyderabad, Mumbai, Kolkata, New Delhi, Pune, Chennai, Bengaluru","EXTERNAL","https://www.naukri.com/job-listings-sde-automation-quality-focus-drivetrain-kolkata-mumbai-new-delhi-hyderabad-pune-chennai-bengaluru-2-to-6-years-290724502201","https://www.naukri.com/job-listings-sde-automation-quality-focus-drivetrain-kolkata-mumbai-new-delhi-hyderabad-pune-chennai-bengaluru-2-to-6-years-290724502201","Captured form state (3 fields)"
"job_1790855846761_inby1","1/10/2026, 5:27:26 pm","NAUKRI_EXTERNAL","Software Engineer - Java,Angular - BLR","Photon","Hyderabad, Mumbai, Kolkata, New Delhi, Pune, Chennai, Bengaluru","EXTERNAL","https://www.naukri.com/job-listings-software-engineer-java-angular-blr-photon-infotech-p-ltd-kolkata-mumbai-new-delhi-hyderabad-pune-chennai-bengaluru-3-to-7-years-180725502760","https://www.naukri.com/job-listings-software-engineer-java-angular-blr-photon-infotech-p-ltd-kolkata-mumbai-new-delhi-hyderabad-pune-chennai-bengaluru-3-to-7-years-180725502760","Captured form state (49 fields)"
"job_1790855846761_ynyv3","1/10/2026, 5:27:26 pm","NAUKRI_EXTERNAL","Software Engineer - Java - CHN","Photon","Hyderabad, Mumbai, Kolkata, New Delhi, Pune, Chennai, Bengaluru","EXTERNAL","https://www.naukri.com/job-listings-software-engineer-java-chn-photon-infotech-p-ltd-kolkata-mumbai-new-delhi-hyderabad-pune-chennai-bengaluru-3-to-7-years-120725503587","https://www.naukri.com/job-listings-software-engineer-java-chn-photon-infotech-p-ltd-kolkata-mumbai-new-delhi-hyderabad-pune-chennai-bengaluru-3-to-7-years-120725503587","Captured form state (49 fields)"
"job_1790855846762_oavf7","1/10/2026, 5:27:26 pm","NAUKRI","Full Stack Developer","Nityo Infotech","Hyderabad, Mumbai, Kolkata, New Delhi, Pune, Chennai, Bengaluru","EXTERNAL","https://www.naukri.com/job-listings-full-stack-developer-nityo-infotech-kolkata-mumbai-new-delhi-hyderabad-pune-chennai-bengaluru-3-to-8-years-010525501093","https://www.naukri.com/job-listings-full-stack-developer-nityo-infotech-kolkata-mumbai-new-delhi-hyderabad-pune-chennai-bengaluru-3-to-8-years-010525501093","External — apply manually"
"job_1790855846762_is0u4","1/10/2026, 5:27:26 pm","NAUKRI","Java Developer","Talent Cafe Solutions","Hyderabad","EXTERNAL","https://www.naukri.com/job-listings-java-developer-talent-cafe-solutions-hyderabad-1-to-6-years-210226501741","https://www.naukri.com/job-listings-java-developer-talent-cafe-solutions-hyderabad-1-to-6-years-210226501741","External — apply manually"
"job_1790855846762_y1ycl","1/10/2026, 5:27:26 pm","NAUKRI","Java Fullstack Engineer","Aim Plus Staffing Solutions","Hyderabad","EXTERNAL","https://www.naukri.com/job-listings-java-fullstack-engineer-aim-plus-staffing-solutions-hyderabad-2-to-12-years-210126501624","https://www.naukri.com/job-listings-java-fullstack-engineer-aim-plus-staffing-solutions-hyderabad-2-to-12-years-210126501624","External — apply manually"
"job_1790855846762_hcegp","1/10/2026, 5:27:26 pm","NAUKRI","Java Developer - Mid Level","Tileti Eemeze Soft Tech","Hyderabad","EXTERNAL","https://www.naukri.com/job-listings-java-developer-mid-level-tileti-eemeze-soft-tech-india-pvt-ltd-hyderabad-1-to-5-years-191218500258","https://www.naukri.com/job-listings-java-developer-mid-level-tileti-eemeze-soft-tech-india-pvt-ltd-hyderabad-1-to-5-years-191218500258","External — apply manually"
"job_1790855846762_nm919","1/10/2026, 5:27:26 pm","NAUKRI","Java Developer - Junior","Tileti Eemeze Soft Tech","Hyderabad","EXTERNAL","https://www.naukri.com/job-listings-java-developer-junior-tileti-eemeze-soft-tech-india-pvt-ltd-hyderabad-1-to-5-years-191218500257","https://www.naukri.com/job-listings-java-developer-junior-tileti-eemeze-soft-tech-india-pvt-ltd-hyderabad-1-to-5-years-191218500257","External — apply manually"
"job_1790855846763_x3sm4","1/10/2026, 5:27:26 pm","NAUKRI","Java Developer - Fresher","Tileti Eemeze Soft Tech","Hyderabad","EXTERNAL","https://www.naukri.com/job-listings-java-developer-fresher-tileti-eemeze-soft-tech-india-pvt-ltd-hyderabad-0-to-2-years-191218500249","https://www.naukri.com/job-listings-java-developer-fresher-tileti-eemeze-soft-tech-india-pvt-ltd-hyderabad-0-to-2-years-191218500249","External — apply manually"
"job_1790855846763_hzakt","1/10/2026, 5:27:26 pm","NAUKRI","Java Developer","Locomindstech","Hyderabad","EXTERNAL","https://www.naukri.com/job-listings-java-developer-locomidstech-hyderabad-1-to-3-years-141125501337","https://www.naukri.com/job-listings-java-developer-locomidstech-hyderabad-1-to-3-years-141125501337","External — apply manually"
"job_1790855846763_lfy96","1/10/2026, 5:27:26 pm","NAUKRI","Full Stack Developer","Hawk Sense Business Solutions","Hyderabad","EXTERNAL","https://www.naukri.com/job-listings-full-stack-developer-hawk-sense-business-solutions-hyderabad-2-to-5-years-130126505709","https://www.naukri.com/job-listings-full-stack-developer-hawk-sense-business-solutions-hyderabad-2-to-5-years-130126505709","External — apply manually"
"job_1790855846763_rswjv","1/10/2026, 5:27:26 pm","NAUKRI","Full Stack Developer Intern","Hawk Sense Business Solutions","Hyderabad","EXTERNAL","https://www.naukri.com/job-listings-full-stack-developer-intern-hawk-sense-business-solutions-hyderabad-0-to-3-years-130126505593","https://www.naukri.com/job-listings-full-stack-developer-intern-hawk-sense-business-solutions-hyderabad-0-to-3-years-130126505593","External — apply manually"
"job_1790855846763_o6sjg","1/10/2026, 5:27:26 pm","NAUKRI","Java Professional","Mypcot Infotech","Hyderabad","EXTERNAL","https://www.naukri.com/job-listings-java-professional-nd-frames-hyderabad-2-to-5-years-080925502261","https://www.naukri.com/job-listings-java-professional-nd-frames-hyderabad-2-to-5-years-080925502261","External — apply manually"
"job_1790855846764_vy063","1/10/2026, 5:27:26 pm","NAUKRI","Junior Java Developer","Crisil","Hyderabad","EXTERNAL","https://www.naukri.com/job-listings-junior-java-developer-crisil-hyderabad-1-to-2-years-030925503357","https://www.naukri.com/job-listings-junior-java-developer-crisil-hyderabad-1-to-2-years-030925503357","External — apply manually"
"job_1790855846764_8tlqq","1/10/2026, 5:27:26 pm","NAUKRI","Full Stack Developer","Eway Innovations And Automations","Hyderabad","EXTERNAL","https://www.naukri.com/job-listings-full-stack-developer-eway-innovations-and-automations-hyderabad-0-to-5-years-020726504243","https://www.naukri.com/job-listings-full-stack-developer-eway-innovations-and-automations-hyderabad-0-to-5-years-020726504243","External — apply manually"
"job_1790855846764_uoo9x","1/10/2026, 5:27:26 pm","NAUKRI","Java Developers","Blossoms Solutions","Hyderabad","EXTERNAL","https://www.naukri.com/job-listings-java-developers-blossoms-solutions-hyderabad-2-to-4-years-010524501021","https://www.naukri.com/job-listings-java-developers-blossoms-solutions-hyderabad-2-to-4-years-010524501021","External — apply manually"
"job_1790855846764_5y749","1/10/2026, 5:27:26 pm","NAUKRI","Lead Software Engineer","Wells Fargo","Hyderabad","EXTERNAL","https://www.naukri.com/job-listings-lead-software-engineer-wells-fargo-international-solutions-private-ltd-hyderabad-10-to-15-years-260826925763","https://www.naukri.com/job-listings-lead-software-engineer-wells-fargo-international-solutions-private-ltd-hyderabad-10-to-15-years-260826925763","External — apply manually"
"job_1790855846764_vrfks","1/10/2026, 5:27:26 pm","NAUKRI","Java with Angular +JSP+SQL Professional","Krazy Mantra It","Hyderabad, Mumbai, Kolkata, New Delhi, Pune, Chennai, Bengaluru","EXTERNAL","https://www.naukri.com/job-listings-java-with-angular-jsp-sql-professional-krazy-mantra-group-of-companies-kolkata-mumbai-new-delhi-hyderabad-pune-chennai-bengaluru-5-to-12-years-220425503025","https://www.naukri.com/job-listings-java-with-angular-jsp-sql-professional-krazy-mantra-group-of-companies-kolkata-mumbai-new-delhi-hyderabad-pune-chennai-bengaluru-5-to-12-years-220425503025","External — apply manually"
"job_1790855846765_o6lzg","1/10/2026, 5:27:26 pm","NAUKRI","Technical Lead","Openings Advisory Firm","Hyderabad, Mumbai, Kolkata, New Delhi, Pune, Chennai, Bengaluru","EXTERNAL","https://www.naukri.com/job-listings-technical-lead-openings-advisory-firm-kolkata-mumbai-new-delhi-hyderabad-pune-chennai-bengaluru-8-to-13-years-081124501951","https://www.naukri.com/job-listings-technical-lead-openings-advisory-firm-kolkata-mumbai-new-delhi-hyderabad-pune-chennai-bengaluru-8-to-13-years-081124501951","External — apply manually"
"job_1790855846765_05f26","1/10/2026, 5:27:26 pm","NAUKRI","Custom Software Engineer","Accenture","Hyderabad","EXTERNAL","https://www.naukri.com/job-listings-custom-software-engineer-accenture-solutions-pvt-ltd-hyderabad-3-to-8-years-260826927430","https://www.naukri.com/job-listings-custom-software-engineer-accenture-solutions-pvt-ltd-hyderabad-3-to-8-years-260826927430","External — apply manually"
"job_1790855846765_h1fsu","1/10/2026, 5:27:26 pm","NAUKRI","Application Developer","Accenture","Hyderabad","EXTERNAL","https://www.naukri.com/job-listings-application-developer-accenture-solutions-pvt-ltd-hyderabad-3-to-8-years-240826926063","https://www.naukri.com/job-listings-application-developer-accenture-solutions-pvt-ltd-hyderabad-3-to-8-years-240826926063","External — apply manually"
"job_1790855846765_75vx7","1/10/2026, 5:27:26 pm","NAUKRI","Custom Software Engineer","Accenture","Hyderabad","EXTERNAL","https://www.naukri.com/job-listings-custom-software-engineer-accenture-solutions-pvt-ltd-hyderabad-2-to-5-years-110826933848","https://www.naukri.com/job-listings-custom-software-engineer-accenture-solutions-pvt-ltd-hyderabad-2-to-5-years-110826933848","External — apply manually"
"job_1790855846765_0kkkx","1/10/2026, 5:27:26 pm","NAUKRI","Java Full Stack Developer","DW Practice","Hyderabad","EXTERNAL","https://www.naukri.com/job-listings-java-full-stack-developer-dw-practice-india-pvt-ltd-hyderabad-5-to-12-years-270524502745","https://www.naukri.com/job-listings-java-full-stack-developer-dw-practice-india-pvt-ltd-hyderabad-5-to-12-years-270524502745","External — apply manually"
"job_1790855846766_dbwac","1/10/2026, 5:27:26 pm","NAUKRI","Java Full Stack Developer","DWP Global Corp","Hyderabad","EXTERNAL","https://www.naukri.com/job-listings-java-full-stack-developer-dwp-global-corp-hyderabad-5-to-10-years-220825500361","https://www.naukri.com/job-listings-java-full-stack-developer-dwp-global-corp-hyderabad-5-to-10-years-220825500361","External — apply manually"
"job_1790855846766_i0cqv","1/10/2026, 5:27:26 pm","NAUKRI","Full stack developer - Java, React","Rivi Consultancy Services","Hyderabad","EXTERNAL","https://www.naukri.com/job-listings-full-stack-developer-java-react-rivi-consultancy-services-pvt-ltd-hyderabad-4-to-9-years-181225500037","https://www.naukri.com/job-listings-full-stack-developer-java-react-rivi-consultancy-services-pvt-ltd-hyderabad-4-to-9-years-181225500037","External — apply manually"
"job_1790855846766_71yez","1/10/2026, 5:27:26 pm","NAUKRI","Full Stack Java Developer","Hutech Solutions","Hyderabad","EXTERNAL","https://www.naukri.com/job-listings-full-stack-java-developer-hutech-solutions-pvt-ltd-hyderabad-5-to-8-years-180725500472","https://www.naukri.com/job-listings-full-stack-java-developer-hutech-solutions-pvt-ltd-hyderabad-5-to-8-years-180725500472","External — apply manually"
"job_1790855846766_axula","1/10/2026, 5:27:26 pm","NAUKRI","Sr. Software Engineer","Algonox Technologies","Hyderabad","EXTERNAL","https://www.naukri.com/job-listings-sr-software-engineer-algonox-technologies-hyderabad-2-to-5-years-270126500205","https://www.naukri.com/job-listings-sr-software-engineer-algonox-technologies-hyderabad-2-to-5-years-270126500205","External — apply manually"
"job_1790855846767_kw38c","1/10/2026, 5:27:26 pm","NAUKRI","Cloud Platform Engineer","Accenture","Hyderabad","EXTERNAL","https://www.naukri.com/job-listings-cloud-platform-engineer-accenture-solutions-pvt-ltd-hyderabad-2-to-6-years-170826927068","https://www.naukri.com/job-listings-cloud-platform-engineer-accenture-solutions-pvt-ltd-hyderabad-2-to-6-years-170826927068","External — apply manually"
"job_1790855846767_w8byq","1/10/2026, 5:27:26 pm","NAUKRI","Java Developer","Krinotek","Hyderabad","EXTERNAL","https://www.naukri.com/job-listings-java-developer-krinotek-hyderabad-1-to-5-years-250826500592","https://www.naukri.com/job-listings-java-developer-krinotek-hyderabad-1-to-5-years-250826500592","External — apply manually"
"job_1790855846768_qici5","1/10/2026, 5:27:26 pm","NAUKRI","Java Developer","KTree","Hyderabad","EXTERNAL","https://www.naukri.com/job-listings-java-developer-k-tree-computer-solutions-i-pvt-ltd-hyderabad-2-to-6-years-280126504111","https://www.naukri.com/job-listings-java-developer-k-tree-computer-solutions-i-pvt-ltd-hyderabad-2-to-6-years-280126504111","External — apply manually"
"job_1790855846768_2cmwr","1/10/2026, 5:27:26 pm","NAUKRI","Java Developer","Sixpath Technologies","Hyderabad","EXTERNAL","https://www.naukri.com/job-listings-java-developer-sixpath-technologies-hyderabad-2-to-7-years-210426500085","https://www.naukri.com/job-listings-java-developer-sixpath-technologies-hyderabad-2-to-7-years-210426500085","External — apply manually"
"job_1790855846769_ds076","1/10/2026, 5:27:26 pm","NAUKRI","Java Developer","Dhatri Info Solutions","Hyderabad","EXTERNAL","https://www.naukri.com/job-listings-java-developer-dhatri-info-solutions-pvt-ltd-hyderabad-2-to-3-years-301025505158","https://www.naukri.com/job-listings-java-developer-dhatri-info-solutions-pvt-ltd-hyderabad-2-to-3-years-301025505158","External — apply manually"
"job_1790855846769_nrmu2","1/10/2026, 5:27:26 pm","NAUKRI","Java Developer","Hanivisu","Hyderabad","EXTERNAL","https://www.naukri.com/job-listings-java-developer-hanivisu-technologies-hyderabad-2-to-5-years-140525501882","https://www.naukri.com/job-listings-java-developer-hanivisu-technologies-hyderabad-2-to-5-years-140525501882","External — apply manually"
"job_1790855846769_4xey4","1/10/2026, 5:27:26 pm","NAUKRI","JAVA Developer","ReddySys","Hyderabad","EXTERNAL","https://www.naukri.com/job-listings-java-developer-reddysys-technologies-pvt-ltd-hyderabad-3-to-5-years-140524501656","https://www.naukri.com/job-listings-java-developer-reddysys-technologies-pvt-ltd-hyderabad-3-to-5-years-140524501656","External — apply manually"
"job_1790855846769_n9pix","1/10/2026, 5:27:26 pm","NAUKRI","Java Developer","Micronox Information Technologies","Hyderabad","EXTERNAL","https://www.naukri.com/job-listings-java-developer-micronox-information-technologies-hyderabad-3-to-8-years-121125503929","https://www.naukri.com/job-listings-java-developer-micronox-information-technologies-hyderabad-3-to-8-years-121125503929","External — apply manually"
"job_1790855846769_n5dw7","1/10/2026, 5:27:26 pm","NAUKRI","JAVA DEVELOPER","Dynamic Technosoft","Hyderabad","EXTERNAL","https://www.naukri.com/job-listings-java-developer-infitic-techno-soft-hyderabad-3-to-6-years-071125501731","https://www.naukri.com/job-listings-java-developer-infitic-techno-soft-hyderabad-3-to-6-years-071125501731","External — apply manually"
"job_1790855846769_woh5v","1/10/2026, 5:27:26 pm","NAUKRI","Java Developer","Savina Software","Hyderabad","EXTERNAL","https://www.naukri.com/job-listings-java-developer-savina-software-pvt-ltd-hyderabad-2-to-3-years-041125502579","https://www.naukri.com/job-listings-java-developer-savina-software-pvt-ltd-hyderabad-2-to-3-years-041125502579","External — apply manually"
"job_1790855846770_blvyv","1/10/2026, 5:27:26 pm","NAUKRI","Java Developer","ODED Transformational","Hyderabad","EXTERNAL","https://www.naukri.com/job-listings-java-developer-oded-transformational-technologies-private-limited-hyderabad-2-to-7-years-040825504407","https://www.naukri.com/job-listings-java-developer-oded-transformational-technologies-private-limited-hyderabad-2-to-7-years-040825504407","External — apply manually"
"job_1790855846770_wtg6f","1/10/2026, 5:27:26 pm","NAUKRI","JAVA Developer","Bluphlux","Hyderabad","EXTERNAL","https://www.naukri.com/job-listings-java-developer-bluphlux-hyderabad-3-to-6-years-260626506464","https://www.naukri.com/job-listings-java-developer-bluphlux-hyderabad-3-to-6-years-260626506464","External — apply manually"
"job_1790855846770_590z8","1/10/2026, 5:27:26 pm","NAUKRI","Java Developer","Knowledgesprint Technologies","Hyderabad","EXTERNAL","https://www.naukri.com/job-listings-java-developer-knowledgesprint-technologies-india-pvt-ltd-hyderabad-0-to-3-years-310726501341","https://www.naukri.com/job-listings-java-developer-knowledgesprint-technologies-india-pvt-ltd-hyderabad-0-to-3-years-310726501341","External — apply manually"
"job_1790855846770_icpja","1/10/2026, 5:27:26 pm","NAUKRI","JAVA DEVELOPER","Smart Source","Hyderabad","EXTERNAL","https://www.naukri.com/job-listings-java-developer-smart-source-hyderabad-2-to-7-years-300125500069","https://www.naukri.com/job-listings-java-developer-smart-source-hyderabad-2-to-7-years-300125500069","External — apply manually"
"job_1790855846770_g6ml4","1/10/2026, 5:27:26 pm","NAUKRI","Java Developer","Squircle IT","Hyderabad","EXTERNAL","https://www.naukri.com/job-listings-java-developer-squircle-it-consulting-services-pvt-ltd-hyderabad-3-to-5-years-140126503055","https://www.naukri.com/job-listings-java-developer-squircle-it-consulting-services-pvt-ltd-hyderabad-3-to-5-years-140126503055","External — apply manually"
"job_1790855846770_7n196","1/10/2026, 5:27:26 pm","NAUKRI","Java Developer","Squircle IT","Hyderabad","EXTERNAL","https://www.naukri.com/job-listings-java-developer-squircle-it-consulting-services-pvt-ltd-hyderabad-3-to-8-years-140126502131","https://www.naukri.com/job-listings-java-developer-squircle-it-consulting-services-pvt-ltd-hyderabad-3-to-8-years-140126502131","External — apply manually"
"job_1790855846770_a07ix","1/10/2026, 5:27:26 pm","NAUKRI","Java Developer","Kagami","Hyderabad","EXTERNAL","https://www.naukri.com/job-listings-java-developer-kagami-erp-hyderabad-2-to-4-years-070524501347","https://www.naukri.com/job-listings-java-developer-kagami-erp-hyderabad-2-to-4-years-070524501347","External — apply manually"
"job_1790855846771_4htg0","1/10/2026, 5:27:26 pm","NAUKRI","Java Developer","Ieverware","Hyderabad","EXTERNAL","https://www.naukri.com/job-listings-java-developer-ieverware-hyderabad-0-to-1-years-051218500095","https://www.naukri.com/job-listings-java-developer-ieverware-hyderabad-0-to-1-years-051218500095","External — apply manually"
"job_1790855846771_g10qo","1/10/2026, 5:27:26 pm","NAUKRI","Java Developer","Corpitsoft","Hyderabad","EXTERNAL","https://www.naukri.com/job-listings-java-developer-corpitsoft-hyderabad-2-to-3-years-270325503163","https://www.naukri.com/job-listings-java-developer-corpitsoft-hyderabad-2-to-3-years-270325503163","External — apply manually"
"job_1790855846771_1spj2","1/10/2026, 5:27:26 pm","NAUKRI","Java Developer","Dhatsol","Hyderabad","EXTERNAL","https://www.naukri.com/job-listings-java-developer-dhatsol-it-solutions-pvt-ltd-hyderabad-2-to-3-years-220524501284","https://www.naukri.com/job-listings-java-developer-dhatsol-it-solutions-pvt-ltd-hyderabad-2-to-3-years-220524501284","External — apply manually"
"job_1790855846771_ct4b9","1/10/2026, 5:27:26 pm","NAUKRI","Java Developer","Giftech Software Solutions","Hyderabad","EXTERNAL","https://www.naukri.com/job-listings-java-developer-giftech-software-solutions-pvt-ltd-hyderabad-2-to-4-years-110321500493","https://www.naukri.com/job-listings-java-developer-giftech-software-solutions-pvt-ltd-hyderabad-2-to-4-years-110321500493","External — apply manually"
"job_1790855846771_md3yt","1/10/2026, 5:27:26 pm","NAUKRI","Midlevel Java Developer:","Openace","Hyderabad","EXTERNAL","https://www.naukri.com/job-listings-midlevel-java-developer-openace-llc-hyderabad-2-to-5-years-050218501578","https://www.naukri.com/job-listings-midlevel-java-developer-openace-llc-hyderabad-2-to-5-years-050218501578","External — apply manually"
"job_1790855846771_9fkfn","1/10/2026, 5:27:26 pm","NAUKRI","JAVA Developer","Mycityband","Hyderabad","EXTERNAL","https://www.naukri.com/job-listings-java-developer-mycityband-hyderabad-1-to-6-years-270220501331","https://www.naukri.com/job-listings-java-developer-mycityband-hyderabad-1-to-6-years-270220501331","External — apply manually"
"job_1790855846771_baa1s","1/10/2026, 5:27:26 pm","NAUKRI","Java Developer","Yakshna Technologies","Hyderabad, Mumbai, Kolkata, New Delhi, Pune, Chennai, Bengaluru","EXTERNAL","https://www.naukri.com/job-listings-java-developer-yakshna-technologies-india-private-limited-kolkata-mumbai-new-delhi-hyderabad-pune-chennai-bengaluru-2-to-3-years-060125503700","https://www.naukri.com/job-listings-java-developer-yakshna-technologies-india-private-limited-kolkata-mumbai-new-delhi-hyderabad-pune-chennai-bengaluru-2-to-3-years-060125503700","External — apply manually"
"job_1790855846771_wu8mi","1/10/2026, 5:27:26 pm","NAUKRI","Java Developer","Knowledgesprint Technologies","Hyderabad","EXTERNAL","https://www.naukri.com/job-listings-java-developer-knowledgesprint-technologies-india-pvt-ltd-hyderabad-0-to-3-years-120526502378","https://www.naukri.com/job-listings-java-developer-knowledgesprint-technologies-india-pvt-ltd-hyderabad-0-to-3-years-120526502378","External — apply manually"
"job_1790855846772_64znx","1/10/2026, 5:27:26 pm","NAUKRI","Java Developer-Fresher","Zyphra Tech Solutions","Hyderabad","EXTERNAL","https://www.naukri.com/job-listings-java-developer-fresher-zyphra-tech-solutions-inc-hyderabad-0-to-1-years-080626502239","https://www.naukri.com/job-listings-java-developer-fresher-zyphra-tech-solutions-inc-hyderabad-0-to-1-years-080626502239","External — apply manually"
"job_1790855846772_dqclx","1/10/2026, 5:27:26 pm","NAUKRI","Java Developer","Hanbit Automation Technologies","Hyderabad, Mumbai, Kolkata, New Delhi, Pune, Chennai, Bengaluru","EXTERNAL","https://www.naukri.com/job-listings-java-developer-hanbit-automation-technologies-kolkata-mumbai-new-delhi-hyderabad-pune-chennai-bengaluru-2-to-3-years-261124501797","https://www.naukri.com/job-listings-java-developer-hanbit-automation-technologies-kolkata-mumbai-new-delhi-hyderabad-pune-chennai-bengaluru-2-to-3-years-261124501797","External — apply manually"
"job_1790855846772_b86e0","1/10/2026, 5:27:26 pm","NAUKRI","Java Developer","Two95 International","Hyderabad","EXTERNAL","https://www.naukri.com/job-listings-java-developer-two95-international-inc-hyderabad-2-to-6-years-280126502273","https://www.naukri.com/job-listings-java-developer-two95-international-inc-hyderabad-2-to-6-years-280126502273","External — apply manually"
"job_1790855846772_jgvwm","1/10/2026, 5:27:26 pm","NAUKRI","Java Developer","Travash Software Solutions","Hyderabad","EXTERNAL","https://www.naukri.com/job-listings-java-developer-travash-software-solutions-hyderabad-2-to-5-years-240925503427","https://www.naukri.com/job-listings-java-developer-travash-software-solutions-hyderabad-2-to-5-years-240925503427","External — apply manually"
"job_1790855846773_rngqw","1/10/2026, 5:27:26 pm","NAUKRI","Java Developer","Nuacem AI","Hyderabad","EXTERNAL","https://www.naukri.com/job-listings-java-developer-nuacem-ai-pvt-ltd-hyderabad-3-to-7-years-231023500842","https://www.naukri.com/job-listings-java-developer-nuacem-ai-pvt-ltd-hyderabad-3-to-7-years-231023500842","External — apply manually"
"job_1790855846773_0e3bg","1/10/2026, 5:27:26 pm","NAUKRI","Java Developer","Girnar Newtel Solutions","Hyderabad","EXTERNAL","https://www.naukri.com/job-listings-java-developer-girnar-newtel-hyderabad-1-to-4-years-201123500310","https://www.naukri.com/job-listings-java-developer-girnar-newtel-hyderabad-1-to-4-years-201123500310","External — apply manually"
"job_1790855846773_p3lrb","1/10/2026, 5:27:26 pm","NAUKRI","JAVA DEVELOPER","Laddu Systems","Hyderabad","EXTERNAL","https://www.naukri.com/job-listings-java-developer-laddu-systems-pvt-ltd-hyderabad-3-to-6-years-121124505427","https://www.naukri.com/job-listings-java-developer-laddu-systems-pvt-ltd-hyderabad-3-to-6-years-121124505427","External — apply manually"
"job_1790855846773_kefqr","1/10/2026, 5:27:26 pm","NAUKRI","Java Developer","Baseforge Technologies","Hyderabad","EXTERNAL","https://www.naukri.com/job-listings-java-developer-baseforge-technologies-hyderabad-3-to-7-years-080126500097","https://www.naukri.com/job-listings-java-developer-baseforge-technologies-hyderabad-3-to-7-years-080126500097","External — apply manually"
"job_1790855846773_eg4sq","1/10/2026, 5:27:26 pm","NAUKRI","Java Developer","Squircle IT","Hyderabad","EXTERNAL","https://www.naukri.com/job-listings-java-developer-squircle-it-consulting-services-pvt-ltd-hyderabad-3-to-7-years-140126502139","https://www.naukri.com/job-listings-java-developer-squircle-it-consulting-services-pvt-ltd-hyderabad-3-to-7-years-140126502139","External — apply manually"
"job_1790855846774_nlhxz","1/10/2026, 5:27:26 pm","NAUKRI","JAVA DEVELOPERS","Laddu Systems","Hyderabad","EXTERNAL","https://www.naukri.com/job-listings-java-developers-laddu-systems-pvt-ltd-hyderabad-2-to-8-years-121124505436","https://www.naukri.com/job-listings-java-developers-laddu-systems-pvt-ltd-hyderabad-2-to-8-years-121124505436","External — apply manually"
"job_1790855846774_d68bx","1/10/2026, 5:27:26 pm","NAUKRI","Java Developer","Laddu Systems","Hyderabad","EXTERNAL","https://www.naukri.com/job-listings-java-developer-laddu-systems-pvt-ltd-hyderabad-3-to-6-years-121124505423","https://www.naukri.com/job-listings-java-developer-laddu-systems-pvt-ltd-hyderabad-3-to-6-years-121124505423","External — apply manually"
"job_1790855846774_cqkk8","1/10/2026, 5:27:26 pm","NAUKRI","Java Developer (Code: Java01","Barion Solutions","Hyderabad","EXTERNAL","https://www.naukri.com/job-listings-java-developer-code-java01-barion-solutions-private-limited-hyderabad-3-to-8-years-101117503113","https://www.naukri.com/job-listings-java-developer-code-java01-barion-solutions-private-limited-hyderabad-3-to-8-years-101117503113","External — apply manually"
"job_1790855846774_62lq6","1/10/2026, 5:27:26 pm","NAUKRI","Java Developer","Imedhas","Hyderabad","EXTERNAL","https://www.naukri.com/job-listings-java-developer-imedhas-consulting-services-hyderabad-3-to-5-years-040626501082","https://www.naukri.com/job-listings-java-developer-imedhas-consulting-services-hyderabad-3-to-5-years-040626501082","External — apply manually"
"job_1790855846774_bflv3","1/10/2026, 5:27:26 pm","NAUKRI","Java Developer","Smartnet It Solutions","Hyderabad","EXTERNAL","https://www.naukri.com/job-listings-java-developer-smartnet-it-solutions-ap-private-limited-hyderabad-2-to-6-years-290820500542","https://www.naukri.com/job-listings-java-developer-smartnet-it-solutions-ap-private-limited-hyderabad-2-to-6-years-290820500542","External — apply manually"
"job_1790855846775_nlcio","1/10/2026, 5:27:26 pm","NAUKRI","Java Developer","Techmojo Solutions","Hyderabad","EXTERNAL","https://www.naukri.com/job-listings-java-developer-techmojo-solutions-hyderabad-3-to-6-years-240325504568","https://www.naukri.com/job-listings-java-developer-techmojo-solutions-hyderabad-3-to-6-years-240325504568","External — apply manually"
"job_1790855846775_bzw88","1/10/2026, 5:27:26 pm","NAUKRI","Java Developer","Knowledgesprint Technologies","Hyderabad","EXTERNAL","https://www.naukri.com/job-listings-java-developer-knowledgesprint-technologies-india-pvt-ltd-hyderabad-0-to-3-years-200526502902","https://www.naukri.com/job-listings-java-developer-knowledgesprint-technologies-india-pvt-ltd-hyderabad-0-to-3-years-200526502902","External — apply manually"
"job_1790855846775_ggd0z","1/10/2026, 5:27:26 pm","NAUKRI","JAVA Developer","Knowledgesprint Technologies","Hyderabad","EXTERNAL","https://www.naukri.com/job-listings-java-developer-knowledgesprint-technologies-india-pvt-ltd-hyderabad-0-to-3-years-150526505689","https://www.naukri.com/job-listings-java-developer-knowledgesprint-technologies-india-pvt-ltd-hyderabad-0-to-3-years-150526505689","External — apply manually"
"job_1790855846775_su2kd","1/10/2026, 5:27:26 pm","NAUKRI","Java Developer","Grid Dynamics","Hyderabad","EXTERNAL","https://www.naukri.com/job-listings-java-developer-grid-dynamics-hyderabad-1-to-4-years-120226500475","https://www.naukri.com/job-listings-java-developer-grid-dynamics-hyderabad-1-to-4-years-120226500475","External — apply manually"
"job_1790855846775_81g87","1/10/2026, 5:27:26 pm","NAUKRI","Java Developer","IDESLABS","Hyderabad","EXTERNAL","https://www.naukri.com/job-listings-java-developer-ideslabs-private-limited-hyderabad-3-to-10-years-081223501133","https://www.naukri.com/job-listings-java-developer-ideslabs-private-limited-hyderabad-3-to-10-years-081223501133","External — apply manually"
"job_1790855846775_smjn0","1/10/2026, 5:27:26 pm","NAUKRI","Java Developers","Talentxp","Hyderabad","EXTERNAL","https://www.naukri.com/job-listings-java-developers-talentxp-private-limited-hyderabad-2-to-7-years-060525502799","https://www.naukri.com/job-listings-java-developers-talentxp-private-limited-hyderabad-2-to-7-years-060525502799","External — apply manually"
"job_1790855846776_1dqjw","1/10/2026, 5:27:26 pm","NAUKRI","Java Developer","Techzenure","Hyderabad","EXTERNAL","https://www.naukri.com/job-listings-java-developer-techzenure-hyderabad-2-to-3-years-051023500091","https://www.naukri.com/job-listings-java-developer-techzenure-hyderabad-2-to-3-years-051023500091","External — apply manually"
"job_1790855846776_i8dni","1/10/2026, 5:27:26 pm","NAUKRI","Java Developers","Technolabs Software Solutions","Hyderabad","EXTERNAL","https://www.naukri.com/job-listings-java-developers-technolabs-software-hyderabad-0-to-2-years-041125500893","https://www.naukri.com/job-listings-java-developers-technolabs-software-hyderabad-0-to-2-years-041125500893","External — apply manually"
"job_1790855846776_6wqnc","1/10/2026, 5:27:26 pm","NAUKRI","Java Developer","Nextgen Infotech","Hyderabad","EXTERNAL","https://www.naukri.com/job-listings-java-developer-nextgen-infotech-pvt-ltd-hyderabad-2-to-4-years-020425502781","https://www.naukri.com/job-listings-java-developer-nextgen-infotech-pvt-ltd-hyderabad-2-to-4-years-020425502781","External — apply manually"
"job_1790855846776_dfru4","1/10/2026, 5:27:26 pm","NAUKRI","Java Developer","Skill Hive Hub","Hyderabad","EXTERNAL","https://www.naukri.com/job-listings-java-developer-skill-hive-hub-hyderabad-2-to-5-years-010526501121","https://www.naukri.com/job-listings-java-developer-skill-hive-hub-hyderabad-2-to-5-years-010526501121","External — apply manually"
"job_1790855846776_985rr","1/10/2026, 5:27:26 pm","NAUKRI","Java Developer","Gforce Consulting Solutions","Hyderabad, Mumbai, Kolkata, New Delhi, Pune, Chennai, Bengaluru","EXTERNAL","https://www.naukri.com/job-listings-java-developer-gforce-consulting-solutions-kolkata-mumbai-new-delhi-hyderabad-pune-chennai-bengaluru-3-to-9-years-150523500683","https://www.naukri.com/job-listings-java-developer-gforce-consulting-solutions-kolkata-mumbai-new-delhi-hyderabad-pune-chennai-bengaluru-3-to-9-years-150523500683","External — apply manually"
"job_1790855846777_vwa1o","1/10/2026, 5:27:26 pm","NAUKRI","Java Developer","Anasol Consultancy Services","Hyderabad","EXTERNAL","https://www.naukri.com/job-listings-java-developer-anasol-consultancy-services-private-limited-hyderabad-2-to-6-years-130826502448","https://www.naukri.com/job-listings-java-developer-anasol-consultancy-services-private-limited-hyderabad-2-to-6-years-130826502448","External — apply manually"
"job_1790855846777_67nxu","1/10/2026, 5:27:26 pm","NAUKRI","Java Developers","Ridge Technology Services","Hyderabad","EXTERNAL","https://www.naukri.com/job-listings-java-developers-ridge-technology-services-hyderabad-2-to-6-years-231115500265","https://www.naukri.com/job-listings-java-developers-ridge-technology-services-hyderabad-2-to-6-years-231115500265","External — apply manually"
"job_1790855846777_8siw9","1/10/2026, 5:27:26 pm","NAUKRI","Java Developer","Squircle IT","Hyderabad","EXTERNAL","https://www.naukri.com/job-listings-java-developer-squircle-it-consulting-services-pvt-ltd-hyderabad-1-to-3-years-200126508265","https://www.naukri.com/job-listings-java-developer-squircle-it-consulting-services-pvt-ltd-hyderabad-1-to-3-years-200126508265","External — apply manually"
"job_1790855846777_47i6g","1/10/2026, 5:27:26 pm","NAUKRI","Java Developer","Squircle IT","Hyderabad","EXTERNAL","https://www.naukri.com/job-listings-java-developer-squircle-it-consulting-services-pvt-ltd-hyderabad-3-to-5-years-140126502128","https://www.naukri.com/job-listings-java-developer-squircle-it-consulting-services-pvt-ltd-hyderabad-3-to-5-years-140126502128","External — apply manually"
"job_1790855846777_x1ksz","1/10/2026, 5:27:26 pm","NAUKRI","Java Developer","Think Bizbetter Software Solutions","Hyderabad","EXTERNAL","https://www.naukri.com/job-listings-java-developer-think-bizbetter-software-solutions-private-limited-hyderabad-2-to-3-years-140125502525","https://www.naukri.com/job-listings-java-developer-think-bizbetter-software-solutions-private-limited-hyderabad-2-to-3-years-140125502525","External — apply manually"
"job_1790855846777_2x1gi","1/10/2026, 5:27:26 pm","NAUKRI","Java Developer","IDESLABS","Hyderabad","EXTERNAL","https://www.naukri.com/job-listings-java-developer-ideslabs-private-limited-hyderabad-3-to-5-years-081223501126","https://www.naukri.com/job-listings-java-developer-ideslabs-private-limited-hyderabad-3-to-5-years-081223501126","External — apply manually"
"job_1790855846777_ywo5i","1/10/2026, 5:27:26 pm","NAUKRI","Java Developer","Enique It Solutions","Hyderabad","EXTERNAL","https://www.naukri.com/job-listings-java-developer-enique-it-solutions-private-limited-hyderabad-1-to-3-years-080221500090","https://www.naukri.com/job-listings-java-developer-enique-it-solutions-private-limited-hyderabad-1-to-3-years-080221500090","External — apply manually"
"job_1790855846778_xo9he","1/10/2026, 5:27:26 pm","NAUKRI","Java Developer","Threshold Software","Hyderabad","EXTERNAL","https://www.naukri.com/job-listings-java-developer-threshold-software-solutions-pvt-ltd-hyderabad-3-to-5-years-040225511100","https://www.naukri.com/job-listings-java-developer-threshold-software-solutions-pvt-ltd-hyderabad-3-to-5-years-040225511100","External — apply manually"
"job_1790855846778_nsmeh","1/10/2026, 5:27:26 pm","NAUKRI","Java Developer","Knowledgesprint Technologies","Hyderabad","EXTERNAL","https://www.naukri.com/job-listings-java-developer-knowledgesprint-technologies-india-pvt-ltd-hyderabad-0-to-5-years-030426506153","https://www.naukri.com/job-listings-java-developer-knowledgesprint-technologies-india-pvt-ltd-hyderabad-0-to-5-years-030426506153","External — apply manually"
"job_1790855846778_jucax","1/10/2026, 5:27:26 pm","NAUKRI","Java Developer","Navayuga Infotech","Hyderabad","EXTERNAL","https://www.naukri.com/job-listings-java-developer-navayuga-infotech-pvt-ltd-hyderabad-1-to-5-years-021221500754","https://www.naukri.com/job-listings-java-developer-navayuga-infotech-pvt-ltd-hyderabad-1-to-5-years-021221500754","External — apply manually"
"job_1790855846778_4kykq","1/10/2026, 5:27:26 pm","NAUKRI","Java Developer","SS&C Technologies","Hyderabad","EXTERNAL","https://www.naukri.com/job-listings-java-developer-ss-c-technologies-hyderabad-3-to-5-years-020426504958","https://www.naukri.com/job-listings-java-developer-ss-c-technologies-hyderabad-3-to-5-years-020426504958","External — apply manually"
"job_1790855846778_tqwph","1/10/2026, 5:27:26 pm","NAUKRI","Java Developers","Department for Business Innovation and Skills (BIS)","Hyderabad","EXTERNAL","https://www.naukri.com/job-listings-java-developers-business-integration-solutions-inc-hyderabad-2-to-5-years-020226500333","https://www.naukri.com/job-listings-java-developers-business-integration-solutions-inc-hyderabad-2-to-5-years-020226500333","External — apply manually"
"job_1790855846778_kdcm8","1/10/2026, 5:27:26 pm","NAUKRI","Java Developer","Knowledgesprint Technologies","Hyderabad","EXTERNAL","https://www.naukri.com/job-listings-java-developer-knowledgesprint-technologies-india-pvt-ltd-hyderabad-0-to-3-years-110526503841","https://www.naukri.com/job-listings-java-developer-knowledgesprint-technologies-india-pvt-ltd-hyderabad-0-to-3-years-110526503841","External — apply manually"
"job_1790855846779_pegvw","1/10/2026, 5:27:26 pm","NAUKRI","Midlevel Java Developer","Openace","Hyderabad","EXTERNAL","https://www.naukri.com/job-listings-midlevel-java-developer-openace-llc-hyderabad-2-to-7-years-280823502773","https://www.naukri.com/job-listings-midlevel-java-developer-openace-llc-hyderabad-2-to-7-years-280823502773","External — apply manually"
"job_1790855846779_2wipf","1/10/2026, 5:27:26 pm","NAUKRI","Java Developer","Swiss Re","Hyderabad","EXTERNAL","https://www.naukri.com/job-listings-java-developer-swiss-re-hyderabad-2-to-5-years-280425504072","https://www.naukri.com/job-listings-java-developer-swiss-re-hyderabad-2-to-5-years-280425504072","External — apply manually"
"job_1790855846779_kd9qo","1/10/2026, 5:27:26 pm","NAUKRI","Java developer","Clerro Technologies","Hyderabad","EXTERNAL","https://www.naukri.com/job-listings-java-developer-clerro-technologies-hyderabad-2-to-5-years-140225501887","https://www.naukri.com/job-listings-java-developer-clerro-technologies-hyderabad-2-to-5-years-140225501887","External — apply manually"
"job_1790855846779_8yw04","1/10/2026, 5:27:26 pm","NAUKRI","Java developer :","Kevin Global Gradient Technologies","Hyderabad","EXTERNAL","https://www.naukri.com/job-listings-java-developer-kevin-global-gradient-technologies-hyderabad-4-to-5-years-230425500940","https://www.naukri.com/job-listings-java-developer-kevin-global-gradient-technologies-hyderabad-4-to-5-years-230425500940","External — apply manually"
"job_1790855846779_kf2bb","1/10/2026, 5:27:26 pm","NAUKRI","Java Developer","Blitzenx","Hyderabad","EXTERNAL","https://www.naukri.com/job-listings-java-developer-blitzenx-rapid-consulting-services-hyderabad-5-to-10-years-221125500812","https://www.naukri.com/job-listings-java-developer-blitzenx-rapid-consulting-services-hyderabad-5-to-10-years-221125500812","External — apply manually"
"job_1790855846780_hut4z","1/10/2026, 5:27:26 pm","NAUKRI","Java Developer","Vincloud Solutions","Hyderabad","EXTERNAL","https://www.naukri.com/job-listings-java-developer-vincloud-solutions-hyderabad-4-to-8-years-050724501537","https://www.naukri.com/job-listings-java-developer-vincloud-solutions-hyderabad-4-to-8-years-050724501537","External — apply manually"
"job_1790855846780_vynhc","1/10/2026, 5:27:26 pm","NAUKRI","Java Developer","Brillius","Hyderabad","EXTERNAL","https://www.naukri.com/job-listings-java-developer-brillius-hyderabad-3-to-5-years-281024502435","https://www.naukri.com/job-listings-java-developer-brillius-hyderabad-3-to-5-years-281024502435","External — apply manually"
"job_1790855846781_y0fj9","1/10/2026, 5:27:26 pm","NAUKRI","Java Developer II","Swiss Re","Hyderabad","EXTERNAL","https://www.naukri.com/job-listings-java-developer-ii-swiss-re-hyderabad-2-to-5-years-190525504031","https://www.naukri.com/job-listings-java-developer-ii-swiss-re-hyderabad-2-to-5-years-190525504031","External — apply manually"
"job_1790855846781_4ptd9","1/10/2026, 5:27:26 pm","NAUKRI","Java Developer - CashOS","Cashos Technologies Pte Ltd","Hyderabad, Mumbai, Kolkata, New Delhi, Pune, Chennai, Bengaluru","EXTERNAL","https://www.naukri.com/job-listings-java-developer-cashos-cashos-technologies-pte-ltd-kolkata-mumbai-new-delhi-hyderabad-pune-chennai-bengaluru-5-to-8-years-271119501257","https://www.naukri.com/job-listings-java-developer-cashos-cashos-technologies-pte-ltd-kolkata-mumbai-new-delhi-hyderabad-pune-chennai-bengaluru-5-to-8-years-271119501257","External — apply manually"
"job_1790855846781_qeg0z","1/10/2026, 5:27:26 pm","NAUKRI","Java Developer","UST","Hyderabad","EXTERNAL","https://www.naukri.com/job-listings-java-developer-ust-hyderabad-5-to-8-years-010926504505","https://www.naukri.com/job-listings-java-developer-ust-hyderabad-5-to-8-years-010926504505","External — apply manually"
"job_1790855846782_fo7jp","1/10/2026, 5:27:26 pm","NAUKRI","Java Developer","Vedhas Technology Solutions","Hyderabad","EXTERNAL","https://www.naukri.com/job-listings-java-developer-vedhas-technology-solutions-llc-hyderabad-4-to-7-years-130526500422","https://www.naukri.com/job-listings-java-developer-vedhas-technology-solutions-llc-hyderabad-4-to-7-years-130526500422","External — apply manually"
"job_1790855846782_4kacc","1/10/2026, 5:27:26 pm","NAUKRI","Java Developer","Vanya It","Hyderabad","EXTERNAL","https://www.naukri.com/job-listings-java-developer-vanya-it-hyderabad-4-to-13-years-110826502133","https://www.naukri.com/job-listings-java-developer-vanya-it-hyderabad-4-to-13-years-110826502133","External — apply manually"
"job_1790855846782_403qp","1/10/2026, 5:27:26 pm","NAUKRI","Java Developer","Technohandz Global Information Technology Consultants","Hyderabad","EXTERNAL","https://www.naukri.com/job-listings-java-developer-technohandz-global-information-technology-consultants-l-l-c-hyderabad-4-to-6-years-240726505154","https://www.naukri.com/job-listings-java-developer-technohandz-global-information-technology-consultants-l-l-c-hyderabad-4-to-6-years-240726505154","External — apply manually"
"job_1790855846783_jk6rh","1/10/2026, 5:27:26 pm","NAUKRI","Java Developer","DW Practice","Hyderabad","EXTERNAL","https://www.naukri.com/job-listings-java-developer-dw-practice-india-pvt-ltd-hyderabad-8-to-13-years-010724502520","https://www.naukri.com/job-listings-java-developer-dw-practice-india-pvt-ltd-hyderabad-8-to-13-years-010724502520","External — apply manually"
"job_1790855846783_dska1","1/10/2026, 5:27:26 pm","NAUKRI","Java Developer","Ovaledge","Hyderabad","EXTERNAL","https://www.naukri.com/job-listings-java-developer-ovaledge-hyderabad-5-to-6-years-030426503879","https://www.naukri.com/job-listings-java-developer-ovaledge-hyderabad-5-to-6-years-030426503879","External — apply manually"
"job_1790855846783_bud2x","1/10/2026, 5:27:26 pm","NAUKRI","Java Developer","Squircle IT","Hyderabad","EXTERNAL","https://www.naukri.com/job-listings-java-developer-squircle-it-consulting-services-pvt-ltd-hyderabad-4-to-9-years-210126502981","https://www.naukri.com/job-listings-java-developer-squircle-it-consulting-services-pvt-ltd-hyderabad-4-to-9-years-210126502981","External — apply manually"
"job_1790855846784_v31d4","1/10/2026, 5:27:26 pm","NAUKRI","Java Developer","SSD Shared Services","Hyderabad, Warangal, Nizamabad","EXTERNAL","https://www.naukri.com/job-listings-java-developer-ssd-shared-services-private-limited-warangal-hyderabad-nizamabad-5-to-10-years-220626503968","https://www.naukri.com/job-listings-java-developer-ssd-shared-services-private-limited-warangal-hyderabad-nizamabad-5-to-10-years-220626503968","External — apply manually"
"job_1790855846784_cb5sr","1/10/2026, 5:27:26 pm","NAUKRI","Java Developer","Exaze It","Hyderabad","EXTERNAL","https://www.naukri.com/job-listings-java-developer-exaze-it-hyderabad-4-to-9-years-250826503124","https://www.naukri.com/job-listings-java-developer-exaze-it-hyderabad-4-to-9-years-250826503124","External — apply manually"
"job_1790855846784_g5u8o","1/10/2026, 5:27:26 pm","NAUKRI","Java/AEM Developer","Tekbon","Hyderabad","EXTERNAL","https://www.naukri.com/job-listings-java-aem-developer-tekbon-inc-hyderabad-3-to-6-years-070423502358","https://www.naukri.com/job-listings-java-aem-developer-tekbon-inc-hyderabad-3-to-6-years-070423502358","External — apply manually"
"job_1790855846784_97d28","1/10/2026, 5:27:26 pm","NAUKRI","Java Developer","IDESLABS","Hyderabad","EXTERNAL","https://www.naukri.com/job-listings-java-developer-ideslabs-private-limited-hyderabad-4-to-6-years-071223500879","https://www.naukri.com/job-listings-java-developer-ideslabs-private-limited-hyderabad-4-to-6-years-071223500879","External — apply manually"
"job_1790855846785_ns2dg","1/10/2026, 5:27:26 pm","NAUKRI","Java ABAP Developer","Gforce Consulting Solutions","Hyderabad","EXTERNAL","https://www.naukri.com/job-listings-java-abap-developer-gforce-consulting-solutions-hyderabad-3-to-6-years-190124500101","https://www.naukri.com/job-listings-java-abap-developer-gforce-consulting-solutions-hyderabad-3-to-6-years-190124500101","External — apply manually"
"job_1790855846785_k4tfr","1/10/2026, 5:27:26 pm","NAUKRI","Java Apigee Developer (Saranya POC)","Han Digital Solution","Hyderabad","EXTERNAL","https://www.naukri.com/job-listings-java-apigee-developer-saranya-poc-han-digital-solution-hyderabad-10-to-15-years-221125500858","https://www.naukri.com/job-listings-java-apigee-developer-saranya-poc-han-digital-solution-hyderabad-10-to-15-years-221125500858","External — apply manually"
"job_1790855846785_9k297","1/10/2026, 5:27:26 pm","NAUKRI","Java FS Developer (Payment domain)","Han Digital Solution","Hyderabad, Warangal, Nizamabad","EXTERNAL","https://www.naukri.com/job-listings-java-fs-developer-domain-han-digital-solution-warangal-hyderabad-nizamabad-8-to-10-years-221125500847","https://www.naukri.com/job-listings-java-fs-developer-domain-han-digital-solution-warangal-hyderabad-nizamabad-8-to-10-years-221125500847","External — apply manually"
"job_1790855846786_33f0f","1/10/2026, 5:27:26 pm","NAUKRI","Java React+AIML Developer","Krazy Mantra It","Hyderabad, Pune, Chennai, Bengaluru","EXTERNAL","https://www.naukri.com/job-listings-java-react-aiml-developer-krazy-mantra-group-of-companies-hyderabad-pune-chennai-bengaluru-7-to-10-years-220425503129","https://www.naukri.com/job-listings-java-react-aiml-developer-krazy-mantra-group-of-companies-hyderabad-pune-chennai-bengaluru-7-to-10-years-220425503129","External — apply manually"
"job_1790855846786_oz1m4","1/10/2026, 5:27:26 pm","NAUKRI","Java Developer","Staffice Global","Hyderabad, Mumbai, Kolkata, New Delhi, Pune, Chennai, Bengaluru","EXTERNAL","https://www.naukri.com/job-listings-java-developer-staffice-global-kolkata-mumbai-new-delhi-hyderabad-pune-chennai-bengaluru-6-to-10-years-191124504452","https://www.naukri.com/job-listings-java-developer-staffice-global-kolkata-mumbai-new-delhi-hyderabad-pune-chennai-bengaluru-6-to-10-years-191124504452","External — apply manually"
"job_1790855846786_8sugg","1/10/2026, 5:27:26 pm","NAUKRI","JAVA DEVELOPER","Arcs Technologies","Hyderabad, Mumbai, Kolkata, New Delhi, Pune, Chennai, Bengaluru","EXTERNAL","https://www.naukri.com/job-listings-java-developer-arcs-pvt-ltd-kolkata-mumbai-new-delhi-hyderabad-pune-chennai-bengaluru-5-to-10-years-140223501636","https://www.naukri.com/job-listings-java-developer-arcs-pvt-ltd-kolkata-mumbai-new-delhi-hyderabad-pune-chennai-bengaluru-5-to-10-years-140223501636","External — apply manually"
"job_1790855846786_6xs4v","1/10/2026, 5:27:26 pm","NAUKRI","Java Developer","Saibull Global Partners","Hyderabad, Mumbai, Kolkata, New Delhi, Pune, Chennai, Bengaluru","EXTERNAL","https://www.naukri.com/job-listings-java-developer-saibull-global-partners-llp-kolkata-mumbai-new-delhi-hyderabad-pune-chennai-bengaluru-5-to-8-years-010923500964","https://www.naukri.com/job-listings-java-developer-saibull-global-partners-llp-kolkata-mumbai-new-delhi-hyderabad-pune-chennai-bengaluru-5-to-8-years-010923500964","External — apply manually"
"job_1790855846787_1nxgs","1/10/2026, 5:27:26 pm","NAUKRI","Java Developer","India Insure Risk Management Insurance Broking Services","Hyderabad","EXTERNAL","https://www.naukri.com/job-listings-java-developer-india-insure-risk-management-insurance-broking-s-hyderabad-4-to-8-years-241224506221","https://www.naukri.com/job-listings-java-developer-india-insure-risk-management-insurance-broking-s-hyderabad-4-to-8-years-241224506221","External — apply manually"
"job_1790855846787_h1wxm","1/10/2026, 5:27:26 pm","NAUKRI","Java Developer","Aark Global","Hyderabad, Mumbai, Kolkata, New Delhi, Pune, Chennai, Bengaluru","EXTERNAL","https://www.naukri.com/job-listings-java-developer-aark-global-inc-kolkata-mumbai-new-delhi-hyderabad-pune-chennai-bengaluru-5-to-8-years-190825500725","https://www.naukri.com/job-listings-java-developer-aark-global-inc-kolkata-mumbai-new-delhi-hyderabad-pune-chennai-bengaluru-5-to-8-years-190825500725","External — apply manually"
"job_1790855846787_5o7uk","1/10/2026, 5:27:26 pm","NAUKRI","Java Developers","IDESLABS","Hyderabad","EXTERNAL","https://www.naukri.com/job-listings-java-developers-ideslabs-private-limited-hyderabad-8-to-12-years-131223501322","https://www.naukri.com/job-listings-java-developers-ideslabs-private-limited-hyderabad-8-to-12-years-131223501322","External — apply manually"
"job_1790855846787_rn8go","1/10/2026, 5:27:26 pm","NAUKRI","Java Developer","Astika Software Technologies","Hyderabad","EXTERNAL","https://www.naukri.com/job-listings-java-developer-astika-software-technologies-pvt-ltd-hyderabad-6-to-11-years-100826504033","https://www.naukri.com/job-listings-java-developer-astika-software-technologies-pvt-ltd-hyderabad-6-to-11-years-100826504033","External — apply manually"
"job_1790855846787_oviza","1/10/2026, 5:27:26 pm","NAUKRI","Java Developer","PSRTEK","Hyderabad","EXTERNAL","https://www.naukri.com/job-listings-java-developer-psr-tek-hyderabad-6-to-11-years-070526501455","https://www.naukri.com/job-listings-java-developer-psr-tek-hyderabad-6-to-11-years-070526501455","External — apply manually"
"job_1790855846788_wjese","1/10/2026, 5:27:26 pm","NAUKRI","Java Developers","Prolifics Corporation","Hyderabad","EXTERNAL","https://www.naukri.com/job-listings-java-developers-prolifics-hyderabad-6-to-8-years-110626502938","https://www.naukri.com/job-listings-java-developers-prolifics-hyderabad-6-to-8-years-110626502938","External — apply manually"
"job_1790855846788_lr7k7","1/10/2026, 5:27:26 pm","NAUKRI","Full Stack Developer","Anasol Consultancy Services","Hyderabad","EXTERNAL","https://www.naukri.com/job-listings-full-stack-developer-anasol-consultancy-services-private-limited-hyderabad-2-to-6-years-130826502446","https://www.naukri.com/job-listings-full-stack-developer-anasol-consultancy-services-private-limited-hyderabad-2-to-6-years-130826502446","External — apply manually"
"job_1790855846788_9pcl3","1/10/2026, 5:27:26 pm","NAUKRI","Full Stack Developer","Techefficio","Hyderabad","EXTERNAL","https://www.naukri.com/job-listings-full-stack-developer-techefficio-hyderabad-2-to-6-years-070826502867","https://www.naukri.com/job-listings-full-stack-developer-techefficio-hyderabad-2-to-6-years-070826502867","External — apply manually"
"job_1790855846788_60u2q","1/10/2026, 5:27:26 pm","NAUKRI","Full Stack Developer","Xmachines","Hyderabad","EXTERNAL","https://www.naukri.com/job-listings-full-stack-developer-xmachines-hyderabad-2-to-7-years-100826504681","https://www.naukri.com/job-listings-full-stack-developer-xmachines-hyderabad-2-to-7-years-100826504681","External — apply manually"
"job_1790855846789_96xk6","1/10/2026, 5:27:26 pm","NAUKRI","Full Stack Developer - N3XGEN Platform","Cloudgen Systems","Hyderabad","EXTERNAL","https://www.naukri.com/job-listings-full-stack-developer-n3xgen-platform-cloudgen-system-pvt-ltd-hyderabad-2-to-5-years-120826505297","https://www.naukri.com/job-listings-full-stack-developer-n3xgen-platform-cloudgen-system-pvt-ltd-hyderabad-2-to-5-years-120826505297","External — apply manually"
"job_1790855846789_8girz","1/10/2026, 5:27:26 pm","NAUKRI","Full stack Developer","Fractal Analytics","Hyderabad","EXTERNAL","https://www.naukri.com/job-listings-full-stack-developer-fractal-analytics-ltd-hyderabad-2-to-5-years-130826500304","https://www.naukri.com/job-listings-full-stack-developer-fractal-analytics-ltd-hyderabad-2-to-5-years-130826500304","External — apply manually"
"job_1790855846789_bgevo","1/10/2026, 5:27:26 pm","NAUKRI","Full Stack Developer","Around29 Digital Media Solutions","Hyderabad","EXTERNAL","https://www.naukri.com/job-listings-full-stack-developer-around29-digital-media-solutions-llp-hyderabad-2-to-7-years-290626503171","https://www.naukri.com/job-listings-full-stack-developer-around29-digital-media-solutions-llp-hyderabad-2-to-7-years-290626503171","External — apply manually"
"job_1790855846789_cim44","1/10/2026, 5:27:26 pm","NAUKRI","Full Stack Developer (NextJS, NestJS, Postgres)","Yathi Solutions","Hyderabad","EXTERNAL","https://www.naukri.com/job-listings-full-stack-developer-nextjs-nestjs-postgres-yathi-solutions-hyderabad-3-to-8-years-191125502700","https://www.naukri.com/job-listings-full-stack-developer-nextjs-nestjs-postgres-yathi-solutions-hyderabad-3-to-8-years-191125502700","External — apply manually"
"job_1790855846789_e8o5v","1/10/2026, 5:27:26 pm","NAUKRI","Full Stack Developer","Align Technology","Hyderabad","EXTERNAL","https://www.naukri.com/job-listings-full-stack-developer-align-technology-hyderabad-2-to-5-years-161225500666","https://www.naukri.com/job-listings-full-stack-developer-align-technology-hyderabad-2-to-5-years-161225500666","External — apply manually"
"job_1790855846790_c7jd6","1/10/2026, 5:27:26 pm","NAUKRI","Full Stack Developer","Sprintpark","Hyderabad","EXTERNAL","https://www.naukri.com/job-listings-full-stack-developer-sprintpark-hyderabad-3-to-6-years-110626504888","https://www.naukri.com/job-listings-full-stack-developer-sprintpark-hyderabad-3-to-6-years-110626504888","External — apply manually"
"job_1790855846790_iyb4w","1/10/2026, 5:27:26 pm","NAUKRI","Full-Stack Developer","Aksvin Technologies","Hyderabad","EXTERNAL","https://www.naukri.com/job-listings-full-stack-developer-aksvin-technologies-hyderabad-3-to-8-years-031025502814","https://www.naukri.com/job-listings-full-stack-developer-aksvin-technologies-hyderabad-3-to-8-years-031025502814","External — apply manually"
"job_1790855846790_uklll","1/10/2026, 5:27:26 pm","NAUKRI","Full-stack Developer (Nodejs, Reactjs, Nextjs)","Impressico Business Solutions","Hyderabad","EXTERNAL","https://www.naukri.com/job-listings-full-stack-developer-nodejs-reactjs-nextjs-impressico-business-solutions-pvt-ltd-hyderabad-4-to-6-years-010926500303","https://www.naukri.com/job-listings-full-stack-developer-nodejs-reactjs-nextjs-impressico-business-solutions-pvt-ltd-hyderabad-4-to-6-years-010926500303","External — apply manually"
"job_1790855846790_thrtj","1/10/2026, 5:27:26 pm","NAUKRI","Full Stack Developer","Tech Stalwart Solution","Hyderabad, Mumbai, Kolkata, New Delhi, Pune, Chennai, Bengaluru","EXTERNAL","https://www.naukri.com/job-listings-full-stack-developer-tech-stalwart-solution-private-limited-kolkata-mumbai-new-delhi-hyderabad-pune-chennai-bengaluru-3-to-8-years-020525500736","https://www.naukri.com/job-listings-full-stack-developer-tech-stalwart-solution-private-limited-kolkata-mumbai-new-delhi-hyderabad-pune-chennai-bengaluru-3-to-8-years-020525500736","External — apply manually"
"job_1790855846790_t84g9","1/10/2026, 5:27:26 pm","NAUKRI","Full Stack Developer","Swiss Re","Hyderabad","EXTERNAL","https://www.naukri.com/job-listings-full-stack-developer-swiss-re-hyderabad-2-to-5-years-280126503709","https://www.naukri.com/job-listings-full-stack-developer-swiss-re-hyderabad-2-to-5-years-280126503709","External — apply manually"
"job_1790855846790_7wvd8","1/10/2026, 5:27:26 pm","NAUKRI","Full Stack Developer","Pipra Solutions","Hyderabad","EXTERNAL","https://www.naukri.com/job-listings-full-stack-developer-pipra-solutions-pvt-ltd-hyderabad-3-to-8-years-241225501410","https://www.naukri.com/job-listings-full-stack-developer-pipra-solutions-pvt-ltd-hyderabad-3-to-8-years-241225501410","External — apply manually"
"job_1790855846790_2ost9","1/10/2026, 5:27:26 pm","NAUKRI","Full - Stack Developer","Scihubss","Hyderabad","EXTERNAL","https://www.naukri.com/job-listings-full-stack-developer-scihubss-hyderabad-2-to-7-years-240726502991","https://www.naukri.com/job-listings-full-stack-developer-scihubss-hyderabad-2-to-7-years-240726502991","External — apply manually"
"job_1790855846791_dl3qe","1/10/2026, 5:27:26 pm","NAUKRI","Full Stack Developer","Onebridge Infotech","Hyderabad","EXTERNAL","https://www.naukri.com/job-listings-full-stack-developer-onebridge-infotech-pvt-ltd-hyderabad-2-to-5-years-170426501442","https://www.naukri.com/job-listings-full-stack-developer-onebridge-infotech-pvt-ltd-hyderabad-2-to-5-years-170426501442","External — apply manually"
"job_1790855846791_cb2f2","1/10/2026, 5:27:26 pm","NAUKRI","Full Stack Developer","Swiss Re","Hyderabad","EXTERNAL","https://www.naukri.com/job-listings-full-stack-developer-swiss-re-hyderabad-2-to-5-years-150426501577","https://www.naukri.com/job-listings-full-stack-developer-swiss-re-hyderabad-2-to-5-years-150426501577","External — apply manually"
"job_1790855846791_s40fo","1/10/2026, 5:27:26 pm","NAUKRI","Full Stack Developer, eCommerce","Prayag Health","Hyderabad, Mumbai, Kolkata, New Delhi, Pune, Chennai, Bengaluru","EXTERNAL","https://www.naukri.com/job-listings-full-stack-developer-ecommerce-prayag-health-kolkata-mumbai-new-delhi-hyderabad-pune-chennai-bengaluru-1-to-5-years-210121501377","https://www.naukri.com/job-listings-full-stack-developer-ecommerce-prayag-health-kolkata-mumbai-new-delhi-hyderabad-pune-chennai-bengaluru-1-to-5-years-210121501377","External — apply manually"
"job_1790855846791_g0hb8","1/10/2026, 5:27:26 pm","NAUKRI","Full Stack Developer - Ananta Labs","Ananta Labs Rajkot","Hyderabad, Mumbai, Kolkata, New Delhi, Pune, Chennai, Bengaluru","EXTERNAL","https://www.naukri.com/job-listings-full-stack-developer-ananta-labs-ananta-labs-kolkata-mumbai-new-delhi-hyderabad-pune-chennai-bengaluru-2-to-7-years-120725502501","https://www.naukri.com/job-listings-full-stack-developer-ananta-labs-ananta-labs-kolkata-mumbai-new-delhi-hyderabad-pune-chennai-bengaluru-2-to-7-years-120725502501","External — apply manually"
"job_1790855846791_rt3sm","1/10/2026, 5:27:26 pm","NAUKRI","Full Stack Developer","Mindtris","Hyderabad, Mumbai, Kolkata, New Delhi, Pune, Chennai, Bengaluru","EXTERNAL","https://www.naukri.com/job-listings-full-stack-developer-mindtris-kolkata-mumbai-new-delhi-hyderabad-pune-chennai-bengaluru-2-to-6-years-120225501724","https://www.naukri.com/job-listings-full-stack-developer-mindtris-kolkata-mumbai-new-delhi-hyderabad-pune-chennai-bengaluru-2-to-6-years-120225501724","External — apply manually"
"job_1790855846791_kqq04","1/10/2026, 5:27:26 pm","NAUKRI","Full Stack Developer","Salientminds Technologies","Hyderabad","EXTERNAL","https://www.naukri.com/job-listings-full-stack-developer-salientminds-technologies-private-limited-hyderabad-2-to-6-years-230523500438","https://www.naukri.com/job-listings-full-stack-developer-salientminds-technologies-private-limited-hyderabad-2-to-6-years-230523500438","External — apply manually"
"job_1790855846792_c2jar","1/10/2026, 5:27:26 pm","NAUKRI","Full Stack Developer - 2","Nxtwave Disruptive Technologies","Hyderabad","EXTERNAL","https://www.naukri.com/job-listings-full-stack-developer-2-nxtwave-hyderabad-3-to-5-years-221025506486","https://www.naukri.com/job-listings-full-stack-developer-2-nxtwave-hyderabad-3-to-5-years-221025506486","External — apply manually"
"job_1790855846792_p716i","1/10/2026, 5:27:26 pm","NAUKRI","Full Stack Developer","Xmachines","Hyderabad","EXTERNAL","https://www.naukri.com/job-listings-full-stack-developer-xmachines-hyderabad-2-to-4-years-220824501724","https://www.naukri.com/job-listings-full-stack-developer-xmachines-hyderabad-2-to-4-years-220824501724","External — apply manually"
"job_1790855846792_3owbg","1/10/2026, 5:27:26 pm","NAUKRI","Full Stack Developer","Mocktheta","Hyderabad","EXTERNAL","https://www.naukri.com/job-listings-full-stack-developer-mocktheta-hyderabad-2-to-3-years-210923500055","https://www.naukri.com/job-listings-full-stack-developer-mocktheta-hyderabad-2-to-3-years-210923500055","External — apply manually"
"job_1790855846793_4x1qp","1/10/2026, 5:27:26 pm","NAUKRI","full stack developer","Logic Planet","Hyderabad","EXTERNAL","https://www.naukri.com/job-listings-full-stack-developer-logicplanet-it-services-hyderabad-0-to-5-years-200226500477","https://www.naukri.com/job-listings-full-stack-developer-logicplanet-it-services-hyderabad-0-to-5-years-200226500477","External — apply manually"
"job_1790855846793_8bgci","1/10/2026, 5:27:26 pm","NAUKRI","Full stack Developer -","Tech Stalwart Solution","Hyderabad","EXTERNAL","https://www.naukri.com/job-listings-full-stack-developer-tech-stalwart-solution-private-limited-hyderabad-2-to-7-years-100325501440","https://www.naukri.com/job-listings-full-stack-developer-tech-stalwart-solution-private-limited-hyderabad-2-to-7-years-100325501440","External — apply manually"
"job_1790855846793_m7qmp","1/10/2026, 5:27:26 pm","NAUKRI","Full Stack Developer","Qapitol Qa","Hyderabad","EXTERNAL","https://www.naukri.com/job-listings-full-stack-developer-qapitol-qa-services-private-limited-hyderabad-2-to-6-years-070526500598","https://www.naukri.com/job-listings-full-stack-developer-qapitol-qa-services-private-limited-hyderabad-2-to-6-years-070526500598","External — apply manually"
"job_1790855846793_sxr18","1/10/2026, 5:27:26 pm","NAUKRI","Full - Stack Developer","Arsr Technologies","Hyderabad, Mumbai, Kolkata, New Delhi, Pune, Chennai, Bengaluru","EXTERNAL","https://www.naukri.com/job-listings-full-stack-developer-arsr-technologies-kolkata-mumbai-new-delhi-hyderabad-pune-chennai-bengaluru-1-to-4-years-301020500932","https://www.naukri.com/job-listings-full-stack-developer-arsr-technologies-kolkata-mumbai-new-delhi-hyderabad-pune-chennai-bengaluru-1-to-4-years-301020500932","External — apply manually"
"job_1790855846793_boync","1/10/2026, 5:27:26 pm","NAUKRI","Full Stack Developer","Tealvue Software Solutions","Hyderabad, Mumbai, Kolkata, New Delhi, Pune, Chennai, Bengaluru","EXTERNAL","https://www.naukri.com/job-listings-full-stack-developer-tealvue-software-solutions-private-limited-kolkata-mumbai-new-delhi-hyderabad-pune-chennai-bengaluru-2-to-4-years-111224501969","https://www.naukri.com/job-listings-full-stack-developer-tealvue-software-solutions-private-limited-kolkata-mumbai-new-delhi-hyderabad-pune-chennai-bengaluru-2-to-4-years-111224501969","External — apply manually"
"job_1790855846794_exq2e","1/10/2026, 5:27:26 pm","NAUKRI","Full Stack Developer","Techkrill Consulting","Hyderabad","EXTERNAL","https://www.naukri.com/job-listings-full-stack-developer-techkrill-consulting-private-limited-hyderabad-2-to-5-years-230726504358","https://www.naukri.com/job-listings-full-stack-developer-techkrill-consulting-private-limited-hyderabad-2-to-5-years-230726504358","External — apply manually"
"job_1790855846794_rm7cg","1/10/2026, 5:27:26 pm","NAUKRI","Full Stack Developer","SEDOTS Info Technologies (P) Ltd","Hyderabad","EXTERNAL","https://www.naukri.com/job-listings-full-stack-developer-sedots-info-technologies-p-ltd-hyderabad-0-to-1-years-090426500281","https://www.naukri.com/job-listings-full-stack-developer-sedots-info-technologies-p-ltd-hyderabad-0-to-1-years-090426500281","External — apply manually"
"job_1790855846794_msxyt","1/10/2026, 5:27:26 pm","NAUKRI","Full Stack Developer","Mocktheta","Hyderabad","EXTERNAL","https://www.naukri.com/job-listings-full-stack-developer-mocktheta-hyderabad-0-to-2-years-230821501057","https://www.naukri.com/job-listings-full-stack-developer-mocktheta-hyderabad-0-to-2-years-230821501057","External — apply manually"
"job_1790855846794_fvmgd","1/10/2026, 5:27:26 pm","NAUKRI","Full Stack Developer","Vistan Nextgen","Hyderabad","EXTERNAL","https://www.naukri.com/job-listings-full-stack-developer-vistan-nextgen-pvt-ltd-hyderabad-2-to-7-years-200922501269","https://www.naukri.com/job-listings-full-stack-developer-vistan-nextgen-pvt-ltd-hyderabad-2-to-7-years-200922501269","External — apply manually"
"job_1790855846794_mmnco","1/10/2026, 5:27:26 pm","NAUKRI","Full Stack Developer","Pronix It Solutions","Hyderabad","EXTERNAL","https://www.naukri.com/job-listings-full-stack-developer-pronix-inc-hyderabad-1-to-4-years-170525501222","https://www.naukri.com/job-listings-full-stack-developer-pronix-inc-hyderabad-1-to-4-years-170525501222","External — apply manually"
"job_1790855846794_7mlsk","1/10/2026, 5:27:26 pm","NAUKRI","Full-Stack Developer","Boxfinity","Hyderabad","EXTERNAL","https://www.naukri.com/job-listings-full-stack-developer-boxfinity-pvt-ltd-hyderabad-1-to-3-years-130423500280","https://www.naukri.com/job-listings-full-stack-developer-boxfinity-pvt-ltd-hyderabad-1-to-3-years-130423500280","External — apply manually"
"job_1790855846794_fokq9","1/10/2026, 5:27:26 pm","NAUKRI","Full Stack Developer","IDESLABS","Hyderabad","EXTERNAL","https://www.naukri.com/job-listings-full-stack-developer-ideslabs-private-limited-hyderabad-3-to-10-years-061223502249","https://www.naukri.com/job-listings-full-stack-developer-ideslabs-private-limited-hyderabad-3-to-10-years-061223502249","External — apply manually"
"job_1790855846794_vsyqr","1/10/2026, 5:27:26 pm","NAUKRI","Platform/Full Stack Developer","Friesian Technologies","Hyderabad","EXTERNAL","https://www.naukri.com/job-listings-platform-full-stack-developer-friesian-technologies-private-limited-hyderabad-3-to-6-years-060225502044","https://www.naukri.com/job-listings-platform-full-stack-developer-friesian-technologies-private-limited-hyderabad-3-to-6-years-060225502044","External — apply manually"
"job_1790855846795_9e8ss","1/10/2026, 5:27:26 pm","NAUKRI","Full Stack Developer (React & Node JD)","Vertiscript Global It Services","Hyderabad","EXTERNAL","https://www.naukri.com/job-listings-full-stack-developer-react-node-jd-vertiscript-global-it-solution-hyderabad-3-to-6-years-031225502948","https://www.naukri.com/job-listings-full-stack-developer-react-node-jd-vertiscript-global-it-solution-hyderabad-3-to-6-years-031225502948","External — apply manually"
"job_1790855846795_oejee","1/10/2026, 5:27:26 pm","NAUKRI","Full Stack Developer","Skill Hive Hub","Hyderabad","EXTERNAL","https://www.naukri.com/job-listings-full-stack-developer-skill-hive-hub-hyderabad-2-to-5-years-010526501117","https://www.naukri.com/job-listings-full-stack-developer-skill-hive-hub-hyderabad-2-to-5-years-010526501117","External — apply manually"
"job_1790855846795_sl2kn","1/10/2026, 5:27:26 pm","NAUKRI","Full Stack Developer","Castlight Health","Hyderabad","EXTERNAL","https://www.naukri.com/job-listings-full-stack-developer-castlight-hyderabad-3-to-5-years-120124500841","https://www.naukri.com/job-listings-full-stack-developer-castlight-hyderabad-3-to-5-years-120124500841","External — apply manually"
"job_1790855846795_jk9z1","1/10/2026, 5:27:26 pm","NAUKRI","Full Stack Developer ( MVC )","Smartsoft","Hyderabad","EXTERNAL","https://www.naukri.com/job-listings-full-stack-developer-mvc-smartsoft-india-solutions-pvt-ltd-hyderabad-2-to-4-years-150426503831","https://www.naukri.com/job-listings-full-stack-developer-mvc-smartsoft-india-solutions-pvt-ltd-hyderabad-2-to-4-years-150426503831","External — apply manually"
"job_1790855846795_knn76","1/10/2026, 5:27:26 pm","NAUKRI","Full Stack Developer","Godigi Infotech","Hyderabad","EXTERNAL","https://www.naukri.com/job-listings-full-stack-developer-godigi-infotech-hyderabad-0-to-1-years-110826502082","https://www.naukri.com/job-listings-full-stack-developer-godigi-infotech-hyderabad-0-to-1-years-110826502082","External — apply manually"
"job_1790855846796_h9v02","1/10/2026, 5:27:26 pm","NAUKRI","Mid-Level Full Stack Developer ( ColdFusion )","Infoane","Hyderabad","EXTERNAL","https://www.naukri.com/job-listings-mid-level-full-stack-developer-coldfusion-infoane-technologies-hyderabad-2-to-5-years-270625505919","https://www.naukri.com/job-listings-mid-level-full-stack-developer-coldfusion-infoane-technologies-hyderabad-2-to-5-years-270625505919","External — apply manually"
"job_1790855846796_imybf","1/10/2026, 5:27:26 pm","NAUKRI","Full Stack Developer","Skilviu Soft Solutions","Hyderabad","EXTERNAL","https://www.naukri.com/job-listings-full-stack-developer-skilviu-soft-solutions-llp-hyderabad-2-to-3-years-270426500613","https://www.naukri.com/job-listings-full-stack-developer-skilviu-soft-solutions-llp-hyderabad-2-to-3-years-270426500613","External — apply manually"
"job_1790855846796_lu69n","1/10/2026, 5:27:26 pm","NAUKRI","Full Stack Developer","Adtcore","Hyderabad","EXTERNAL","https://www.naukri.com/job-listings-full-stack-developer-adtcore-hyderabad-2-to-7-years-181224501444","https://www.naukri.com/job-listings-full-stack-developer-adtcore-hyderabad-2-to-7-years-181224501444","External — apply manually"
"job_1790855846796_ejl9i","1/10/2026, 5:27:26 pm","NAUKRI","Full Stack Developer","Ahsan Solutions","Hyderabad","EXTERNAL","https://www.naukri.com/job-listings-full-stack-developer-ahsan-solutions-hyderabad-2-to-3-years-130526500581","https://www.naukri.com/job-listings-full-stack-developer-ahsan-solutions-hyderabad-2-to-3-years-130526500581","External — apply manually"
"job_1790855846796_2gx7s","1/10/2026, 5:27:26 pm","NAUKRI","Full Stack Developer React + Node","Quanteon Solutions","Hyderabad","EXTERNAL","https://www.naukri.com/job-listings-full-stack-developer-react-node-quanteon-llc-hyderabad-3-to-8-years-130226502853","https://www.naukri.com/job-listings-full-stack-developer-react-node-quanteon-llc-hyderabad-3-to-8-years-130226502853","External — apply manually"
"job_1790855846797_zji77","1/10/2026, 5:27:26 pm","NAUKRI","Full Stack Developer","Accufy","Hyderabad","EXTERNAL","https://www.naukri.com/job-listings-full-stack-developer-accufy-hyderabad-0-to-4-years-090626502770","https://www.naukri.com/job-listings-full-stack-developer-accufy-hyderabad-0-to-4-years-090626502770","External — apply manually"
"job_1790855846797_5bpdr","1/10/2026, 5:27:26 pm","NAUKRI","Principal Full Stack Developer","Five9s Solutions","Hyderabad","EXTERNAL","https://www.naukri.com/job-listings-principal-full-stack-developer-five9s-solutions-hyderabad-2-to-3-years-080725503592","https://www.naukri.com/job-listings-principal-full-stack-developer-five9s-solutions-hyderabad-2-to-3-years-080725503592","External — apply manually"
"job_1790855846797_el12e","1/10/2026, 5:27:26 pm","NAUKRI","Full Stack Developer","Imedhas","Hyderabad","EXTERNAL","https://www.naukri.com/job-listings-full-stack-developer-imedhas-consulting-services-hyderabad-3-to-6-years-040626500145","https://www.naukri.com/job-listings-full-stack-developer-imedhas-consulting-services-hyderabad-3-to-6-years-040626500145","External — apply manually"
"job_1790855846798_98ftc","1/10/2026, 5:27:26 pm","NAUKRI","Full Stack Developer","Wesquare India","Hyderabad","EXTERNAL","https://www.naukri.com/job-listings-full-stack-developer-wesquare-india-private-limited-hyderabad-3-to-6-years-030723501557","https://www.naukri.com/job-listings-full-stack-developer-wesquare-india-private-limited-hyderabad-3-to-6-years-030723501557","External — apply manually"
"job_1790855846798_s7lai","1/10/2026, 5:27:26 pm","NAUKRI","Full Stack Developer","Vtitan","Hyderabad","EXTERNAL","https://www.naukri.com/job-listings-full-stack-developer-vtitan-corporation-pvt-ltd-hyderabad-2-to-3-years-030323501308","https://www.naukri.com/job-listings-full-stack-developer-vtitan-corporation-pvt-ltd-hyderabad-2-to-3-years-030323501308","External — apply manually"
"job_1790855846798_amuts","1/10/2026, 5:27:26 pm","NAUKRI","Full-Stack Developer","STP Web Hosting","Hyderabad, Mumbai, Kolkata, New Delhi, Pune, Chennai, Bengaluru","EXTERNAL","https://www.naukri.com/job-listings-full-stack-developer-stp-web-hosting-kolkata-mumbai-new-delhi-hyderabad-pune-chennai-bengaluru-2-to-5-years-121124505255","https://www.naukri.com/job-listings-full-stack-developer-stp-web-hosting-kolkata-mumbai-new-delhi-hyderabad-pune-chennai-bengaluru-2-to-5-years-121124505255","External — apply manually"
"job_1790855846798_jre9o","1/10/2026, 5:27:26 pm","NAUKRI","Full Stack Developer","Acme Services","Hyderabad","EXTERNAL","https://www.naukri.com/job-listings-full-stack-developer-acme-services-hyderabad-2-to-7-years-210223501221","https://www.naukri.com/job-listings-full-stack-developer-acme-services-hyderabad-2-to-7-years-210223501221","External — apply manually"
"job_1790855846798_3qajo","1/10/2026, 5:27:26 pm","NAUKRI","React - Full Stack Developer","Zippr","Hyderabad","EXTERNAL","https://www.naukri.com/job-listings-react-full-stack-developer-zippr-in-hyderabad-2-to-4-years-221220500676","https://www.naukri.com/job-listings-react-full-stack-developer-zippr-in-hyderabad-2-to-4-years-221220500676","External — apply manually"
"job_1790855846798_2toqq","1/10/2026, 5:27:26 pm","NAUKRI","React - Full Stack Developer","Zippr","Hyderabad","EXTERNAL","https://www.naukri.com/job-listings-react-full-stack-developer-zippr-in-hyderabad-2-to-4-years-120320501812","https://www.naukri.com/job-listings-react-full-stack-developer-zippr-in-hyderabad-2-to-4-years-120320501812","External — apply manually"
"job_1790855846798_hqqax","1/10/2026, 5:27:26 pm","NAUKRI","Principal Full-Stack Developer - Full Time -IST","Centroid","Hyderabad","EXTERNAL","https://www.naukri.com/job-listings-principal-full-stack-developer-full-time-ist-centroid-systems-hyderabad-9-to-14-years-310826503774","https://www.naukri.com/job-listings-principal-full-stack-developer-full-time-ist-centroid-systems-hyderabad-9-to-14-years-310826503774","External — apply manually"
"job_1790855846798_i06c8","1/10/2026, 5:27:26 pm","NAUKRI","Full Stack Developer","Claim Genius","Hyderabad","EXTERNAL","https://www.naukri.com/job-listings-full-stack-developer-claim-genius-india-pvt-ltd-hyderabad-3-to-8-years-110826502008","https://www.naukri.com/job-listings-full-stack-developer-claim-genius-india-pvt-ltd-hyderabad-3-to-8-years-110826502008","External — apply manually"
"job_1790855846799_2242i","1/10/2026, 5:27:26 pm","NAUKRI","Full Stack Developer","Triad Square Infosec","Hyderabad","EXTERNAL","https://www.naukri.com/job-listings-full-stack-developer-triad-square-infotec-pvt-ltd-hyderabad-5-to-10-years-270625500180","https://www.naukri.com/job-listings-full-stack-developer-triad-square-infotec-pvt-ltd-hyderabad-5-to-10-years-270625500180","External — apply manually"
"job_1790855846799_vtqrn","1/10/2026, 5:27:26 pm","NAUKRI","Full-Stack NestJS Developer","Technource","Hyderabad, Mumbai, Kolkata, New Delhi, Pune, Chennai, Bengaluru","EXTERNAL","https://www.naukri.com/job-listings-full-stack-nestjs-developer-technource-kolkata-mumbai-new-delhi-hyderabad-pune-chennai-bengaluru-0-to-2-years-200326506100","https://www.naukri.com/job-listings-full-stack-nestjs-developer-technource-kolkata-mumbai-new-delhi-hyderabad-pune-chennai-bengaluru-0-to-2-years-200326506100","External — apply manually"
"job_1790855846799_vf3ee","1/10/2026, 5:27:26 pm","NAUKRI","Full Stack Developer","Quintessential Design","Hyderabad","EXTERNAL","https://www.naukri.com/job-listings-full-stack-developer-quin-quintessential-design-hyderabad-4-to-9-years-180626503404","https://www.naukri.com/job-listings-full-stack-developer-quin-quintessential-design-hyderabad-4-to-9-years-180626503404","External — apply manually"
"job_1790855846799_og79q","1/10/2026, 5:27:26 pm","NAUKRI","Full Stack Developer (Fullstack with AI)","Vamritech","Hyderabad","EXTERNAL","https://www.naukri.com/job-listings-full-stack-developer-fullstack-with-ai-vamritech-private-limited-hyderabad-5-to-10-years-040826500759","https://www.naukri.com/job-listings-full-stack-developer-fullstack-with-ai-vamritech-private-limited-hyderabad-5-to-10-years-040826500759","External — apply manually"
"job_1790855846799_p3wx0","1/10/2026, 5:27:26 pm","NAUKRI","Full stack Developer","Innobox Systems","Hyderabad","EXTERNAL","https://www.naukri.com/job-listings-full-stack-developer-innobox-systems-hyderabad-5-to-10-years-140726504325","https://www.naukri.com/job-listings-full-stack-developer-innobox-systems-hyderabad-5-to-10-years-140726504325","External — apply manually"
"job_1790855846799_pxrtn","1/10/2026, 5:27:26 pm","NAUKRI","Full Stack Nodejs Developer","Tayseer Technologies","Hyderabad","EXTERNAL","https://www.naukri.com/job-listings-full-stack-nodejs-developer-tayseer-technologies-pvt-ltd-hyderabad-2-to-5-years-301222501399","https://www.naukri.com/job-listings-full-stack-nodejs-developer-tayseer-technologies-pvt-ltd-hyderabad-2-to-5-years-301222501399","External — apply manually"
"job_1790855846799_55sbe","1/10/2026, 5:27:26 pm","NAUKRI","Full Stack Developer","Capital Info","Hyderabad","EXTERNAL","https://www.naukri.com/job-listings-full-stack-developer-capital-now-hyderabad-4-to-9-years-091025503575","https://www.naukri.com/job-listings-full-stack-developer-capital-now-hyderabad-4-to-9-years-091025503575","External — apply manually"
"job_1790855846799_wwcfa","1/10/2026, 5:27:26 pm","NAUKRI","Full Stack Developer","Political Engineer","Hyderabad","EXTERNAL","https://www.naukri.com/job-listings-full-stack-developer-political-engineer-hyderabad-5-to-6-years-060526504395","https://www.naukri.com/job-listings-full-stack-developer-political-engineer-hyderabad-5-to-6-years-060526504395","External — apply manually"
"job_1790855846800_uodki","1/10/2026, 5:27:26 pm","NAUKRI","Full Stack Developer","Align Technology","Hyderabad","EXTERNAL","https://www.naukri.com/job-listings-full-stack-developer-align-technology-hyderabad-8-to-13-years-220525504866","https://www.naukri.com/job-listings-full-stack-developer-align-technology-hyderabad-8-to-13-years-220525504866","External — apply manually"
"job_1790855846800_69cm8","1/10/2026, 5:27:26 pm","NAUKRI","Full Stack Developer","Minfy Technologies","Hyderabad","EXTERNAL","https://www.naukri.com/job-listings-full-stack-developer-minfy-hyderabad-6-to-11-years-100826504937","https://www.naukri.com/job-listings-full-stack-developer-minfy-hyderabad-6-to-11-years-100826504937","External — apply manually"
"job_1790855846800_yd2gu","1/10/2026, 5:27:26 pm","NAUKRI","Full Stack Developer NodeJS+Java","Logic Planet","Hyderabad, Mumbai, Kolkata, New Delhi, Pune, Chennai, Bengaluru","EXTERNAL","https://www.naukri.com/job-listings-full-stack-developer-nodejs-java-logicplanet-it-services-kolkata-mumbai-new-delhi-hyderabad-pune-chennai-bengaluru-5-to-12-years-200226504884","https://www.naukri.com/job-listings-full-stack-developer-nodejs-java-logicplanet-it-services-kolkata-mumbai-new-delhi-hyderabad-pune-chennai-bengaluru-5-to-12-years-200226504884","External — apply manually"
"job_1790855846800_y0hoi","1/10/2026, 5:27:26 pm","NAUKRI","Full-stack WordPress Developer","Technocrats Horizons","Hyderabad","EXTERNAL","https://www.naukri.com/job-listings-full-stack-wordpress-developer-technocrats-horizons-hyderabad-4-to-5-years-260826504193","https://www.naukri.com/job-listings-full-stack-wordpress-developer-technocrats-horizons-hyderabad-4-to-5-years-260826504193","External — apply manually"
"job_1790855846800_zsmf0","1/10/2026, 5:27:26 pm","NAUKRI","Full Stack Developer","Blueberry Digital Labs","Hyderabad","EXTERNAL","https://www.naukri.com/job-listings-full-stack-developer-blueberry-labs-hyderabad-7-to-12-years-240726507052","https://www.naukri.com/job-listings-full-stack-developer-blueberry-labs-hyderabad-7-to-12-years-240726507052","External — apply manually"
"job_1790855846800_m37c3","1/10/2026, 5:27:26 pm","NAUKRI","full stack developer-Java+UI","Squircle IT","Hyderabad","EXTERNAL","https://www.naukri.com/job-listings-full-stack-developer-java-ui-squircle-it-consulting-services-pvt-ltd-hyderabad-4-to-9-years-140126502053","https://www.naukri.com/job-listings-full-stack-developer-java-ui-squircle-it-consulting-services-pvt-ltd-hyderabad-4-to-9-years-140126502053","External — apply manually"
"job_1790855846800_du6q7","1/10/2026, 5:27:26 pm","NAUKRI","AEM Full Stack Developer","Rockwell Automation","Hyderabad","EXTERNAL","https://www.naukri.com/job-listings-aem-full-stack-developer-rockwell-automation-hyderabad-4-to-9-years-100726501309","https://www.naukri.com/job-listings-aem-full-stack-developer-rockwell-automation-hyderabad-4-to-9-years-100726501309","External — apply manually"
"job_1790855846800_no2bc","1/10/2026, 5:27:26 pm","NAUKRI","Full Stack Developer","Oasys Cybernatics","Hyderabad, Mumbai, Kolkata, New Delhi, Pune, Chennai, Bengaluru","EXTERNAL","https://www.naukri.com/job-listings-full-stack-developer-oasys-cybernetics-kolkata-mumbai-new-delhi-hyderabad-pune-chennai-bengaluru-7-to-13-years-210220501377","https://www.naukri.com/job-listings-full-stack-developer-oasys-cybernetics-kolkata-mumbai-new-delhi-hyderabad-pune-chennai-bengaluru-7-to-13-years-210220501377","External — apply manually"
"job_1790855846801_mn2hw","1/10/2026, 5:27:26 pm","NAUKRI","Full - Stack Developer","DataSpeaks","Hyderabad","EXTERNAL","https://www.naukri.com/job-listings-full-stack-developer-dataspeaks-services-private-limited-hyderabad-12-to-17-years-130826501828","https://www.naukri.com/job-listings-full-stack-developer-dataspeaks-services-private-limited-hyderabad-12-to-17-years-130826501828","External — apply manually"
"job_1790855846801_osmd4","1/10/2026, 5:27:26 pm","NAUKRI","Full Stack Developer","Turium Ai","Hyderabad","EXTERNAL","https://www.naukri.com/job-listings-full-stack-developer-turium-ai-hyderabad-5-to-10-years-050826503680","https://www.naukri.com/job-listings-full-stack-developer-turium-ai-hyderabad-5-to-10-years-050826503680","External — apply manually"
"job_1790855846801_9itxe","1/10/2026, 5:27:26 pm","NAUKRI","Full Stack Developer","Tquanta Technologies","Hyderabad","EXTERNAL","https://www.naukri.com/job-listings-full-stack-developer-tquanta-technologies-hyderabad-5-to-12-years-181225503037","https://www.naukri.com/job-listings-full-stack-developer-tquanta-technologies-hyderabad-5-to-12-years-181225503037","External — apply manually"
"job_1790855846801_qgbih","1/10/2026, 5:27:26 pm","NAUKRI","Full Stack Developer","Tech Stalwart Solution","Hyderabad","EXTERNAL","https://www.naukri.com/job-listings-full-stack-developer-tech-stalwart-solution-private-limited-hyderabad-5-to-7-years-100325500811","https://www.naukri.com/job-listings-full-stack-developer-tech-stalwart-solution-private-limited-hyderabad-5-to-7-years-100325500811","External — apply manually"
"job_1790855846801_eo2le","1/10/2026, 5:27:26 pm","NAUKRI","Full Stack Developer (ReactJS + NodeJS)","Religent Systems","Hyderabad","EXTERNAL","https://www.naukri.com/job-listings-full-stack-developer-reactjs-nodejs-religent-systems-hyderabad-4-to-6-years-081225503639","https://www.naukri.com/job-listings-full-stack-developer-reactjs-nodejs-religent-systems-hyderabad-4-to-6-years-081225503639","External — apply manually"
"job_1790855846801_qiav0","1/10/2026, 5:27:26 pm","NAUKRI","AI Full Stack Developer","Pronix It Solutions","Hyderabad","EXTERNAL","https://www.naukri.com/job-listings-ai-full-stack-developer-pronix-inc-hyderabad-4-to-6-years-040225505227","https://www.naukri.com/job-listings-ai-full-stack-developer-pronix-inc-hyderabad-4-to-6-years-040225505227","External — apply manually"
"job_1790855846801_ktd4t","1/10/2026, 5:27:26 pm","NAUKRI","Full stack Developers","O2labs Solutions","Hyderabad","EXTERNAL","https://www.naukri.com/job-listings-full-stack-developers-o2labs-solutions-hyderabad-4-to-8-years-030924501530","https://www.naukri.com/job-listings-full-stack-developers-o2labs-solutions-hyderabad-4-to-8-years-030924501530","External — apply manually"
"job_1790855846801_0die6","1/10/2026, 5:27:26 pm","NAUKRI","Full Stack Developer","Photon","Hyderabad, Mumbai, Kolkata, New Delhi, Pune, Chennai, Bengaluru","EXTERNAL","https://www.naukri.com/job-listings-full-stack-developer-photon-infotech-p-ltd-kolkata-mumbai-new-delhi-hyderabad-pune-chennai-bengaluru-5-to-8-years-210125504316","https://www.naukri.com/job-listings-full-stack-developer-photon-infotech-p-ltd-kolkata-mumbai-new-delhi-hyderabad-pune-chennai-bengaluru-5-to-8-years-210125504316","External — apply manually"
"job_1790855846802_8vixs","1/10/2026, 5:27:26 pm","NAUKRI","Full Stack Developer","Side","Hyderabad","EXTERNAL","https://www.naukri.com/job-listings-full-stack-developer-side-hyderabad-4-to-7-years-020726503262","https://www.naukri.com/job-listings-full-stack-developer-side-hyderabad-4-to-7-years-020726503262","External — apply manually"
"job_1790855846802_sem4z","1/10/2026, 5:27:26 pm","NAUKRI","Full Stack Developer","Yotta Techports","Hyderabad","EXTERNAL","https://www.naukri.com/job-listings-full-stack-developer-yotta-techports-pvt-ltd-hyderabad-4-to-9-years-020626502643","https://www.naukri.com/job-listings-full-stack-developer-yotta-techports-pvt-ltd-hyderabad-4-to-9-years-020626502643","External — apply manually"
"job_1790855846802_qgege","1/10/2026, 5:27:26 pm","NAUKRI","Full Stack Developer","Align Technology","Hyderabad","EXTERNAL","https://www.naukri.com/job-listings-full-stack-developer-align-technology-hyderabad-8-to-13-years-220525504867","https://www.naukri.com/job-listings-full-stack-developer-align-technology-hyderabad-8-to-13-years-220525504867","External — apply manually"
"job_1790855846802_kipo6","1/10/2026, 5:27:26 pm","NAUKRI","Full Stack Developer","Align Technology","Hyderabad","EXTERNAL","https://www.naukri.com/job-listings-full-stack-developer-align-technology-hyderabad-5-to-8-years-110326505025","https://www.naukri.com/job-listings-full-stack-developer-align-technology-hyderabad-5-to-8-years-110326505025","External — apply manually"
"job_1790855846802_d3fs0","1/10/2026, 5:27:26 pm","NAUKRI","Full Stack Developer","Goviralll Media","Hyderabad","EXTERNAL","https://www.naukri.com/job-listings-full-stack-developer-goviralll-media-hyderabad-4-to-9-years-061120500735","https://www.naukri.com/job-listings-full-stack-developer-goviralll-media-hyderabad-4-to-9-years-061120500735","External — apply manually"
"job_1790855846802_8ajxe","1/10/2026, 5:27:26 pm","NAUKRI","Full Stack Developer","Pole To Win (PTW)","Hyderabad","EXTERNAL","https://www.naukri.com/job-listings-full-stack-developer-pole-to-win-international-hyderabad-4-to-7-years-020726503261","https://www.naukri.com/job-listings-full-stack-developer-pole-to-win-international-hyderabad-4-to-7-years-020726503261","External — apply manually"
"job_1790855846802_dmbrq","1/10/2026, 5:27:26 pm","NAUKRI","Full Stack Developer","LLP S3bglobal Technologies","Hyderabad, Mumbai, Kolkata, New Delhi, Pune, Chennai, Bengaluru","EXTERNAL","https://www.naukri.com/job-listings-full-stack-developer-s3b-global-kolkata-mumbai-new-delhi-hyderabad-pune-chennai-bengaluru-5-to-9-years-300724502066","https://www.naukri.com/job-listings-full-stack-developer-s3b-global-kolkata-mumbai-new-delhi-hyderabad-pune-chennai-bengaluru-5-to-9-years-300724502066","External — apply manually"
"job_1790855846803_kq9iz","1/10/2026, 5:27:26 pm","NAUKRI","Full Stack Developer","Aspirant Soft Solutions","Hyderabad","EXTERNAL","https://www.naukri.com/job-listings-full-stack-developer-aspirant-soft-solutions-hyderabad-5-to-10-years-290819500816","https://www.naukri.com/job-listings-full-stack-developer-aspirant-soft-solutions-hyderabad-5-to-10-years-290819500816","External — apply manually"
"job_1790855846803_n6wsv","1/10/2026, 5:27:26 pm","NAUKRI","Full Stack Developer and Lead","Avidall","Hyderabad","EXTERNAL","https://www.naukri.com/job-listings-full-stack-developer-and-lead-avidall-hyderabad-4-to-5-years-270723502438","https://www.naukri.com/job-listings-full-stack-developer-and-lead-avidall-hyderabad-4-to-5-years-270723502438","External — apply manually"
"job_1790855846803_9u4rq","1/10/2026, 5:27:26 pm","NAUKRI","Full Stack Developer- MERN","Voiceoc Innovations","Hyderabad, Mumbai, Kolkata, New Delhi, Pune, Chennai, Bengaluru","EXTERNAL","https://www.naukri.com/job-listings-full-stack-developer-mern-voiceoc-kolkata-mumbai-new-delhi-hyderabad-pune-chennai-bengaluru-2-to-4-years-201124513579","https://www.naukri.com/job-listings-full-stack-developer-mern-voiceoc-kolkata-mumbai-new-delhi-hyderabad-pune-chennai-bengaluru-2-to-4-years-201124513579","External — apply manually"
"job_1790855846803_uksgi","1/10/2026, 5:27:26 pm","NAUKRI","Full Stack Developer (PHP, Laravel)","Cupid Knot","Hyderabad, Mumbai, Kolkata, New Delhi, Pune, Chennai, Bengaluru","EXTERNAL","https://www.naukri.com/job-listings-full-stack-developer-php-laravel-cupid-knot-kolkata-mumbai-new-delhi-hyderabad-pune-chennai-bengaluru-0-to-3-years-130225506970","https://www.naukri.com/job-listings-full-stack-developer-php-laravel-cupid-knot-kolkata-mumbai-new-delhi-hyderabad-pune-chennai-bengaluru-0-to-3-years-130225506970","External — apply manually"
"job_1790855846803_h3qi7","1/10/2026, 5:27:26 pm","NAUKRI","Full Stack Developer ( MERN )","Siima Technologies","Hyderabad","EXTERNAL","https://www.naukri.com/job-listings-full-stack-developer-mern-siima-technologies-hyderabad-1-to-4-years-040626501063","https://www.naukri.com/job-listings-full-stack-developer-mern-siima-technologies-hyderabad-1-to-4-years-040626501063","External — apply manually"
"job_1790855846803_shdo3","1/10/2026, 5:27:26 pm","NAUKRI","Full Stack Developer (.NET (C#), RESTful API, Angular, PostgreSQL)","Vamritech","Hyderabad","EXTERNAL","https://www.naukri.com/job-listings-full-stack-developer-net-c-restful-api-angular-postgresql-vamritech-private-limited-hyderabad-3-to-8-years-040826500745","https://www.naukri.com/job-listings-full-stack-developer-net-c-restful-api-angular-postgresql-vamritech-private-limited-hyderabad-3-to-8-years-040826500745","External — apply manually"
"job_1790855846803_0y5au","1/10/2026, 5:27:26 pm","NAUKRI","Full Stack Developer","Ghrian Technologies","Hyderabad","EXTERNAL","https://www.naukri.com/job-listings-full-stack-developer-ghrian-technologies-pvt-ltd-hyderabad-3-to-4-years-200726507071","https://www.naukri.com/job-listings-full-stack-developer-ghrian-technologies-pvt-ltd-hyderabad-3-to-4-years-200726507071","External — apply manually"
"job_1790855846803_yhyhu","1/10/2026, 5:27:26 pm","NAUKRI","Full Stack Developer","RedandBlue","Hyderabad","EXTERNAL","https://www.naukri.com/job-listings-full-stack-developer-redandblue-applied-innovations-hyderabad-2-to-6-years-181024502574","https://www.naukri.com/job-listings-full-stack-developer-redandblue-applied-innovations-hyderabad-2-to-6-years-181024502574","External — apply manually"
"job_1790855846804_bi7id","1/10/2026, 5:27:26 pm","NAUKRI","Full Stack Developer","Five9s Solutions","Hyderabad","EXTERNAL","https://www.naukri.com/job-listings-full-stack-developer-five9s-solutions-hyderabad-2-to-3-years-080725503639","https://www.naukri.com/job-listings-full-stack-developer-five9s-solutions-hyderabad-2-to-3-years-080725503639","External — apply manually"
"job_1790855846804_tymp5","1/10/2026, 5:27:26 pm","NAUKRI","Full Stack Developer","Diensten Tech","Hyderabad","EXTERNAL","https://www.naukri.com/job-listings-full-stack-developer-diensten-tech-limited-hyderabad-2-to-5-years-030325500580","https://www.naukri.com/job-listings-full-stack-developer-diensten-tech-limited-hyderabad-2-to-5-years-030325500580","External — apply manually"
"job_1790855846804_e2ec6","1/10/2026, 5:27:26 pm","NAUKRI","Full Stack Developer","Artify Talent Studio","Hyderabad, Mumbai, Kolkata, New Delhi, Pune, Chennai, Bengaluru","EXTERNAL","https://www.naukri.com/job-listings-full-stack-developer-artify-talent-studio-kolkata-mumbai-new-delhi-hyderabad-pune-chennai-bengaluru-4-to-8-years-280525502555","https://www.naukri.com/job-listings-full-stack-developer-artify-talent-studio-kolkata-mumbai-new-delhi-hyderabad-pune-chennai-bengaluru-4-to-8-years-280525502555","External — apply manually"
"job_1790855846804_ajhka","1/10/2026, 5:27:26 pm","NAUKRI","Facet Full stack Developer","Krazy Mantra It","Hyderabad, Mumbai, New Delhi, Pune, Chennai, Gurugram, Bengaluru","EXTERNAL","https://www.naukri.com/job-listings-facet-full-stack-developer-krazy-mantra-group-of-companies-mumbai-new-delhi-hyderabad-pune-chennai-gurugram-bengaluru-9-to-13-years-250325500611","https://www.naukri.com/job-listings-facet-full-stack-developer-krazy-mantra-group-of-companies-mumbai-new-delhi-hyderabad-pune-chennai-gurugram-bengaluru-9-to-13-years-250325500611","External — apply manually"
"job_1790855846804_g7wtl","1/10/2026, 5:27:26 pm","NAUKRI","LBG -Full Stack Developer- Core Java","Krazy Mantra It","Hyderabad, Bengaluru","EXTERNAL","https://www.naukri.com/job-listings-lbg-full-stack-developer-core-java-krazy-mantra-group-of-companies-hyderabad-bengaluru-2-to-7-years-230925501985","https://www.naukri.com/job-listings-lbg-full-stack-developer-core-java-krazy-mantra-group-of-companies-hyderabad-bengaluru-2-to-7-years-230925501985","External — apply manually"
"job_1790855846804_0tigl","1/10/2026, 5:27:26 pm","NAUKRI","Senior Full Stack Developer For Sora Union","Sora Union","Hyderabad, Mumbai, Kolkata, New Delhi, Pune, Chennai, Bengaluru","EXTERNAL","https://www.naukri.com/job-listings-senior-full-stack-developer-for-sora-union-sora-union-kolkata-mumbai-new-delhi-hyderabad-pune-chennai-bengaluru-3-to-6-years-100225503122","https://www.naukri.com/job-listings-senior-full-stack-developer-for-sora-union-sora-union-kolkata-mumbai-new-delhi-hyderabad-pune-chennai-bengaluru-3-to-6-years-100225503122","External — apply manually"
"job_1790855846804_p958h","1/10/2026, 5:27:26 pm","NAUKRI","PHP Full - Stack Developers","Veniso Solutions","Hyderabad","EXTERNAL","https://www.naukri.com/job-listings-php-full-stack-developers-veniso-solutions-hyderabad-1-to-3-years-090726503271","https://www.naukri.com/job-listings-php-full-stack-developers-veniso-solutions-hyderabad-1-to-3-years-090726503271","External — apply manually"
"job_1790855846804_uaz6s","1/10/2026, 5:27:26 pm","NAUKRI","Dot Net full stack Developer","Stack Digital","Hyderabad, Warangal, Nizamabad","EXTERNAL","https://www.naukri.com/job-listings-dot-net-full-stack-developer-stack-digital-warangal-hyderabad-nizamabad-2-to-7-years-260526506335","https://www.naukri.com/job-listings-dot-net-full-stack-developer-stack-digital-warangal-hyderabad-nizamabad-2-to-7-years-260526506335","External — apply manually"
"job_1790855846805_46l57","1/10/2026, 5:27:26 pm","NAUKRI","Net Full stack Developer - MDM custom application development","Stack Digital","Hyderabad, Warangal, Nizamabad","EXTERNAL","https://www.naukri.com/job-listings-net-full-stack-developer-mdm-custom-application-development-stack-digital-warangal-hyderabad-nizamabad-2-to-7-years-260526506334","https://www.naukri.com/job-listings-net-full-stack-developer-mdm-custom-application-development-stack-digital-warangal-hyderabad-nizamabad-2-to-7-years-260526506334","External — apply manually"
"job_1790855846805_pgqew","1/10/2026, 5:27:26 pm","NAUKRI","Python Full Stack Developer","Tatpata","Hyderabad","EXTERNAL","https://www.naukri.com/job-listings-python-full-stack-developer-tatpara-hyderabad-3-to-5-years-110826502837","https://www.naukri.com/job-listings-python-full-stack-developer-tatpara-hyderabad-3-to-5-years-110826502837","External — apply manually"
"job_1790855846805_rfgqh","1/10/2026, 5:27:26 pm","NAUKRI","Full Stack Developer Intern","Cerebrone","Hyderabad","EXTERNAL","https://www.naukri.com/job-listings-full-stack-developer-intern-cerebroneai-hyderabad-0-to-2-years-110725500486","https://www.naukri.com/job-listings-full-stack-developer-intern-cerebroneai-hyderabad-0-to-2-years-110725500486","External — apply manually"
"job_1790855846805_nkkqc","1/10/2026, 5:27:26 pm","NAUKRI","Full Stack Developer (Angular + Node.js) - CHN","Photon","Hyderabad, Mumbai, Kolkata, New Delhi, Pune, Chennai, Bengaluru","EXTERNAL","https://www.naukri.com/job-listings-full-stack-developer-angular-node-js-chn-photon-infotech-p-ltd-kolkata-mumbai-new-delhi-hyderabad-pune-chennai-bengaluru-6-to-9-years-120725503592","https://www.naukri.com/job-listings-full-stack-developer-angular-node-js-chn-photon-infotech-p-ltd-kolkata-mumbai-new-delhi-hyderabad-pune-chennai-bengaluru-6-to-9-years-120725503592","External — apply manually"
"job_1790855846805_a917p","1/10/2026, 5:27:26 pm","NAUKRI","Full Stack Developer - AI Native Product Builder","Whitecarrot.io","Hyderabad","EXTERNAL","https://www.naukri.com/job-listings-full-stack-developer-ai-native-product-builder-whitecarrot-hyderabad-2-to-4-years-100826505879","https://www.naukri.com/job-listings-full-stack-developer-ai-native-product-builder-whitecarrot-hyderabad-2-to-4-years-100826505879","External — apply manually"
"job_1790855846805_g9s56","1/10/2026, 5:27:26 pm","NAUKRI","Java script Full stack developer","Bitronics","Hyderabad","EXTERNAL","https://www.naukri.com/job-listings-java-script-full-stack-developer-bitronics-hyderabad-2-to-5-years-270723502441","https://www.naukri.com/job-listings-java-script-full-stack-developer-bitronics-hyderabad-2-to-5-years-270723502441","External — apply manually"
"job_1790855846805_qsdw6","1/10/2026, 5:27:26 pm","NAUKRI","Full stack developer with Angular","Krazy Mantra It","Hyderabad, Pune, Chennai, Bengaluru","EXTERNAL","https://www.naukri.com/job-listings-full-stack-developer-with-angular-krazy-mantra-group-of-companies-hyderabad-pune-chennai-bengaluru-1-to-4-years-250325500641","https://www.naukri.com/job-listings-full-stack-developer-with-angular-krazy-mantra-group-of-companies-hyderabad-pune-chennai-bengaluru-1-to-4-years-250325500641","External — apply manually"
"job_1790855846806_zt6j9","1/10/2026, 5:27:26 pm","NAUKRI","Senior Java Full Stack Developer with AWS","Broadridge","Hyderabad","EXTERNAL","https://www.naukri.com/job-listings-senior-java-full-stack-developer-with-aws-broadridge-financial-solutions-india-pvt-ltd-hyderabad-3-to-5-years-230426501770","https://www.naukri.com/job-listings-senior-java-full-stack-developer-with-aws-broadridge-financial-solutions-india-pvt-ltd-hyderabad-3-to-5-years-230426501770","External — apply manually"
"job_1790855846806_lqsse","1/10/2026, 5:27:26 pm","NAUKRI","Python Full Stack Developer","Mushroom Solutions","Hyderabad","EXTERNAL","https://www.naukri.com/job-listings-python-full-stack-developer-mushroom-solutions-hyderabad-3-to-8-years-150925503106","https://www.naukri.com/job-listings-python-full-stack-developer-mushroom-solutions-hyderabad-3-to-8-years-150925503106","External — apply manually"
"job_1790855846806_xqp39","1/10/2026, 5:27:26 pm","NAUKRI","Senior Full-Stack Developer","Metricspace Technologies","Hyderabad","EXTERNAL","https://www.naukri.com/job-listings-senior-full-stack-developer-metricspace-technologies-pvt-ltd-hyderabad-3-to-6-years-051225503225","https://www.naukri.com/job-listings-senior-full-stack-developer-metricspace-technologies-pvt-ltd-hyderabad-3-to-6-years-051225503225","External — apply manually"
"job_1790855846806_kvgk7","1/10/2026, 5:27:26 pm","NAUKRI","Dot NET Full Stack developer","Ztek Consulting","Hyderabad, Mumbai, Kolkata, New Delhi, Pune, Chennai, Bengaluru","EXTERNAL","https://www.naukri.com/job-listings-dot-net-full-stack-developer-ztek-consulting-pvt-ltd-kolkata-mumbai-new-delhi-hyderabad-pune-chennai-bengaluru-4-to-10-years-240625503738","https://www.naukri.com/job-listings-dot-net-full-stack-developer-ztek-consulting-pvt-ltd-kolkata-mumbai-new-delhi-hyderabad-pune-chennai-bengaluru-4-to-10-years-240625503738","External — apply manually"
"job_1790855846806_l0car","1/10/2026, 5:27:26 pm","NAUKRI","Sr Full Stack Developer (Java API + Angular)","Photon","Hyderabad, Mumbai, Kolkata, New Delhi, Pune, Chennai, Bengaluru","EXTERNAL","https://www.naukri.com/job-listings-sr-full-stack-developer-java-api-angular-photon-infotech-p-ltd-kolkata-mumbai-new-delhi-hyderabad-pune-chennai-bengaluru-8-to-13-years-110625503085","https://www.naukri.com/job-listings-sr-full-stack-developer-java-api-angular-photon-infotech-p-ltd-kolkata-mumbai-new-delhi-hyderabad-pune-chennai-bengaluru-8-to-13-years-110625503085","External — apply manually"
"job_1790855846806_n6dr6","1/10/2026, 5:27:26 pm","NAUKRI","React Developer","Anasol Consultancy Services","Hyderabad","EXTERNAL","https://www.naukri.com/job-listings-react-developer-anasol-consultancy-services-private-limited-hyderabad-2-to-5-years-130826502452","https://www.naukri.com/job-listings-react-developer-anasol-consultancy-services-private-limited-hyderabad-2-to-5-years-130826502452","External — apply manually"
"job_1790855846806_7hkc1","1/10/2026, 5:27:26 pm","NAUKRI","Custom Software Engineer","Accenture","Hyderabad","EXTERNAL","https://www.naukri.com/job-listings-custom-software-engineer-accenture-solutions-pvt-ltd-hyderabad-2-to-5-years-240826925760","https://www.naukri.com/job-listings-custom-software-engineer-accenture-solutions-pvt-ltd-hyderabad-2-to-5-years-240826925760","External — apply manually"
"job_1790855846807_ranh1","1/10/2026, 5:27:26 pm","NAUKRI","Conversational Developer","DAZN","Hyderabad","EXTERNAL","https://www.naukri.com/job-listings-conversational-developer-dazn-group-hyderabad-1-to-4-years-040826502027","https://www.naukri.com/job-listings-conversational-developer-dazn-group-hyderabad-1-to-4-years-040826502027","External — apply manually"
"job_1790855846807_7gljd","1/10/2026, 5:27:26 pm","NAUKRI","Custom Software Engineer","Accenture","Hyderabad","EXTERNAL","https://www.naukri.com/job-listings-custom-software-engineer-accenture-solutions-pvt-ltd-hyderabad-2-to-7-years-170826927167","https://www.naukri.com/job-listings-custom-software-engineer-accenture-solutions-pvt-ltd-hyderabad-2-to-7-years-170826927167","External — apply manually"
"job_1790855846807_riz2d","1/10/2026, 5:27:26 pm","NAUKRI","Custom Software Engineer","Accenture","Hyderabad","EXTERNAL","https://www.naukri.com/job-listings-custom-software-engineer-accenture-solutions-pvt-ltd-hyderabad-2-to-7-years-170826926639","https://www.naukri.com/job-listings-custom-software-engineer-accenture-solutions-pvt-ltd-hyderabad-2-to-7-years-170826926639","External — apply manually"
"job_1790855846808_ls14q","1/10/2026, 5:27:26 pm","NAUKRI","Custom Software Engineer","Accenture","Hyderabad","EXTERNAL","https://www.naukri.com/job-listings-custom-software-engineer-accenture-solutions-pvt-ltd-hyderabad-2-to-5-years-170826922611","https://www.naukri.com/job-listings-custom-software-engineer-accenture-solutions-pvt-ltd-hyderabad-2-to-5-years-170826922611","External — apply manually"
"job_1790855846808_tbjr8","1/10/2026, 5:27:26 pm","NAUKRI","Custom Software Engineer","Accenture","Hyderabad","EXTERNAL","https://www.naukri.com/job-listings-custom-software-engineer-accenture-solutions-pvt-ltd-hyderabad-2-to-5-years-110826933288","https://www.naukri.com/job-listings-custom-software-engineer-accenture-solutions-pvt-ltd-hyderabad-2-to-5-years-110826933288","External — apply manually"
"job_1790855846808_motry","1/10/2026, 5:27:26 pm","NAUKRI","React/Nodejs Developer","Ciber","Hyderabad","EXTERNAL","https://www.naukri.com/job-listings-react-nodejs-developer-ciber-global-solutions-center-hyderabad-7-to-12-years-310826503494","https://www.naukri.com/job-listings-react-nodejs-developer-ciber-global-solutions-center-hyderabad-7-to-12-years-310826503494","External — apply manually"
"job_1790855846809_yx675","1/10/2026, 5:27:26 pm","NAUKRI","Developer (NodeJs/React-NextJs)","Photon","Hyderabad, Mumbai, Kolkata, New Delhi, Pune, Chennai, Bengaluru","EXTERNAL","https://www.naukri.com/job-listings-developer-nodejs-react-nextjs-photon-infotech-p-ltd-kolkata-mumbai-new-delhi-hyderabad-pune-chennai-bengaluru-2-to-10-years-170725502168","https://www.naukri.com/job-listings-developer-nodejs-react-nextjs-photon-infotech-p-ltd-kolkata-mumbai-new-delhi-hyderabad-pune-chennai-bengaluru-2-to-10-years-170725502168","External — apply manually"
"job_1790855846809_58uhj","1/10/2026, 5:27:26 pm","NAUKRI","React Developer | Infosys","Logic Planet","Hyderabad, Mumbai, Kolkata, New Delhi, Pune, Chennai, Bengaluru","EXTERNAL","https://www.naukri.com/job-listings-react-developer-infosys-logicplanet-it-services-kolkata-mumbai-new-delhi-hyderabad-pune-chennai-bengaluru-5-to-10-years-200226504731","https://www.naukri.com/job-listings-react-developer-infosys-logicplanet-it-services-kolkata-mumbai-new-delhi-hyderabad-pune-chennai-bengaluru-5-to-10-years-200226504731","External — apply manually"
"job_1790855846809_02b45","1/10/2026, 5:27:26 pm","NAUKRI","React Developer","Nemetschek","Hyderabad","EXTERNAL","https://www.naukri.com/job-listings-react-developer-nemetschek-india-pvt-ltd-hyderabad-6-to-10-years-060526500110","https://www.naukri.com/job-listings-react-developer-nemetschek-india-pvt-ltd-hyderabad-6-to-10-years-060526500110","External — apply manually"
"job_1790855846809_rc2pf","1/10/2026, 5:27:26 pm","NAUKRI","Python / React Developer","Right Angle Solutions","Hyderabad","EXTERNAL","https://www.naukri.com/job-listings-python-react-developer-right-angle-solutions-hyderabad-5-to-10-years-241024503939","https://www.naukri.com/job-listings-python-react-developer-right-angle-solutions-hyderabad-5-to-10-years-241024503939","External — apply manually"
"job_1790855846809_4r5dy","1/10/2026, 5:27:26 pm","NAUKRI","Senior React Developer","KTree","Hyderabad","EXTERNAL","https://www.naukri.com/job-listings-senior-react-developer-k-tree-computer-solutions-i-pvt-ltd-hyderabad-5-to-10-years-200126501937","https://www.naukri.com/job-listings-senior-react-developer-k-tree-computer-solutions-i-pvt-ltd-hyderabad-5-to-10-years-200126501937","External — apply manually"
"job_1790855846810_g4zsk","1/10/2026, 5:27:26 pm","NAUKRI","React Developer","Idenisyss","Hyderabad","EXTERNAL","https://www.naukri.com/job-listings-react-developer-idenisyss-software-solutions-hyderabad-6-to-12-years-120126500934","https://www.naukri.com/job-listings-react-developer-idenisyss-software-solutions-hyderabad-6-to-12-years-120126500934","External — apply manually"
"job_1790855846810_nty7v","1/10/2026, 5:27:26 pm","NAUKRI","Senior React Developer","Swarnasky","Hyderabad","EXTERNAL","https://www.naukri.com/job-listings-senior-react-developer-swarnasky-private-limited-hyderabad-4-to-9-years-230726504368","https://www.naukri.com/job-listings-senior-react-developer-swarnasky-private-limited-hyderabad-4-to-9-years-230726504368","External — apply manually"
"job_1790855846810_c3djp","1/10/2026, 5:27:26 pm","NAUKRI","Senior Lead React Developer","Technohandz Global Information Technology Consultants","Hyderabad","EXTERNAL","https://www.naukri.com/job-listings-senior-lead-react-developer-technohandz-global-information-technology-consultants-l-l-c-hyderabad-8-to-13-years-240726505176","https://www.naukri.com/job-listings-senior-lead-react-developer-technohandz-global-information-technology-consultants-l-l-c-hyderabad-8-to-13-years-240726505176","External — apply manually"
"job_1790855846810_uyzi8","1/10/2026, 5:27:26 pm","NAUKRI","Senior React Developer","Sithafal Technologies","Hyderabad","EXTERNAL","https://www.naukri.com/job-listings-senior-react-developer-sithafal-technologies-hyderabad-5-to-10-years-100125503207","https://www.naukri.com/job-listings-senior-react-developer-sithafal-technologies-hyderabad-5-to-10-years-100125503207","External — apply manually"
"job_1790855846811_unsah","1/10/2026, 5:27:26 pm","NAUKRI","Lead Java Full Stack Developer","GE Vernova Consulting","Hyderabad","EXTERNAL","https://www.naukri.com/job-listings-lead-java-full-stack-developer-ge-vernova-consulting-hyderabad-5-to-10-years-010926504843","https://www.naukri.com/job-listings-lead-java-full-stack-developer-ge-vernova-consulting-hyderabad-5-to-10-years-010926504843","External — apply manually"
"job_1790855846811_9psd5","1/10/2026, 5:27:26 pm","NAUKRI","Java Full Stack Developer","Aptsol Global Tech","Hyderabad","EXTERNAL","https://www.naukri.com/job-listings-java-full-stack-developer-aptsol-global-tech-pvt-ltd-hyderabad-3-to-5-years-120724501688","https://www.naukri.com/job-listings-java-full-stack-developer-aptsol-global-tech-pvt-ltd-hyderabad-3-to-5-years-120724501688","External — apply manually"
"job_1790855846811_sptbm","1/10/2026, 5:27:26 pm","NAUKRI","Java Full Stack Developer","Pragma Edge Software Services","Hyderabad","EXTERNAL","https://www.naukri.com/job-listings-java-full-stack-developer-pragma-edge-software-services-private-limited-hyderabad-2-to-5-years-290124502269","https://www.naukri.com/job-listings-java-full-stack-developer-pragma-edge-software-services-private-limited-hyderabad-2-to-5-years-290124502269","External — apply manually"
"job_1790855846811_2fp8p","1/10/2026, 5:27:26 pm","NAUKRI","Custom Software Engineer","Accenture","Hyderabad","EXTERNAL","https://www.naukri.com/job-listings-custom-software-engineer-accenture-solutions-pvt-ltd-hyderabad-3-to-8-years-010926930334","https://www.naukri.com/job-listings-custom-software-engineer-accenture-solutions-pvt-ltd-hyderabad-3-to-8-years-010926930334","External — apply manually"
"job_1790855846811_vuvmv","1/10/2026, 5:27:26 pm","NAUKRI","Java Full Stack Developer","Leuwint Technologies","Hyderabad","EXTERNAL","https://www.naukri.com/job-listings-java-full-stack-developer-leuwint-technologies-hyderabad-9-to-14-years-310826503707","https://www.naukri.com/job-listings-java-full-stack-developer-leuwint-technologies-hyderabad-9-to-14-years-310826503707","External — apply manually"
"job_1790855846812_murqx","1/10/2026, 5:27:26 pm","NAUKRI","Java Full Stack Developer","Alladi Cloud Training Institute","Hyderabad","EXTERNAL","https://www.naukri.com/job-listings-java-full-stack-developer-alladi-cloud-training-hyderabad-6-to-10-years-180226503914","https://www.naukri.com/job-listings-java-full-stack-developer-alladi-cloud-training-hyderabad-6-to-10-years-180226503914","External — apply manually"
"job_1790855846812_g2oba","1/10/2026, 5:27:26 pm","NAUKRI","Java Full Stack Developer - Fresher","Zyphra Tech Solutions","Hyderabad","EXTERNAL","https://www.naukri.com/job-listings-java-full-stack-developer-fresher-zyphra-tech-solutions-inc-hyderabad-0-to-2-years-080626502238","https://www.naukri.com/job-listings-java-full-stack-developer-fresher-zyphra-tech-solutions-inc-hyderabad-0-to-2-years-080626502238","External — apply manually"
"job_1790855846812_ccfqy","1/10/2026, 5:27:26 pm","NAUKRI","Java Full Stack Developer","IDESLABS","Hyderabad, Mumbai, Kolkata, New Delhi, Pune, Chennai, Bengaluru","EXTERNAL","https://www.naukri.com/job-listings-java-full-stack-developer-ideslabs-private-limited-kolkata-mumbai-new-delhi-hyderabad-pune-chennai-bengaluru-4-to-6-years-071223501188","https://www.naukri.com/job-listings-java-full-stack-developer-ideslabs-private-limited-kolkata-mumbai-new-delhi-hyderabad-pune-chennai-bengaluru-4-to-6-years-071223501188","External — apply manually"
"job_1790855846812_l0bl2","1/10/2026, 5:27:26 pm","NAUKRI","Java Full Stack Developer","Mobigesture Software","Hyderabad","EXTERNAL","https://www.naukri.com/job-listings-java-full-stack-developer-mobigesture-hyderabad-4-to-8-years-311025500779","https://www.naukri.com/job-listings-java-full-stack-developer-mobigesture-hyderabad-4-to-8-years-311025500779","External — apply manually"
"job_1790855846812_w3cf8","1/10/2026, 5:27:26 pm","NAUKRI","Java Full Stack Developer-AWS","Han Digital Solution","Hyderabad, Warangal, Nizamabad","EXTERNAL","https://www.naukri.com/job-listings-java-full-stack-developer-aws-han-digital-solution-warangal-hyderabad-nizamabad-5-to-9-years-221125501089","https://www.naukri.com/job-listings-java-full-stack-developer-aws-han-digital-solution-warangal-hyderabad-nizamabad-5-to-9-years-221125501089","External — apply manually"
"job_1790855846812_zsctc","1/10/2026, 5:27:26 pm","NAUKRI","Java Full stack Developer with Angular/React","Crisil","Hyderabad","EXTERNAL","https://www.naukri.com/job-listings-java-full-stack-developer-with-angular-react-crisil-hyderabad-8-to-12-years-220526500508","https://www.naukri.com/job-listings-java-full-stack-developer-with-angular-react-crisil-hyderabad-8-to-12-years-220526500508","External — apply manually"
"job_1790855846813_nvc9g","1/10/2026, 5:27:26 pm","NAUKRI","Java Full Stack Developer","Trisun Technologies And Services","Hyderabad","EXTERNAL","https://www.naukri.com/job-listings-java-full-stack-developer-trisun-technologies-and-services-hyderabad-8-to-13-years-190325510153","https://www.naukri.com/job-listings-java-full-stack-developer-trisun-technologies-and-services-hyderabad-8-to-13-years-190325510153","External — apply manually"
"job_1790855846813_r3wy8","1/10/2026, 5:27:26 pm","NAUKRI","Java Full Stack Developer","Nbits","Hyderabad","EXTERNAL","https://www.naukri.com/job-listings-java-full-stack-developer-nbits-hyderabad-5-to-10-years-060325502001","https://www.naukri.com/job-listings-java-full-stack-developer-nbits-hyderabad-5-to-10-years-060325502001","External — apply manually"
"job_1790855846813_l5s4x","1/10/2026, 5:27:26 pm","NAUKRI","Java Full Stack Developer","Pronix It Solutions","Hyderabad","EXTERNAL","https://www.naukri.com/job-listings-java-full-stack-developer-pronix-inc-hyderabad-4-to-5-years-040526500240","https://www.naukri.com/job-listings-java-full-stack-developer-pronix-inc-hyderabad-4-to-5-years-040526500240","External — apply manually"
"job_1790855846813_8bidw","1/10/2026, 5:27:26 pm","NAUKRI","Senior Java Full Stack Developer","Vrize","Hyderabad, Mumbai, Kolkata, New Delhi, Pune, Chennai, Bengaluru","EXTERNAL","https://www.naukri.com/job-listings-senior-java-full-stack-developer-vrize-kolkata-mumbai-new-delhi-hyderabad-pune-chennai-bengaluru-4-to-9-years-120725502814","https://www.naukri.com/job-listings-senior-java-full-stack-developer-vrize-kolkata-mumbai-new-delhi-hyderabad-pune-chennai-bengaluru-4-to-9-years-120725502814","External — apply manually"
"job_1790855846813_8ieue","1/10/2026, 5:27:26 pm","NAUKRI","Custom Software Engineer","Accenture","Hyderabad","EXTERNAL","https://www.naukri.com/job-listings-custom-software-engineer-accenture-solutions-pvt-ltd-hyderabad-3-to-8-years-240826925964","https://www.naukri.com/job-listings-custom-software-engineer-accenture-solutions-pvt-ltd-hyderabad-3-to-8-years-240826925964","External — apply manually"
"job_1790855846814_wseom","1/10/2026, 5:27:26 pm","NAUKRI","Custom Software Engineer","Accenture","Hyderabad","EXTERNAL","https://www.naukri.com/job-listings-custom-software-engineer-accenture-solutions-pvt-ltd-hyderabad-3-to-8-years-240826925272","https://www.naukri.com/job-listings-custom-software-engineer-accenture-solutions-pvt-ltd-hyderabad-3-to-8-years-240826925272","External — apply manually"
"job_1790855846814_u0ohn","1/10/2026, 5:27:26 pm","NAUKRI","Senior Java Full Stack Developer","Whopper Technologies","Hyderabad","EXTERNAL","https://www.naukri.com/job-listings-senior-java-full-stack-developer-whopper-technologies-hyderabad-5-to-9-years-270325501262","https://www.naukri.com/job-listings-senior-java-full-stack-developer-whopper-technologies-hyderabad-5-to-9-years-270325501262","External — apply manually"
"job_1790855846814_0q663","1/10/2026, 5:27:26 pm","NAUKRI","Senior Java Full Stack Developer","Mindtris","Hyderabad","EXTERNAL","https://www.naukri.com/job-listings-senior-java-full-stack-developer-mindtris-hyderabad-5-to-10-years-040225503084","https://www.naukri.com/job-listings-senior-java-full-stack-developer-mindtris-hyderabad-5-to-10-years-040225503084","External — apply manually"
"job_1790855846814_9irrr","1/10/2026, 5:27:26 pm","NAUKRI","Custom Software Engineer","Accenture","Hyderabad","EXTERNAL","https://www.naukri.com/job-listings-custom-software-engineer-accenture-solutions-pvt-ltd-hyderabad-3-to-8-years-190826915063","https://www.naukri.com/job-listings-custom-software-engineer-accenture-solutions-pvt-ltd-hyderabad-3-to-8-years-190826915063","External — apply manually"
"job_1790855846814_sn3ah","1/10/2026, 5:27:26 pm","NAUKRI","Java Full-Stack Developer","Oracle Information Systems","Hyderabad","EXTERNAL","https://www.naukri.com/job-listings-java-full-stack-developer-oracle-information-systems-hyderabad-5-to-8-years-310720500599","https://www.naukri.com/job-listings-java-full-stack-developer-oracle-information-systems-hyderabad-5-to-8-years-310720500599","External — apply manually"
"job_1790855846815_trvwv","1/10/2026, 5:27:26 pm","NAUKRI","Java Full stack Developer with Angular","Devlats","Hyderabad","EXTERNAL","https://www.naukri.com/job-listings-java-full-stack-developer-with-angular-devlats-hyderabad-4-to-9-years-070526501887","https://www.naukri.com/job-listings-java-full-stack-developer-with-angular-devlats-hyderabad-4-to-9-years-070526501887","External — apply manually"
"job_1790855846815_ii28x","1/10/2026, 5:27:26 pm","NAUKRI","Java Full stack developer","Golden Future Technologies","Hyderabad","EXTERNAL","https://www.naukri.com/job-listings-java-full-stack-developer-golden-future-technologies-hyderabad-6-to-12-years-041023502100","https://www.naukri.com/job-listings-java-full-stack-developer-golden-future-technologies-hyderabad-6-to-12-years-041023502100","External — apply manually"
"job_1790855846815_4lpq4","1/10/2026, 5:27:26 pm","NAUKRI","Java Full Stack Developer (Angular)","Imedhas","Hyderabad","EXTERNAL","https://www.naukri.com/job-listings-java-full-stack-developer-angular-imedhas-consulting-services-hyderabad-4-to-8-years-040626501012","https://www.naukri.com/job-listings-java-full-stack-developer-angular-imedhas-consulting-services-hyderabad-4-to-8-years-040626501012","External — apply manually"
"job_1790855846815_hqu3z","1/10/2026, 5:27:26 pm","NAUKRI","Java + Microservices Developers","Virtualware Innovations","Hyderabad, Bengaluru","EXTERNAL","https://www.naukri.com/job-listings-java-microservices-developers-virtualware-innovations-hyderabad-bengaluru-3-to-7-years-020926504318","https://www.naukri.com/job-listings-java-microservices-developers-virtualware-innovations-hyderabad-bengaluru-3-to-7-years-020926504318","External — apply manually"
"job_1790855846815_y3hns","1/10/2026, 5:27:26 pm","NAUKRI","Senior Software Engineer","Infinite","Hyderabad","EXTERNAL","https://www.naukri.com/job-listings-senior-software-engineer-infinite-computer-solutions-india-pvt-ltd-hyderabad-2-to-9-years-020926504137","https://www.naukri.com/job-listings-senior-software-engineer-infinite-computer-solutions-india-pvt-ltd-hyderabad-2-to-9-years-020926504137","External — apply manually"
"job_1790855846815_suydx","1/10/2026, 5:27:26 pm","NAUKRI","Application Developer-Cloud FullStack","IBM","Hyderabad","EXTERNAL","https://www.naukri.com/job-listings-application-developer-cloud-fullstack-ibm-india-pvt-limited-hyderabad-5-to-10-years-020926922773","https://www.naukri.com/job-listings-application-developer-cloud-fullstack-ibm-india-pvt-limited-hyderabad-5-to-10-years-020926922773","External — apply manually"
"job_1790855846815_xj21r","1/10/2026, 5:27:26 pm","NAUKRI","Java Developer","Technohandz Global Information Technology Consultants","Hyderabad","EXTERNAL","https://www.naukri.com/job-listings-java-developer-technohandz-global-information-technology-consultants-l-l-c-hyderabad-4-to-9-years-240726505149","https://www.naukri.com/job-listings-java-developer-technohandz-global-information-technology-consultants-l-l-c-hyderabad-4-to-9-years-240726505149","External — apply manually"
"job_1790855846816_ye2m3","1/10/2026, 5:27:26 pm","NAUKRI","Java Developer","Logic Planet","Hyderabad","EXTERNAL","https://www.naukri.com/job-listings-java-developer-logicplanet-it-services-hyderabad-4-to-8-years-240226500272","https://www.naukri.com/job-listings-java-developer-logicplanet-it-services-hyderabad-4-to-8-years-240226500272","External — apply manually"
"job_1790855846816_febcj","1/10/2026, 5:27:26 pm","NAUKRI","Java Developer","Peoples Growth Hr Solutions","Hyderabad","EXTERNAL","https://www.naukri.com/job-listings-java-developer-peoples-growth-hr-solutions-pvt-ltd-hyderabad-5-to-10-years-180425503138","https://www.naukri.com/job-listings-java-developer-peoples-growth-hr-solutions-pvt-ltd-hyderabad-5-to-10-years-180425503138","External — apply manually"
"job_1790855846816_ig12u","1/10/2026, 5:27:26 pm","NAUKRI","Java Developer","Bytesedge","Hyderabad","EXTERNAL","https://www.naukri.com/job-listings-java-developer-bytesedge-hyderabad-5-to-9-years-090823500603","https://www.naukri.com/job-listings-java-developer-bytesedge-hyderabad-5-to-9-years-090823500603","External — apply manually"
"job_1790855846816_ptk9f","1/10/2026, 5:27:26 pm","NAUKRI","Java Developer (P&C Insurance)","Blitzenx","Hyderabad","EXTERNAL","https://www.naukri.com/job-listings-java-developer-p-c-insurance-blitzenx-rapid-consulting-services-hyderabad-5-to-10-years-130726503856","https://www.naukri.com/job-listings-java-developer-p-c-insurance-blitzenx-rapid-consulting-services-hyderabad-5-to-10-years-130726503856","External — apply manually"
"job_1790855846816_ogj7m","1/10/2026, 5:27:26 pm","NAUKRI","Java Developer","Exaze It","Hyderabad","EXTERNAL","https://www.naukri.com/job-listings-java-developer-exaze-it-hyderabad-7-to-15-years-030826501979","https://www.naukri.com/job-listings-java-developer-exaze-it-hyderabad-7-to-15-years-030826501979","External — apply manually"
"job_1790855846816_kdyr5","1/10/2026, 5:27:26 pm","NAUKRI","Full Stack Developer","Hoffmann La Roche","Hyderabad","EXTERNAL","https://www.naukri.com/job-listings-full-stack-developer-hoffmann-la-roche-hyderabad-1-to-5-years-200826501364","https://www.naukri.com/job-listings-full-stack-developer-hoffmann-la-roche-hyderabad-1-to-5-years-200826501364","External — apply manually"
"job_1790855846816_0a6l4","1/10/2026, 5:27:26 pm","NAUKRI","REACT DEVELOPER","Kofuku Idea Labs","Hyderabad","EXTERNAL","https://www.naukri.com/job-listings-react-developer-kofuku-idea-labs-hyderabad-3-to-6-years-301122500006","https://www.naukri.com/job-listings-react-developer-kofuku-idea-labs-hyderabad-3-to-6-years-301122500006","External — apply manually"
"job_1790855846816_60cfd","1/10/2026, 5:27:26 pm","NAUKRI","React Developer","Midh Technologies","Hyderabad","EXTERNAL","https://www.naukri.com/job-listings-react-developer-midhtechnologies-pvt-ltd-hyderabad-2-to-5-years-200326502462","https://www.naukri.com/job-listings-react-developer-midhtechnologies-pvt-ltd-hyderabad-2-to-5-years-200326502462","External — apply manually"
"job_1790855846817_tznhy","1/10/2026, 5:27:26 pm","NAUKRI","Java Fullstack Developer","Feuji Inc","Hyderabad, Warangal, Nizamabad","EXTERNAL","https://www.naukri.com/job-listings-java-fullstack-developer-feuji-warangal-hyderabad-nizamabad-2-to-4-years-030926504756","https://www.naukri.com/job-listings-java-fullstack-developer-feuji-warangal-hyderabad-nizamabad-2-to-4-years-030926504756","External — apply manually"
"job_1790855846817_v4smi","1/10/2026, 5:27:26 pm","NAUKRI","Full Stack Engineer","Accenture","Hyderabad","EXTERNAL","https://www.naukri.com/job-listings-full-stack-engineer-accenture-solutions-pvt-ltd-hyderabad-2-to-5-years-030926925689","https://www.naukri.com/job-listings-full-stack-engineer-accenture-solutions-pvt-ltd-hyderabad-2-to-5-years-030926925689","External — apply manually"
"job_1790855846817_h4tlw","1/10/2026, 5:27:26 pm","NAUKRI","java backend developer","IBU Consulting","Hyderabad","EXTERNAL","https://www.naukri.com/job-listings-java-backend-developer-ibu-consulting-hyderabad-1-to-4-years-040926501231","https://www.naukri.com/job-listings-java-backend-developer-ibu-consulting-hyderabad-1-to-4-years-040926501231","External — apply manually"
"job_1790855846817_r6am7","1/10/2026, 5:27:26 pm","NAUKRI","Java Developer","Instasmart Software Solutions","Hyderabad","EXTERNAL","https://www.naukri.com/job-listings-java-developer-instasmart-software-solutions-hyderabad-2-to-6-years-030926503947","https://www.naukri.com/job-listings-java-developer-instasmart-software-solutions-hyderabad-2-to-6-years-030926503947","External — apply manually"
"job_1790855846817_ygi9t","1/10/2026, 5:27:26 pm","NAUKRI","Custom Software Engineer","Accenture","Hyderabad","EXTERNAL","https://www.naukri.com/job-listings-custom-software-engineer-accenture-solutions-pvt-ltd-hyderabad-3-to-8-years-030926925711","https://www.naukri.com/job-listings-custom-software-engineer-accenture-solutions-pvt-ltd-hyderabad-3-to-8-years-030926925711","External — apply manually"
"job_1790855846817_ncf6s","1/10/2026, 5:27:26 pm","NAUKRI","Java + Selenium Developer","Virtualware Innovations","Hyderabad","EXTERNAL","https://www.naukri.com/job-listings-java-selenium-developer-virtualware-innovations-hyderabad-3-to-6-years-020926504327","https://www.naukri.com/job-listings-java-selenium-developer-virtualware-innovations-hyderabad-3-to-6-years-020926504327","External — apply manually"
"job_1790855846817_k45oa","1/10/2026, 5:27:26 pm","NAUKRI","Java Developer","Digitowork","Hyderabad","EXTERNAL","https://www.naukri.com/job-listings-java-developer-digitowork-hyderabad-3-to-8-years-191225503091","https://www.naukri.com/job-listings-java-developer-digitowork-hyderabad-3-to-8-years-191225503091","External — apply manually"
"job_1790855846817_as041","1/10/2026, 5:27:26 pm","NAUKRI","Java Developer","Sixpath Technologies","Hyderabad","EXTERNAL","https://www.naukri.com/job-listings-java-developer-sixpath-technologies-hyderabad-3-to-8-years-220118504140","https://www.naukri.com/job-listings-java-developer-sixpath-technologies-hyderabad-3-to-8-years-220118504140","External — apply manually"
"job_1790855846817_7hk07","1/10/2026, 5:27:26 pm","NAUKRI","Custom Software Engineer","Accenture","Hyderabad","EXTERNAL","https://www.naukri.com/job-listings-custom-software-engineer-accenture-solutions-pvt-ltd-hyderabad-2-to-5-years-170826925029","https://www.naukri.com/job-listings-custom-software-engineer-accenture-solutions-pvt-ltd-hyderabad-2-to-5-years-170826925029","External — apply manually"
"job_1790855846818_99lyh","1/10/2026, 5:27:26 pm","NAUKRI","Project Manager - Java Architecture, Spring Boot, Microservices","Blue Yonder","Hyderabad","EXTERNAL","https://www.naukri.com/job-listings-project-manager-java-architecture-spring-boot-microservices-jda-software-hyderabad-11-to-12-years-270726502404","https://www.naukri.com/job-listings-project-manager-java-architecture-spring-boot-microservices-jda-software-hyderabad-11-to-12-years-270726502404","External — apply manually"
"job_1790855846818_mjoy8","1/10/2026, 5:27:26 pm","NAUKRI","Lead Software Engineer - Java, Spring Boot, Microservices","Blue Yonder","Hyderabad","EXTERNAL","https://www.naukri.com/job-listings-lead-software-engineer-java-spring-boot-microservices-jda-software-hyderabad-7-to-10-years-180826504411","https://www.naukri.com/job-listings-lead-software-engineer-java-spring-boot-microservices-jda-software-hyderabad-7-to-10-years-180826504411","External — apply manually"
"job_1790855846818_hw7h6","1/10/2026, 5:27:26 pm","NAUKRI","Java, Spring Boot , Microservices Expert","Logic Planet","Hyderabad","EXTERNAL","https://www.naukri.com/job-listings-java-spring-boot-microservices-expert-logicplanet-it-services-hyderabad-4-to-6-years-200226501254","https://www.naukri.com/job-listings-java-spring-boot-microservices-expert-logicplanet-it-services-hyderabad-4-to-6-years-200226501254","External — apply manually"
"job_1790855846818_zd85c","1/10/2026, 5:27:26 pm","NAUKRI","Lead Software Engineer - Java, Spring boot, Microservices","JPMorgan Chase Bank","Hyderabad","EXTERNAL","https://www.naukri.com/job-listings-lead-software-engineer-java-spring-boot-microservices-jp-morgan-and-chase-hyderabad-8-to-13-years-030926502686","https://www.naukri.com/job-listings-lead-software-engineer-java-spring-boot-microservices-jp-morgan-and-chase-hyderabad-8-to-13-years-030926502686","External — apply manually"
"job_1790855846818_vhnlk","1/10/2026, 5:27:26 pm","NAUKRI","Senior Java Backend Developer","Symphonize Enterprise Solutions","Hyderabad","EXTERNAL","https://www.naukri.com/job-listings-senior-java-backend-developer-symphonize-enterprise-solutions-pvt-ltd-hyderabad-4-to-7-years-190424500394","https://www.naukri.com/job-listings-senior-java-backend-developer-symphonize-enterprise-solutions-pvt-ltd-hyderabad-4-to-7-years-190424500394","External — apply manually"
"job_1790855846818_iqs22","1/10/2026, 5:27:26 pm","NAUKRI","JAVA With Kafka:7","Krazy Mantra It","Hyderabad, Mumbai, Kolkata, New Delhi, Pune, Chennai, Bengaluru","EXTERNAL","https://www.naukri.com/job-listings-java-with-kafka-7-krazy-mantra-group-of-companies-kolkata-mumbai-new-delhi-hyderabad-pune-chennai-bengaluru-2-to-4-years-220425502889","https://www.naukri.com/job-listings-java-with-kafka-7-krazy-mantra-group-of-companies-kolkata-mumbai-new-delhi-hyderabad-pune-chennai-bengaluru-2-to-4-years-220425502889","External — apply manually"
"job_1790855846818_8htda","1/10/2026, 5:27:26 pm","NAUKRI","JAVA + REACT FULLSTACK Developer","Krazy Mantra It","Hyderabad, Pune, Gurugram, Bengaluru","EXTERNAL","https://www.naukri.com/job-listings-java-react-fullstack-developer-krazy-mantra-group-of-companies-hyderabad-pune-gurugram-bengaluru-3-to-8-years-220425502829","https://www.naukri.com/job-listings-java-react-fullstack-developer-krazy-mantra-group-of-companies-hyderabad-pune-gurugram-bengaluru-3-to-8-years-220425502829","External — apply manually"
"job_1790855846818_mgjyi","1/10/2026, 5:27:26 pm","NAUKRI","Full Stack Engineer","I5 Systems","Hyderabad","EXTERNAL","https://www.naukri.com/job-listings-full-stack-engineer-i5-systems-hyderabad-3-to-7-years-010626501282","https://www.naukri.com/job-listings-full-stack-engineer-i5-systems-hyderabad-3-to-7-years-010626501282","External — apply manually"
"job_1790855846818_xoox3","1/10/2026, 5:27:26 pm","NAUKRI","Lead Software Engineer -Java, Microservices architecture, Spring Boot","Blue Yonder","Hyderabad","EXTERNAL","https://www.naukri.com/job-listings-lead-software-engineer-java-microservices-architecture-spring-boot-jda-software-hyderabad-7-to-10-years-280726501030","https://www.naukri.com/job-listings-lead-software-engineer-java-microservices-architecture-spring-boot-jda-software-hyderabad-7-to-10-years-280726501030","External — apply manually"
"job_1790855846819_ko0ab","1/10/2026, 5:27:26 pm","NAUKRI","Specialist, Software Engineer - Java Microservices","Nationwide Insurance","Hyderabad","EXTERNAL","https://www.naukri.com/job-listings-specialist-software-engineer-java-microservices-nationwide-mutual-insurance-company-hyderabad-2-to-5-years-040926503153","https://www.naukri.com/job-listings-specialist-software-engineer-java-microservices-nationwide-mutual-insurance-company-hyderabad-2-to-5-years-040926503153","External — apply manually"
"job_1790855846819_q4d4b","1/10/2026, 5:27:26 pm","NAUKRI","Sr Software Engineer - Java","Photon","Hyderabad, Mumbai, Kolkata, New Delhi, Pune, Chennai, Bengaluru","EXTERNAL","https://www.naukri.com/job-listings-sr-software-engineer-java-photon-infotech-p-ltd-kolkata-mumbai-new-delhi-hyderabad-pune-chennai-bengaluru-10-to-12-years-240225501056","https://www.naukri.com/job-listings-sr-software-engineer-java-photon-infotech-p-ltd-kolkata-mumbai-new-delhi-hyderabad-pune-chennai-bengaluru-10-to-12-years-240225501056","External — apply manually"
"job_1790855846819_ahidh","1/10/2026, 5:27:26 pm","NAUKRI","Java - Angular +Nosql +Rest API & Maven Professional","Krazy Mantra It","Hyderabad, Mumbai, Kolkata, New Delhi, Pune, Chennai, Bengaluru","EXTERNAL","https://www.naukri.com/job-listings-java-angular-nosql-rest-api-maven-professional-krazy-mantra-group-of-companies-kolkata-mumbai-new-delhi-hyderabad-pune-chennai-bengaluru-8-to-14-years-220425503006","https://www.naukri.com/job-listings-java-angular-nosql-rest-api-maven-professional-krazy-mantra-group-of-companies-kolkata-mumbai-new-delhi-hyderabad-pune-chennai-bengaluru-8-to-14-years-220425503006","External — apply manually"
"job_1790855846819_p1wpe","1/10/2026, 5:27:26 pm","NAUKRI","Java + Microservices Developers","Virtualware Innovations","Hyderabad","EXTERNAL","https://www.naukri.com/job-listings-java-microservices-developers-virtualware-innovations-hyderabad-3-to-7-years-020926504318","https://www.naukri.com/job-listings-java-microservices-developers-virtualware-innovations-hyderabad-3-to-7-years-020926504318","External — apply manually"
"job_1790855846819_eyf1x","1/10/2026, 5:27:26 pm","NAUKRI","Senior Software Engineer","Careallianz","Hyderabad, Mumbai, Kolkata, New Delhi, Pune, Chennai, Bengaluru","EXTERNAL","https://www.naukri.com/job-listings-senior-software-engineer-allianz-kolkata-mumbai-new-delhi-hyderabad-pune-chennai-bengaluru-3-to-5-years-060226507559","https://www.naukri.com/job-listings-senior-software-engineer-allianz-kolkata-mumbai-new-delhi-hyderabad-pune-chennai-bengaluru-3-to-5-years-060226507559","External — apply manually"
"job_1790855846819_3q5zo","1/10/2026, 5:27:26 pm","NAUKRI","Full Stack Developer – Java","Proounce","Hyderabad","EXTERNAL","https://www.naukri.com/job-listings-full-stack-developer-java-proounce-solutions-private-limited-hyderabad-3-to-7-years-111024500044","https://www.naukri.com/job-listings-full-stack-developer-java-proounce-solutions-private-limited-hyderabad-3-to-7-years-111024500044","External — apply manually"
"job_1790855846819_u89ka","1/10/2026, 5:27:26 pm","NAUKRI","Full Stack Developer (JAVA + SQL)","Avati Consulting Solutions","Hyderabad, Mumbai, Kolkata, New Delhi, Pune, Chennai, Bengaluru","EXTERNAL","https://www.naukri.com/job-listings-full-stack-developer-java-sql-avati-consulting-solutions-private-limited-kolkata-mumbai-new-delhi-hyderabad-pune-chennai-bengaluru-4-to-8-years-021224500864","https://www.naukri.com/job-listings-full-stack-developer-java-sql-avati-consulting-solutions-private-limited-kolkata-mumbai-new-delhi-hyderabad-pune-chennai-bengaluru-4-to-8-years-021224500864","External — apply manually"
"job_1790855846819_dwy06","1/10/2026, 5:27:26 pm","NAUKRI","Full Stack Engineer","Accenture","Hyderabad","EXTERNAL","https://www.naukri.com/job-listings-full-stack-engineer-accenture-solutions-pvt-ltd-hyderabad-2-to-5-years-110826933227","https://www.naukri.com/job-listings-full-stack-engineer-accenture-solutions-pvt-ltd-hyderabad-2-to-5-years-110826933227","External — apply manually"
"job_1790855846820_qn057","1/10/2026, 5:27:26 pm","NAUKRI","Senior Java Developer / Consultant","Aapmor Technologies","Hyderabad","EXTERNAL","https://www.naukri.com/job-listings-senior-java-developer-consultant-aapmor-inc-hyderabad-2-to-7-years-200325504728","https://www.naukri.com/job-listings-senior-java-developer-consultant-aapmor-inc-hyderabad-2-to-7-years-200325504728","External — apply manually"
"job_1790855846820_nn75p","1/10/2026, 5:27:26 pm","NAUKRI","Software Engineer III- Java FullStack","JPMorgan Chase Bank","Hyderabad","EXTERNAL","https://www.naukri.com/job-listings-software-engineer-iii-java-fullstack-jp-morgan-and-chase-hyderabad-3-to-8-years-040926502615","https://www.naukri.com/job-listings-software-engineer-iii-java-fullstack-jp-morgan-and-chase-hyderabad-3-to-8-years-040926502615","External — apply manually"
"job_1790855846820_9k1ky","1/10/2026, 5:27:26 pm","NAUKRI","Java Fullstack Develper","Staffice Global","Hyderabad, Mumbai, Kolkata, New Delhi, Pune, Chennai, Bengaluru","EXTERNAL","https://www.naukri.com/job-listings-java-fullstack-develper-staffice-global-kolkata-mumbai-new-delhi-hyderabad-pune-chennai-bengaluru-4-to-8-years-301224503693","https://www.naukri.com/job-listings-java-fullstack-develper-staffice-global-kolkata-mumbai-new-delhi-hyderabad-pune-chennai-bengaluru-4-to-8-years-301224503693","External — apply manually"
"job_1790855846820_0v51a","1/10/2026, 5:27:26 pm","NAUKRI","Java Fullstack Lead -Angular","Krazy Mantra It","Hyderabad, Pune, Chennai, Bengaluru","EXTERNAL","https://www.naukri.com/job-listings-java-fullstack-lead-angular-krazy-mantra-group-of-companies-hyderabad-pune-chennai-bengaluru-3-to-6-years-230925501667","https://www.naukri.com/job-listings-java-fullstack-lead-angular-krazy-mantra-group-of-companies-hyderabad-pune-chennai-bengaluru-3-to-6-years-230925501667","External — apply manually"
"job_1790855846820_uq9h6","1/10/2026, 5:27:26 pm","NAUKRI","Java Fullstack Developer","Beads Software Solutions","Hyderabad","EXTERNAL","https://www.naukri.com/job-listings-java-fullstack-developer-beads-software-hyderabad-1-to-6-years-130625502377","https://www.naukri.com/job-listings-java-fullstack-developer-beads-software-hyderabad-1-to-6-years-130625502377","External — apply manually"
"job_1790855846820_5otc6","1/10/2026, 5:27:26 pm","NAUKRI","Java Fullstack Developer-React JS","Han Digital Solution","Hyderabad, Warangal, Nizamabad","EXTERNAL","https://www.naukri.com/job-listings-java-fullstack-developer-react-js-han-digital-solution-warangal-hyderabad-nizamabad-5-to-8-years-221125501420","https://www.naukri.com/job-listings-java-fullstack-developer-react-js-han-digital-solution-warangal-hyderabad-nizamabad-5-to-8-years-221125501420","External — apply manually"
"job_1790855846820_lk6mn","1/10/2026, 5:27:26 pm","NAUKRI","JAVA fullstack","Krazy Mantra It","Hyderabad, Mumbai, Pune, Chennai, Bengaluru","EXTERNAL","https://www.naukri.com/job-listings-java-fullstack-krazy-mantra-group-of-companies-mumbai-hyderabad-pune-chennai-bengaluru-5-to-11-years-250325500672","https://www.naukri.com/job-listings-java-fullstack-krazy-mantra-group-of-companies-mumbai-hyderabad-pune-chennai-bengaluru-5-to-11-years-250325500672","External — apply manually"
"job_1790855846820_3dhib","1/10/2026, 5:27:26 pm","NAUKRI","Java Fullstack Lead - React JS","Krazy Mantra It","Hyderabad, Pune, Chennai, Bengaluru","EXTERNAL","https://www.naukri.com/job-listings-java-fullstack-lead-react-js-krazy-mantra-group-of-companies-hyderabad-pune-chennai-bengaluru-5-to-10-years-230925501621","https://www.naukri.com/job-listings-java-fullstack-lead-react-js-krazy-mantra-group-of-companies-hyderabad-pune-chennai-bengaluru-5-to-10-years-230925501621","External — apply manually"
"job_1790855846820_yhjmh","1/10/2026, 5:27:26 pm","NAUKRI","Java Fullstack Architect","Grid Dynamics","Hyderabad","EXTERNAL","https://www.naukri.com/job-listings-java-fullstack-architect-grid-dynamics-hyderabad-7-to-14-years-180526500640","https://www.naukri.com/job-listings-java-fullstack-architect-grid-dynamics-hyderabad-7-to-14-years-180526500640","External — apply manually"
"job_1790855846821_b6rta","1/10/2026, 5:27:26 pm","NAUKRI","Java FullStack Sr. Developer","Gforce Consulting Solutions","Hyderabad","EXTERNAL","https://www.naukri.com/job-listings-java-fullstack-sr-developer-gforce-consulting-solutions-hyderabad-5-to-10-years-170523501122","https://www.naukri.com/job-listings-java-fullstack-sr-developer-gforce-consulting-solutions-hyderabad-5-to-10-years-170523501122","External — apply manually"
"job_1790855846821_0ifga","1/10/2026, 5:27:26 pm","NAUKRI","SW Staff Engineer - Java Fullstack","Candescent","Hyderabad","EXTERNAL","https://www.naukri.com/job-listings-sw-staff-engineer-java-fullstack-candescent-hyderabad-12-to-17-years-160626500532","https://www.naukri.com/job-listings-sw-staff-engineer-java-fullstack-candescent-hyderabad-12-to-17-years-160626500532","External — apply manually"
"job_1790855846821_bsal8","1/10/2026, 5:27:26 pm","NAUKRI","Senior Java Fullstack Developer","Indian Financial Technology And Alliedservices","Hyderabad","EXTERNAL","https://www.naukri.com/job-listings-senior-java-fullstack-developer-indian-financial-technology-and-allied-services-hyderabad-4-to-8-years-101225503106","https://www.naukri.com/job-listings-senior-java-fullstack-developer-indian-financial-technology-and-allied-services-hyderabad-4-to-8-years-101225503106","External — apply manually"
"job_1790855846821_eyred","1/10/2026, 5:27:26 pm","NAUKRI","Sr Java Fullstack Developer","Han Digital Solution","Hyderabad","EXTERNAL","https://www.naukri.com/job-listings-sr-java-fullstack-developer-han-digital-solution-hyderabad-8-to-10-years-221125500920","https://www.naukri.com/job-listings-sr-java-fullstack-developer-han-digital-solution-hyderabad-8-to-10-years-221125500920","External — apply manually"
"job_1790855846821_myhe7","1/10/2026, 5:27:26 pm","NAUKRI","Java-Fullstack","TAO Digital","Hyderabad","EXTERNAL","https://www.naukri.com/job-listings-java-fullstack-tao-digital-india-private-limited-hyderabad-3-to-7-years-220724502414","https://www.naukri.com/job-listings-java-fullstack-tao-digital-india-private-limited-hyderabad-3-to-7-years-220724502414","External — apply manually"
"job_1790855846821_t17h7","1/10/2026, 5:27:26 pm","NAUKRI","Content Management Lead Software Engineer Java Full Stack","Ness Digital Engineering","Hyderabad","EXTERNAL","https://www.naukri.com/job-listings-content-management-lead-software-engineer-java-full-stack-ness-digital-engineering-hyderabad-5-to-9-years-070726501174","https://www.naukri.com/job-listings-content-management-lead-software-engineer-java-full-stack-ness-digital-engineering-hyderabad-5-to-9-years-070726501174","External — apply manually"
"job_1790855846821_qz0qx","1/10/2026, 5:27:26 pm","NAUKRI","Java Full Stack Developer","Logicoy Software Technologies","Bengaluru","EXTERNAL","https://www.naukri.com/job-listings-java-full-stack-developer-logicoy-bengaluru-1-to-6-years-270824501740","https://www.naukri.com/job-listings-java-full-stack-developer-logicoy-bengaluru-1-to-6-years-270824501740","External — apply manually"
"job_1790855846821_nvl4n","1/10/2026, 5:27:26 pm","NAUKRI","Java Full Stack Developer","Logic Planet","Bengaluru, Hubballi, Mangaluru, Mysuru, Belagavi","EXTERNAL","https://www.naukri.com/job-listings-java-full-stack-developer-logicplanet-it-services-hubli-mangaluru-mysuru-bengaluru-belgaum-0-to-5-years-240226505110","https://www.naukri.com/job-listings-java-full-stack-developer-logicplanet-it-services-hubli-mangaluru-mysuru-bengaluru-belgaum-0-to-5-years-240226505110","External — apply manually"
"job_1790855846822_b5j90","1/10/2026, 5:27:26 pm","NAUKRI","Java Full Stack Developer - Android","Logicoy Software Technologies","Bengaluru","EXTERNAL","https://www.naukri.com/job-listings-java-full-stack-developer-android-logicoy-bengaluru-1-to-6-years-270824501741","https://www.naukri.com/job-listings-java-full-stack-developer-android-logicoy-bengaluru-1-to-6-years-270824501741","External — apply manually"
"job_1790855846822_osi9g","1/10/2026, 5:27:26 pm","NAUKRI","Java Full stack Developer","Cloud Quantum","Bengaluru","EXTERNAL","https://www.naukri.com/job-listings-java-full-stack-developer-cloud-quantum-bengaluru-3-to-6-years-170226504388","https://www.naukri.com/job-listings-java-full-stack-developer-cloud-quantum-bengaluru-3-to-6-years-170226504388","External — apply manually"
"job_1790855846822_ququr","1/10/2026, 5:27:26 pm","NAUKRI","Java Full Stack Developer","Xyram Software Solution","Bengaluru","EXTERNAL","https://www.naukri.com/job-listings-java-full-stack-developer-xyram-software-solutions-bengaluru-3-to-5-years-171225500873","https://www.naukri.com/job-listings-java-full-stack-developer-xyram-software-solutions-bengaluru-3-to-5-years-171225500873","External — apply manually"
"job_1790855846822_tfvp8","1/10/2026, 5:27:26 pm","NAUKRI","Java full Stack Developer","Purplefront Technologies","Bengaluru","EXTERNAL","https://www.naukri.com/job-listings-java-full-stack-developer-purplefront-technologies-bengaluru-3-to-5-years-310326501322","https://www.naukri.com/job-listings-java-full-stack-developer-purplefront-technologies-bengaluru-3-to-5-years-310326501322","External — apply manually"
"job_1790855846822_rqu45","1/10/2026, 5:27:26 pm","NAUKRI","JAVA Full Stack Developer","Estalvis Advisors","Bengaluru","EXTERNAL","https://www.naukri.com/job-listings-java-full-stack-developer-estalvis-advisors-private-limited-bengaluru-3-to-8-years-090626504814","https://www.naukri.com/job-listings-java-full-stack-developer-estalvis-advisors-private-limited-bengaluru-3-to-8-years-090626504814","External — apply manually"
"job_1790855846823_udnbr","1/10/2026, 5:27:26 pm","NAUKRI","Full Stack Engineer","Accenture","Bengaluru","EXTERNAL","https://www.naukri.com/job-listings-full-stack-engineer-accenture-solutions-pvt-ltd-bengaluru-2-to-5-years-240826929414","https://www.naukri.com/job-listings-full-stack-engineer-accenture-solutions-pvt-ltd-bengaluru-2-to-5-years-240826929414","External — apply manually"
"job_1790855846823_6s7t7","1/10/2026, 5:27:26 pm","NAUKRI","Java and Spring Boot Developer","MJC Globaltech","Bengaluru","EXTERNAL","https://www.naukri.com/job-listings-java-and-spring-boot-developer-mjc-globaltech-private-limited-bengaluru-4-to-8-years-150726500709","https://www.naukri.com/job-listings-java-and-spring-boot-developer-mjc-globaltech-private-limited-bengaluru-4-to-8-years-150726500709","External — apply manually"
"job_1790855846823_g35qp","1/10/2026, 5:27:26 pm","NAUKRI","Java Spring Boot Developer","IDESLABS","Bengaluru","EXTERNAL","https://www.naukri.com/job-listings-java-spring-boot-developer-ideslabs-private-limited-bengaluru-6-to-9-years-220124500371","https://www.naukri.com/job-listings-java-spring-boot-developer-ideslabs-private-limited-bengaluru-6-to-9-years-220124500371","External — apply manually"
"job_1790855846823_vtu40","1/10/2026, 5:27:26 pm","NAUKRI","Java Developer (Spring Boot, Kafka, AWS, Microservices)","Worldpay","Bengaluru","EXTERNAL","https://www.naukri.com/job-listings-java-developer-spring-boot-kafka-aws-microservices-worldpay-bengaluru-3-to-4-years-110626500362","https://www.naukri.com/job-listings-java-developer-spring-boot-kafka-aws-microservices-worldpay-bengaluru-3-to-4-years-110626500362","External — apply manually"
"job_1790855846823_gqevc","1/10/2026, 5:27:26 pm","NAUKRI","Java Developer (Spring Boot, Microservices, AWS)","Worldpay","Bengaluru","EXTERNAL","https://www.naukri.com/job-listings-java-developer-spring-boot-microservices-aws-worldpay-bengaluru-3-to-4-years-100626500420","https://www.naukri.com/job-listings-java-developer-spring-boot-microservices-aws-worldpay-bengaluru-3-to-4-years-100626500420","External — apply manually"
"job_1790855846823_1zekp","1/10/2026, 5:27:26 pm","NAUKRI","Springboot Developer","Gforce Consulting Solutions","Bengaluru","EXTERNAL","https://www.naukri.com/job-listings-springboot-developer-gforce-consulting-solutions-bengaluru-5-to-7-years-170523501149","https://www.naukri.com/job-listings-springboot-developer-gforce-consulting-solutions-bengaluru-5-to-7-years-170523501149","External — apply manually"
"job_1790855846823_ld0ho","1/10/2026, 5:27:26 pm","NAUKRI","Lead Full Stack Engineer","Tricog Health Services","Bengaluru","EXTERNAL","https://www.naukri.com/job-listings-lead-full-stack-engineer-tricog-bengaluru-1-to-4-years-060526500275","https://www.naukri.com/job-listings-lead-full-stack-engineer-tricog-bengaluru-1-to-4-years-060526500275","External — apply manually"
"job_1790855846824_mu7uw","1/10/2026, 5:27:26 pm","NAUKRI","EM - DI - Java Developer","Embitel Technologies","Bengaluru","EXTERNAL","https://www.naukri.com/job-listings-em-di-java-developer-embitel-bengaluru-2-to-4-years-310826504028","https://www.naukri.com/job-listings-em-di-java-developer-embitel-bengaluru-2-to-4-years-310826504028","External — apply manually"
"job_1790855846824_e9trj","1/10/2026, 5:27:26 pm","NAUKRI","Java Developer","Codecraft Technologies","Bengaluru","EXTERNAL","https://www.naukri.com/job-listings-java-developer-codecraft-technologies-pvt-ltd-bengaluru-3-to-5-years-050226501205","https://www.naukri.com/job-listings-java-developer-codecraft-technologies-pvt-ltd-bengaluru-3-to-5-years-050226501205","External — apply manually"
"job_1790855846824_e2d53","1/10/2026, 5:27:26 pm","NAUKRI","Java Developer","Taurus Hard Soft Solutions","Bengaluru","EXTERNAL","https://www.naukri.com/job-listings-java-developer-taurus-hard-soft-solutions-pvt-ltd-bengaluru-0-to-1-years-240726504056","https://www.naukri.com/job-listings-java-developer-taurus-hard-soft-solutions-pvt-ltd-bengaluru-0-to-1-years-240726504056","External — apply manually"
"job_1790855846824_70uxn","1/10/2026, 5:27:26 pm","NAUKRI","Java Developer","Tech Narayana","Bengaluru","EXTERNAL","https://www.naukri.com/job-listings-java-developer-tech-narayana-software-p-ltd-bengaluru-0-to-1-years-180226503046","https://www.naukri.com/job-listings-java-developer-tech-narayana-software-p-ltd-bengaluru-0-to-1-years-180226503046","External — apply manually"
"job_1790855846824_7cw6v","1/10/2026, 5:27:26 pm","NAUKRI","Java Developer","Logicoy Software Technologies","Bengaluru","EXTERNAL","https://www.naukri.com/job-listings-java-developer-logicoy-bengaluru-0-to-5-years-270824501739","https://www.naukri.com/job-listings-java-developer-logicoy-bengaluru-0-to-5-years-270824501739","External — apply manually"
"job_1790855846824_lyi5t","1/10/2026, 5:27:26 pm","NAUKRI","Java Developer","Squircle IT","Bengaluru","EXTERNAL","https://www.naukri.com/job-listings-java-developer-squircle-it-consulting-services-pvt-ltd-bengaluru-3-to-5-years-140126503302","https://www.naukri.com/job-listings-java-developer-squircle-it-consulting-services-pvt-ltd-bengaluru-3-to-5-years-140126503302","External — apply manually"
"job_1790855846824_qsw7t","1/10/2026, 5:27:26 pm","NAUKRI","Java Developer","Taurus Hard Soft Solutions","Bengaluru","EXTERNAL","https://www.naukri.com/job-listings-java-developer-taurus-hard-soft-solutions-pvt-ltd-bengaluru-1-to-6-years-200726505109","https://www.naukri.com/job-listings-java-developer-taurus-hard-soft-solutions-pvt-ltd-bengaluru-1-to-6-years-200726505109","External — apply manually"
"job_1790855846825_yss3s","1/10/2026, 5:27:26 pm","NAUKRI","Java Developer","Nimblix Technologies","Bengaluru","EXTERNAL","https://www.naukri.com/job-listings-java-developer-nimblix-technologies-bengaluru-2-to-5-years-170626501120","https://www.naukri.com/job-listings-java-developer-nimblix-technologies-bengaluru-2-to-5-years-170626501120","External — apply manually"
"job_1790855846825_o6axq","1/10/2026, 5:27:26 pm","NAUKRI","Java Developer - RETISIO Commerce","Retisio","Bengaluru","EXTERNAL","https://www.naukri.com/job-listings-java-developer-retisio-commerce-retisio-bengaluru-2-to-4-years-170823501295","https://www.naukri.com/job-listings-java-developer-retisio-commerce-retisio-bengaluru-2-to-4-years-170823501295","External — apply manually"
"job_1790855846825_czc2x","1/10/2026, 5:27:26 pm","NAUKRI","Java Developer","Vaibhav Vyapaar","Bengaluru","EXTERNAL","https://www.naukri.com/job-listings-java-developer-vaibhav-vyapaar-pvt-ltd-bengaluru-3-to-6-years-170424501556","https://www.naukri.com/job-listings-java-developer-vaibhav-vyapaar-pvt-ltd-bengaluru-3-to-6-years-170424501556","External — apply manually"
"job_1790855846825_kl9il","1/10/2026, 5:27:26 pm","NAUKRI","JAVA Developer","Brigosha Technologies","Bengaluru","EXTERNAL","https://www.naukri.com/job-listings-java-developer-brigosha-technologies-bengaluru-3-to-5-years-130726502807","https://www.naukri.com/job-listings-java-developer-brigosha-technologies-bengaluru-3-to-5-years-130726502807","External — apply manually"
"job_1790855846825_oi2a7","1/10/2026, 5:27:26 pm","NAUKRI","Ground Software Engineer","AST Science","Hyderabad","EXTERNAL","https://www.naukri.com/job-listings-ground-software-engineer-ast-science-hyderabad-0-to-2-years-120826504752","https://www.naukri.com/job-listings-ground-software-engineer-ast-science-hyderabad-0-to-2-years-120826504752","External — apply manually"
"job_1790855846825_wreq6","1/10/2026, 5:27:26 pm","NAUKRI","Lead Software Engineer Java Full Stack Developer","JPMorgan Chase Bank","Hyderabad","EXTERNAL","https://www.naukri.com/job-listings-lead-software-engineer-java-full-stack-developer-jp-morgan-and-chase-hyderabad-10-to-15-years-070926502670","https://www.naukri.com/job-listings-lead-software-engineer-java-full-stack-developer-jp-morgan-and-chase-hyderabad-10-to-15-years-070926502670","External — apply manually"
"job_1790855846825_0nq6j","1/10/2026, 5:27:26 pm","NAUKRI","Java Full Stack Developer","Data Economy","Hyderabad","EXTERNAL","https://www.naukri.com/job-listings-java-full-stack-developer-dataeconomy-hyderabad-8-to-13-years-030926503378","https://www.naukri.com/job-listings-java-full-stack-developer-dataeconomy-hyderabad-8-to-13-years-030926503378","External — apply manually"
"job_1790855846825_2kh0d","1/10/2026, 5:27:26 pm","NAUKRI","Custom Software Engineer","Accenture","Hyderabad","EXTERNAL","https://www.naukri.com/job-listings-custom-software-engineer-accenture-solutions-pvt-ltd-hyderabad-3-to-8-years-070926923074","https://www.naukri.com/job-listings-custom-software-engineer-accenture-solutions-pvt-ltd-hyderabad-3-to-8-years-070926923074","External — apply manually"
"job_1790855846826_djdn3","1/10/2026, 5:27:26 pm","NAUKRI","Custom Software Engineer","Accenture","Hyderabad","EXTERNAL","https://www.naukri.com/job-listings-custom-software-engineer-accenture-solutions-pvt-ltd-hyderabad-3-to-8-years-070926916259","https://www.naukri.com/job-listings-custom-software-engineer-accenture-solutions-pvt-ltd-hyderabad-3-to-8-years-070926916259","External — apply manually"
"job_1790855846826_8ekxy","1/10/2026, 5:27:26 pm","NAUKRI","Custom Software Engineer","Accenture","Hyderabad","EXTERNAL","https://www.naukri.com/job-listings-custom-software-engineer-accenture-solutions-pvt-ltd-hyderabad-12-to-17-years-070926922413","https://www.naukri.com/job-listings-custom-software-engineer-accenture-solutions-pvt-ltd-hyderabad-12-to-17-years-070926922413","External — apply manually"
"job_1790855846826_hr09h","1/10/2026, 5:27:26 pm","NAUKRI","Java Full Stack Developer","Zennial Pro","Hyderabad","EXTERNAL","https://www.naukri.com/job-listings-java-full-stack-developer-zennial-pro-private-limited-hyderabad-5-to-10-years-240626500793","https://www.naukri.com/job-listings-java-full-stack-developer-zennial-pro-private-limited-hyderabad-5-to-10-years-240626500793","External — apply manually"
"job_1790855846826_zbiwz","1/10/2026, 5:27:26 pm","NAUKRI","Java Full Stack Developer","TekWissen","Hyderabad","EXTERNAL","https://www.naukri.com/job-listings-java-full-stack-developer-tekwissen-india-hyderabad-6-to-11-years-290526505134","https://www.naukri.com/job-listings-java-full-stack-developer-tekwissen-india-hyderabad-6-to-11-years-290526505134","External — apply manually"
"job_1790855846826_ureql","1/10/2026, 5:27:26 pm","NAUKRI","Custom Software Engineer","Accenture","Hyderabad","EXTERNAL","https://www.naukri.com/job-listings-custom-software-engineer-accenture-solutions-pvt-ltd-hyderabad-3-to-8-years-170826925720","https://www.naukri.com/job-listings-custom-software-engineer-accenture-solutions-pvt-ltd-hyderabad-3-to-8-years-170826925720","External — apply manually"
"job_1790855846826_p38fe","1/10/2026, 5:27:26 pm","NAUKRI","Custom Software Engineer","Accenture","Hyderabad","EXTERNAL","https://www.naukri.com/job-listings-custom-software-engineer-accenture-solutions-pvt-ltd-hyderabad-3-to-8-years-170826923612","https://www.naukri.com/job-listings-custom-software-engineer-accenture-solutions-pvt-ltd-hyderabad-3-to-8-years-170826923612","External — apply manually"
"job_1790855846826_qm5qc","1/10/2026, 5:27:26 pm","NAUKRI","Custom Software Engineer","Accenture","Hyderabad","EXTERNAL","https://www.naukri.com/job-listings-custom-software-engineer-accenture-solutions-pvt-ltd-hyderabad-5-to-10-years-070926923066","https://www.naukri.com/job-listings-custom-software-engineer-accenture-solutions-pvt-ltd-hyderabad-5-to-10-years-070926923066","External — apply manually"
"job_1790855846826_n0rb5","1/10/2026, 5:27:26 pm","NAUKRI","Custom Software Engineer","Accenture","Hyderabad","EXTERNAL","https://www.naukri.com/job-listings-custom-software-engineer-accenture-solutions-pvt-ltd-hyderabad-5-to-10-years-070926923023","https://www.naukri.com/job-listings-custom-software-engineer-accenture-solutions-pvt-ltd-hyderabad-5-to-10-years-070926923023","External — apply manually"
"job_1790855846827_r6n7h","1/10/2026, 5:27:26 pm","NAUKRI","Custom Software Engineer","Accenture","Hyderabad","EXTERNAL","https://www.naukri.com/job-listings-custom-software-engineer-accenture-solutions-pvt-ltd-hyderabad-12-to-17-years-070926922813","https://www.naukri.com/job-listings-custom-software-engineer-accenture-solutions-pvt-ltd-hyderabad-12-to-17-years-070926922813","External — apply manually"
"job_1790855846827_44ja7","1/10/2026, 5:27:26 pm","NAUKRI","Custom Software Engineer","Accenture","Hyderabad","EXTERNAL","https://www.naukri.com/job-listings-custom-software-engineer-accenture-solutions-pvt-ltd-hyderabad-12-to-14-years-070926922653","https://www.naukri.com/job-listings-custom-software-engineer-accenture-solutions-pvt-ltd-hyderabad-12-to-14-years-070926922653","External — apply manually"
"job_1790855846827_ens9m","1/10/2026, 5:27:26 pm","NAUKRI","Java Full Stack Developer - Angular","LTM","Hyderabad","EXTERNAL","https://www.naukri.com/job-listings-java-full-stack-developer-angular-mindtree-limited-hyderabad-8-to-13-years-290626504106","https://www.naukri.com/job-listings-java-full-stack-developer-angular-mindtree-limited-hyderabad-8-to-13-years-290626504106","External — apply manually"
"job_1790855846827_cpo1f","1/10/2026, 5:27:26 pm","NAUKRI","Lead Software Engineer - Java Full Stack Developer","Dtcc","Hyderabad, Chennai","EXTERNAL","https://www.naukri.com/job-listings-lead-software-engineer-java-full-stack-developer-dtcc-hyderabad-chennai-7-to-11-years-100826920987","https://www.naukri.com/job-listings-lead-software-engineer-java-full-stack-developer-dtcc-hyderabad-chennai-7-to-11-years-100826920987","External — apply manually"
"job_1790855846827_6tito","1/10/2026, 5:27:26 pm","NAUKRI","Sr. Java full stack developer","IDESLABS","Hyderabad","EXTERNAL","https://www.naukri.com/job-listings-sr-java-full-stack-developer-ideslabs-private-limited-hyderabad-5-to-20-years-260224500855","https://www.naukri.com/job-listings-sr-java-full-stack-developer-ideslabs-private-limited-hyderabad-5-to-20-years-260224500855","External — apply manually"
"job_1790855846827_gvhq0","1/10/2026, 5:27:26 pm","NAUKRI","Sr. Java Full Stack Developer","SoftClouds (India) Private Limited","Hyderabad","EXTERNAL","https://www.naukri.com/job-listings-sr-java-full-stack-developer-softcloud-hyderabad-9-to-14-years-170426502897","https://www.naukri.com/job-listings-sr-java-full-stack-developer-softcloud-hyderabad-9-to-14-years-170426502897","External — apply manually"
"job_1790855846827_jsz4c","1/10/2026, 5:27:26 pm","NAUKRI","Custom Software Engineer","Accenture","Hyderabad","EXTERNAL","https://www.naukri.com/job-listings-custom-software-engineer-accenture-solutions-pvt-ltd-hyderabad-7-to-12-years-070926923039","https://www.naukri.com/job-listings-custom-software-engineer-accenture-solutions-pvt-ltd-hyderabad-7-to-12-years-070926923039","External — apply manually"
"job_1790855846827_snrfe","1/10/2026, 5:27:26 pm","NAUKRI","Custom Software Engineer","Accenture","Hyderabad","EXTERNAL","https://www.naukri.com/job-listings-custom-software-engineer-accenture-solutions-pvt-ltd-hyderabad-10-to-15-years-070926922962","https://www.naukri.com/job-listings-custom-software-engineer-accenture-solutions-pvt-ltd-hyderabad-10-to-15-years-070926922962","External — apply manually"
"job_1790855846828_wmp6m","1/10/2026, 5:27:26 pm","NAUKRI","Custom Software Engineer","Accenture","Hyderabad","EXTERNAL","https://www.naukri.com/job-listings-custom-software-engineer-accenture-solutions-pvt-ltd-hyderabad-5-to-10-years-070926921698","https://www.naukri.com/job-listings-custom-software-engineer-accenture-solutions-pvt-ltd-hyderabad-5-to-10-years-070926921698","External — apply manually"
"job_1790855846828_fjcxo","1/10/2026, 5:27:26 pm","NAUKRI","Associate Consultant Java","Invenio Global","Hyderabad","EXTERNAL","https://www.naukri.com/job-listings-associate-consultant-java-invenio-hyderabad-0-to-1-years-080926500709","https://www.naukri.com/job-listings-associate-consultant-java-invenio-hyderabad-0-to-1-years-080926500709","External — apply manually"
"job_1790855846828_xjetl","1/10/2026, 5:27:26 pm","NAUKRI","Custom Software Engineer","Accenture","Hyderabad","EXTERNAL","https://www.naukri.com/job-listings-custom-software-engineer-accenture-solutions-pvt-ltd-hyderabad-2-to-7-years-070926922883","https://www.naukri.com/job-listings-custom-software-engineer-accenture-solutions-pvt-ltd-hyderabad-2-to-7-years-070926922883","External — apply manually"
"job_1790855846828_7acqt","1/10/2026, 5:27:26 pm","NAUKRI","Custom Software Engineer","Accenture","Hyderabad","EXTERNAL","https://www.naukri.com/job-listings-custom-software-engineer-accenture-solutions-pvt-ltd-hyderabad-2-to-7-years-070926922412","https://www.naukri.com/job-listings-custom-software-engineer-accenture-solutions-pvt-ltd-hyderabad-2-to-7-years-070926922412","External — apply manually"
"job_1790855846828_of7h1","1/10/2026, 5:27:26 pm","NAUKRI","Sr. Software Developer","Paymaa","Hyderabad","EXTERNAL","https://www.naukri.com/job-listings-sr-software-developer-paymaa-hyderabad-3-to-5-years-290520501361","https://www.naukri.com/job-listings-sr-software-developer-paymaa-hyderabad-3-to-5-years-290520501361","External — apply manually"
"job_1790855846828_gytvg","1/10/2026, 5:27:26 pm","NAUKRI","Software Developer","Shanax Technologies","Hyderabad","EXTERNAL","https://www.naukri.com/job-listings-software-developer-shanaxtechnologies-hyderabad-2-to-3-years-210824502723","https://www.naukri.com/job-listings-software-developer-shanaxtechnologies-hyderabad-2-to-3-years-210824502723","External — apply manually"
"job_1790855846828_71fjm","1/10/2026, 5:27:26 pm","NAUKRI","Senior Developers - ( Java , Core Java )","Arise Software Solutions","Hyderabad","EXTERNAL","https://www.naukri.com/job-listings-senior-developers-java-core-java-arise-software-solutions-hyderabad-2-to-8-years-160524502402","https://www.naukri.com/job-listings-senior-developers-java-core-java-arise-software-solutions-hyderabad-2-to-8-years-160524502402","External — apply manually"
"job_1790855846828_tpyfw","1/10/2026, 5:27:26 pm","NAUKRI","Dot net, Java, Testing Tools Professional","Enliven Infotech","Hyderabad","EXTERNAL","https://www.naukri.com/job-listings-dot-net-java-testing-tools-professional-enliven-infotech-hyderabad-2-to-5-years-150224502049","https://www.naukri.com/job-listings-dot-net-java-testing-tools-professional-enliven-infotech-hyderabad-2-to-5-years-150224502049","External — apply manually"
"job_1790855846829_w38p1","1/10/2026, 5:27:26 pm","NAUKRI","Java Developer -FS","Kumaran Systems","Hyderabad","EXTERNAL","https://www.naukri.com/job-listings-java-developer-fs-kumaran-systems-pvt-ltd-hyderabad-4-to-5-years-080926500765","https://www.naukri.com/job-listings-java-developer-fs-kumaran-systems-pvt-ltd-hyderabad-4-to-5-years-080926500765","External — apply manually"
"job_1790855846829_m4k7o","1/10/2026, 5:27:26 pm","NAUKRI","Custom Software Engineer","Accenture","Hyderabad","EXTERNAL","https://www.naukri.com/job-listings-custom-software-engineer-accenture-solutions-pvt-ltd-hyderabad-3-to-8-years-070926923195","https://www.naukri.com/job-listings-custom-software-engineer-accenture-solutions-pvt-ltd-hyderabad-3-to-8-years-070926923195","External — apply manually"
"job_1790855846829_ua2iq","1/10/2026, 5:27:26 pm","NAUKRI","Custom Software Engineer","Accenture","Hyderabad","EXTERNAL","https://www.naukri.com/job-listings-custom-software-engineer-accenture-solutions-pvt-ltd-hyderabad-3-to-8-years-070926923191","https://www.naukri.com/job-listings-custom-software-engineer-accenture-solutions-pvt-ltd-hyderabad-3-to-8-years-070926923191","External — apply manually"
"job_1790855846829_okv7e","1/10/2026, 5:27:26 pm","NAUKRI","Custom Software Engineer","Accenture","Hyderabad","EXTERNAL","https://www.naukri.com/job-listings-custom-software-engineer-accenture-solutions-pvt-ltd-hyderabad-3-to-8-years-070926923187","https://www.naukri.com/job-listings-custom-software-engineer-accenture-solutions-pvt-ltd-hyderabad-3-to-8-years-070926923187","External — apply manually"
"job_1790855846829_p1snc","1/10/2026, 5:27:26 pm","NAUKRI","Custom Software Engineer","Accenture","Hyderabad","EXTERNAL","https://www.naukri.com/job-listings-custom-software-engineer-accenture-solutions-pvt-ltd-hyderabad-3-to-8-years-070926922168","https://www.naukri.com/job-listings-custom-software-engineer-accenture-solutions-pvt-ltd-hyderabad-3-to-8-years-070926922168","External — apply manually"
"job_1790855846829_vmu2g","1/10/2026, 5:27:26 pm","NAUKRI","Custom Software Engineer","Accenture","Hyderabad","EXTERNAL","https://www.naukri.com/job-listings-custom-software-engineer-accenture-solutions-pvt-ltd-hyderabad-3-to-8-years-030926925566","https://www.naukri.com/job-listings-custom-software-engineer-accenture-solutions-pvt-ltd-hyderabad-3-to-8-years-030926925566","External — apply manually"
"job_1790855846829_e699a","1/10/2026, 5:27:26 pm","NAUKRI","Custom Software Engineer","Accenture","Hyderabad","EXTERNAL","https://www.naukri.com/job-listings-custom-software-engineer-accenture-solutions-pvt-ltd-hyderabad-2-to-5-years-110826933269","https://www.naukri.com/job-listings-custom-software-engineer-accenture-solutions-pvt-ltd-hyderabad-2-to-5-years-110826933269","External — apply manually"
"job_1790855846829_hjhrv","1/10/2026, 5:27:26 pm","NAUKRI","Custom Software Engineer","Accenture","Hyderabad","EXTERNAL","https://www.naukri.com/job-listings-custom-software-engineer-accenture-solutions-pvt-ltd-hyderabad-3-to-8-years-240826925977","https://www.naukri.com/job-listings-custom-software-engineer-accenture-solutions-pvt-ltd-hyderabad-3-to-8-years-240826925977","External — apply manually"
"job_1790855846830_m8ikn","1/10/2026, 5:27:26 pm","NAUKRI","Custom Software Engineer","Accenture","Hyderabad","EXTERNAL","https://www.naukri.com/job-listings-custom-software-engineer-accenture-solutions-pvt-ltd-hyderabad-2-to-5-years-170826923104","https://www.naukri.com/job-listings-custom-software-engineer-accenture-solutions-pvt-ltd-hyderabad-2-to-5-years-170826923104","External — apply manually"
"job_1790855846830_9c448","1/10/2026, 5:27:26 pm","NAUKRI","Custom Software Engineer","Accenture","Hyderabad","EXTERNAL","https://www.naukri.com/job-listings-custom-software-engineer-accenture-solutions-pvt-ltd-hyderabad-3-to-8-years-240826925632","https://www.naukri.com/job-listings-custom-software-engineer-accenture-solutions-pvt-ltd-hyderabad-3-to-8-years-240826925632","External — apply manually"
"job_1790855846830_ppknt","1/10/2026, 5:27:26 pm","NAUKRI","Java, React.js Or Angular Professional","Krazy Mantra It","Hyderabad, Bengaluru","EXTERNAL","https://www.naukri.com/job-listings-java-react-js-or-angular-professional-krazy-mantra-group-of-companies-hyderabad-bengaluru-6-to-11-years-220425502780","https://www.naukri.com/job-listings-java-react-js-or-angular-professional-krazy-mantra-group-of-companies-hyderabad-bengaluru-6-to-11-years-220425502780","External — apply manually"
"job_1790855846830_be84k","1/10/2026, 5:27:26 pm","NAUKRI","Custom Software Engineer","Accenture","Hyderabad","EXTERNAL","https://www.naukri.com/job-listings-custom-software-engineer-accenture-solutions-pvt-ltd-hyderabad-8-to-13-years-070926921877","https://www.naukri.com/job-listings-custom-software-engineer-accenture-solutions-pvt-ltd-hyderabad-8-to-13-years-070926921877","External — apply manually"
"job_1790855846831_9q0jy","1/10/2026, 5:27:26 pm","NAUKRI","Custom Software Engineer","Accenture","Hyderabad","EXTERNAL","https://www.naukri.com/job-listings-custom-software-engineer-accenture-solutions-pvt-ltd-hyderabad-10-to-15-years-040926926831","https://www.naukri.com/job-listings-custom-software-engineer-accenture-solutions-pvt-ltd-hyderabad-10-to-15-years-040926926831","External — apply manually"
"job_1790855846831_54k1t","1/10/2026, 5:27:26 pm","NAUKRI","Custom Software Engineer","Accenture","Hyderabad","EXTERNAL","https://www.naukri.com/job-listings-custom-software-engineer-accenture-solutions-pvt-ltd-hyderabad-5-to-10-years-070926923198","https://www.naukri.com/job-listings-custom-software-engineer-accenture-solutions-pvt-ltd-hyderabad-5-to-10-years-070926923198","External — apply manually"
"job_1790855846831_he15p","1/10/2026, 5:27:26 pm","NAUKRI","Custom Software Engineer","Accenture","Hyderabad","EXTERNAL","https://www.naukri.com/job-listings-custom-software-engineer-accenture-solutions-pvt-ltd-hyderabad-7-to-12-years-070926923045","https://www.naukri.com/job-listings-custom-software-engineer-accenture-solutions-pvt-ltd-hyderabad-7-to-12-years-070926923045","External — apply manually"
"job_1790855846831_xchy5","1/10/2026, 5:27:26 pm","NAUKRI","Custom Software Engineer","Accenture","Hyderabad","EXTERNAL","https://www.naukri.com/job-listings-custom-software-engineer-accenture-solutions-pvt-ltd-hyderabad-5-to-10-years-070926922976","https://www.naukri.com/job-listings-custom-software-engineer-accenture-solutions-pvt-ltd-hyderabad-5-to-10-years-070926922976","External — apply manually"
"job_1790855846831_z5xmj","1/10/2026, 5:27:26 pm","NAUKRI","Custom Software Engineer","Accenture","Hyderabad","EXTERNAL","https://www.naukri.com/job-listings-custom-software-engineer-accenture-solutions-pvt-ltd-hyderabad-5-to-10-years-310826918745","https://www.naukri.com/job-listings-custom-software-engineer-accenture-solutions-pvt-ltd-hyderabad-5-to-10-years-310826918745","External — apply manually"
"job_1790855846831_kuwn4","1/10/2026, 5:27:26 pm","NAUKRI","Application Engineer - III (Java - React - AWS)","Vanguard","Hyderabad","EXTERNAL","https://www.naukri.com/job-listings-application-engineer-iii-java-react-aws-visco-information-technology-services-private-limi-ted-hyderabad-5-to-10-years-090926930280","https://www.naukri.com/job-listings-application-engineer-iii-java-react-aws-visco-information-technology-services-private-limi-ted-hyderabad-5-to-10-years-090926930280","External — apply manually"
"job_1790855846831_4gl98","1/10/2026, 5:27:26 pm","NAUKRI","Full stack Engineer L4 ( Java + React )","Confiz","Hyderabad","EXTERNAL","https://www.naukri.com/job-listings-full-stack-engineer-l4-java-react-confiz-hyderabad-3-to-7-years-040626503038","https://www.naukri.com/job-listings-full-stack-engineer-l4-java-react-confiz-hyderabad-3-to-7-years-040626503038","External — apply manually"
"job_1790855846831_gbv5h","1/10/2026, 5:27:26 pm","NAUKRI","Senior Software Engineer (Java & React)","Excel Soft Technologies Pvt Ltd","Hyderabad","EXTERNAL","https://www.naukri.com/job-listings-180526504538","https://www.naukri.com/job-listings-180526504538","External — apply manually"
"job_1790855846831_fn6z8","1/10/2026, 5:27:26 pm","NAUKRI","Java React Developer(AIML-Next js)","Krazy Mantra It","Hyderabad, Pune, Chennai, Bengaluru","EXTERNAL","https://www.naukri.com/job-listings-java-react-developer-aiml-next-js-krazy-mantra-group-of-companies-hyderabad-pune-chennai-bengaluru-7-to-10-years-220425503128","https://www.naukri.com/job-listings-java-react-developer-aiml-next-js-krazy-mantra-group-of-companies-hyderabad-pune-chennai-bengaluru-7-to-10-years-220425503128","External — apply manually"
"job_1790855846832_lclms","1/10/2026, 5:27:26 pm","NAUKRI","Software Engineer (Mid-Level)","Datamaze Solutions","Hyderabad","EXTERNAL","https://www.naukri.com/job-listings-software-engineer-mid-level-datamaze-solutions-hyderabad-3-to-5-years-231225502572","https://www.naukri.com/job-listings-software-engineer-mid-level-datamaze-solutions-hyderabad-3-to-5-years-231225502572","External — apply manually"
"job_1790855846832_e6cc3","1/10/2026, 5:27:26 pm","NAUKRI","Senior Software Engineer (Java & React)","Franklin Templeton","Hyderabad","EXTERNAL","https://www.naukri.com/job-listings-senior-software-engineer-java-react-franklin-templeton-asset-management-india-pvt-hyderabad-7-to-12-years-030926502829","https://www.naukri.com/job-listings-senior-software-engineer-java-react-franklin-templeton-asset-management-india-pvt-hyderabad-7-to-12-years-030926502829","External — apply manually"
"job_1790855846832_5d6gq","1/10/2026, 5:27:26 pm","NAUKRI","Java + React JS","Krazy Mantra It","Hyderabad, Pune, Chennai, Bengaluru","EXTERNAL","https://www.naukri.com/job-listings-java-react-js-krazy-mantra-group-of-companies-hyderabad-pune-chennai-bengaluru-6-to-10-years-250325500633","https://www.naukri.com/job-listings-java-react-js-krazy-mantra-group-of-companies-hyderabad-pune-chennai-bengaluru-6-to-10-years-250325500633","External — apply manually"
"job_1790855846832_fa77a","1/10/2026, 5:27:26 pm","NAUKRI","Java React Developer(AIML-Next js)","Krazy Mantra It","Hyderabad, Pune, Chennai, Bengaluru","EXTERNAL","https://www.naukri.com/job-listings-java-react-developer-aiml-next-js-krazy-mantra-group-of-companies-hyderabad-pune-chennai-bengaluru-4-to-6-years-220425503126","https://www.naukri.com/job-listings-java-react-developer-aiml-next-js-krazy-mantra-group-of-companies-hyderabad-pune-chennai-bengaluru-4-to-6-years-220425503126","External — apply manually"
"job_1790855846832_h5bgl","1/10/2026, 5:27:26 pm","NAUKRI","Java React js Developer","Krazy Mantra It","Hyderabad, Pune, Chennai, Bengaluru","EXTERNAL","https://www.naukri.com/job-listings-java-react-js-developer-krazy-mantra-group-of-companies-hyderabad-pune-chennai-bengaluru-7-to-10-years-220425503118","https://www.naukri.com/job-listings-java-react-js-developer-krazy-mantra-group-of-companies-hyderabad-pune-chennai-bengaluru-7-to-10-years-220425503118","External — apply manually"
"job_1790855846832_eplbt","1/10/2026, 5:27:26 pm","NAUKRI","Software Engineer","Influencer Labs","Hyderabad","EXTERNAL","https://www.naukri.com/job-listings-software-engineer-influencer-labs-hyderabad-1-to-4-years-100626503006","https://www.naukri.com/job-listings-software-engineer-influencer-labs-hyderabad-1-to-4-years-100626503006","External — apply manually"
"job_1790855846832_g4j3n","1/10/2026, 5:27:26 pm","NAUKRI","Custom Software Engineer","Accenture","Hyderabad","EXTERNAL","https://www.naukri.com/job-listings-custom-software-engineer-accenture-solutions-pvt-ltd-hyderabad-12-to-17-years-110826933498","https://www.naukri.com/job-listings-custom-software-engineer-accenture-solutions-pvt-ltd-hyderabad-12-to-17-years-110826933498","External — apply manually"
"job_1790855846833_q2onf","1/10/2026, 5:27:26 pm","NAUKRI","Custom Software Engineer","Accenture","Hyderabad","EXTERNAL","https://www.naukri.com/job-listings-custom-software-engineer-accenture-solutions-pvt-ltd-hyderabad-18-to-23-years-110826933244","https://www.naukri.com/job-listings-custom-software-engineer-accenture-solutions-pvt-ltd-hyderabad-18-to-23-years-110826933244","External — apply manually"
"job_1790855846833_4ig2f","1/10/2026, 5:27:26 pm","NAUKRI","Application Engineer - III (Java, React, AWS)","Vanguard Technologies","Hyderabad","EXTERNAL","https://www.naukri.com/job-listings-application-engineer-iii-java-react-aws-vanguard-hyderabad-5-to-10-years-120826502089","https://www.naukri.com/job-listings-application-engineer-iii-java-react-aws-vanguard-hyderabad-5-to-10-years-120826502089","External — apply manually"
"job_1790855846833_mfhmj","1/10/2026, 5:27:26 pm","NAUKRI","Java+React Developer","Plexcel Info Systems","Hyderabad","EXTERNAL","https://www.naukri.com/job-listings-java-react-developer-plexcel-info-systems-hyderabad-3-to-10-years-060624502881","https://www.naukri.com/job-listings-java-react-developer-plexcel-info-systems-hyderabad-3-to-10-years-060624502881","External — apply manually"
"job_1790855846833_cbhwu","1/10/2026, 5:27:26 pm","NAUKRI","Java FS Lead","Iflowtech Solutions","Hyderabad","EXTERNAL","https://www.naukri.com/job-listings-java-fs-lead-iflowtech-solutions-hyderabad-4-to-8-years-040526501148","https://www.naukri.com/job-listings-java-fs-lead-iflowtech-solutions-hyderabad-4-to-8-years-040526501148","External — apply manually"
"job_1790855846833_o7048","1/10/2026, 5:27:26 pm","NAUKRI","Java Architect","DEFTeam","Hyderabad","EXTERNAL","https://www.naukri.com/job-listings-java-architect-defteam-solutions-pvt-ltd-hyderabad-9-to-14-years-130525502968","https://www.naukri.com/job-listings-java-architect-defteam-solutions-pvt-ltd-hyderabad-9-to-14-years-130525502968","External — apply manually"
"job_1790855846834_3huu5","1/10/2026, 5:27:26 pm","NAUKRI","Custom Software Engineer","Accenture","Hyderabad","EXTERNAL","https://www.naukri.com/job-listings-custom-software-engineer-accenture-solutions-pvt-ltd-hyderabad-5-to-10-years-240826925923","https://www.naukri.com/job-listings-custom-software-engineer-accenture-solutions-pvt-ltd-hyderabad-5-to-10-years-240826925923","External — apply manually"
"job_1790855846834_v4l0o","1/10/2026, 5:27:26 pm","NAUKRI","Custom Software Engineer","Accenture","Hyderabad","EXTERNAL","https://www.naukri.com/job-listings-custom-software-engineer-accenture-solutions-pvt-ltd-hyderabad-7-to-12-years-170826926542","https://www.naukri.com/job-listings-custom-software-engineer-accenture-solutions-pvt-ltd-hyderabad-7-to-12-years-170826926542","External — apply manually"
"job_1790855846834_dgwnx","1/10/2026, 5:27:26 pm","NAUKRI","Custom Software Engineer","Accenture","Hyderabad","EXTERNAL","https://www.naukri.com/job-listings-custom-software-engineer-accenture-solutions-pvt-ltd-hyderabad-5-to-10-years-170826926392","https://www.naukri.com/job-listings-custom-software-engineer-accenture-solutions-pvt-ltd-hyderabad-5-to-10-years-170826926392","External — apply manually"
"job_1790855846834_j2b1z","1/10/2026, 5:27:26 pm","NAUKRI","Custom Software Engineer","Accenture","Hyderabad","EXTERNAL","https://www.naukri.com/job-listings-custom-software-engineer-accenture-solutions-pvt-ltd-hyderabad-5-to-10-years-170826926219","https://www.naukri.com/job-listings-custom-software-engineer-accenture-solutions-pvt-ltd-hyderabad-5-to-10-years-170826926219","External — apply manually"
"job_1790855846834_o5kvi","1/10/2026, 5:27:26 pm","NAUKRI","Custom Software Engineer","Accenture","Hyderabad","EXTERNAL","https://www.naukri.com/job-listings-custom-software-engineer-accenture-solutions-pvt-ltd-hyderabad-5-to-10-years-110826933497","https://www.naukri.com/job-listings-custom-software-engineer-accenture-solutions-pvt-ltd-hyderabad-5-to-10-years-110826933497","External — apply manually"
"job_1790855846835_ngro5","1/10/2026, 5:27:26 pm","NAUKRI","Custom Software Engineer","Accenture","Hyderabad","EXTERNAL","https://www.naukri.com/job-listings-custom-software-engineer-accenture-solutions-pvt-ltd-hyderabad-7-to-12-years-110826933494","https://www.naukri.com/job-listings-custom-software-engineer-accenture-solutions-pvt-ltd-hyderabad-7-to-12-years-110826933494","External — apply manually"
"job_1790855846835_9rbcl","1/10/2026, 5:27:26 pm","NAUKRI","Manager- Software Engineer","Macquarie","Hyderabad","EXTERNAL","https://www.naukri.com/job-listings-manager-software-engineer-macquarie-global-services-pvt-ltd-hyderabad-8-to-13-years-040226501337","https://www.naukri.com/job-listings-manager-software-engineer-macquarie-global-services-pvt-ltd-hyderabad-8-to-13-years-040226501337","External — apply manually"
"job_1790855846835_omn3o","1/10/2026, 5:27:26 pm","NAUKRI","Custom Software Engineer","Accenture","Hyderabad","EXTERNAL","https://www.naukri.com/job-listings-custom-software-engineer-accenture-solutions-pvt-ltd-hyderabad-10-to-15-years-190826926691","https://www.naukri.com/job-listings-custom-software-engineer-accenture-solutions-pvt-ltd-hyderabad-10-to-15-years-190826926691","External — apply manually"
"job_1790855846835_c84gh","1/10/2026, 5:27:26 pm","NAUKRI","Custom Software Engineer","Accenture","Hyderabad","EXTERNAL","https://www.naukri.com/job-listings-custom-software-engineer-accenture-solutions-pvt-ltd-hyderabad-10-to-15-years-110826934135","https://www.naukri.com/job-listings-custom-software-engineer-accenture-solutions-pvt-ltd-hyderabad-10-to-15-years-110826934135","External — apply manually"
"job_1790855846835_py83f","1/10/2026, 5:27:26 pm","NAUKRI","Custom Software Engineer","Accenture","Hyderabad","EXTERNAL","https://www.naukri.com/job-listings-custom-software-engineer-accenture-solutions-pvt-ltd-hyderabad-12-to-14-years-070926922825","https://www.naukri.com/job-listings-custom-software-engineer-accenture-solutions-pvt-ltd-hyderabad-12-to-14-years-070926922825","External — apply manually"
"job_1790855846836_whpfe","1/10/2026, 5:27:26 pm","NAUKRI","Custom Software Engineer","Accenture","Hyderabad","EXTERNAL","https://www.naukri.com/job-listings-custom-software-engineer-accenture-solutions-pvt-ltd-hyderabad-12-to-17-years-070926922818","https://www.naukri.com/job-listings-custom-software-engineer-accenture-solutions-pvt-ltd-hyderabad-12-to-17-years-070926922818","External — apply manually"
"job_1790855846836_ogpcj","1/10/2026, 5:27:26 pm","NAUKRI","Custom Software Engineer","Accenture","Hyderabad","EXTERNAL","https://www.naukri.com/job-listings-custom-software-engineer-accenture-solutions-pvt-ltd-hyderabad-12-to-14-years-070926922799","https://www.naukri.com/job-listings-custom-software-engineer-accenture-solutions-pvt-ltd-hyderabad-12-to-14-years-070926922799","External — apply manually"
"job_1790855846836_mcc8a","1/10/2026, 5:27:26 pm","NAUKRI","Custom Software Engineer","Accenture","Hyderabad","EXTERNAL","https://www.naukri.com/job-listings-custom-software-engineer-accenture-solutions-pvt-ltd-hyderabad-15-to-20-years-240826926279","https://www.naukri.com/job-listings-custom-software-engineer-accenture-solutions-pvt-ltd-hyderabad-15-to-20-years-240826926279","External — apply manually"
"job_1790855846836_dee9f","1/10/2026, 5:27:26 pm","NAUKRI","Custom Software Engineer","Accenture","Hyderabad","EXTERNAL","https://www.naukri.com/job-listings-custom-software-engineer-accenture-solutions-pvt-ltd-hyderabad-5-to-10-years-240826925979","https://www.naukri.com/job-listings-custom-software-engineer-accenture-solutions-pvt-ltd-hyderabad-5-to-10-years-240826925979","External — apply manually"
"job_1790855846836_94mto","1/10/2026, 5:27:26 pm","NAUKRI","Custom Software Engineer","Accenture","Hyderabad","EXTERNAL","https://www.naukri.com/job-listings-custom-software-engineer-accenture-solutions-pvt-ltd-hyderabad-12-to-17-years-170826926635","https://www.naukri.com/job-listings-custom-software-engineer-accenture-solutions-pvt-ltd-hyderabad-12-to-17-years-170826926635","External — apply manually"
"job_1790855846837_zwthb","1/10/2026, 5:27:26 pm","NAUKRI","Custom Software Engineer","Accenture","Hyderabad","EXTERNAL","https://www.naukri.com/job-listings-custom-software-engineer-accenture-solutions-pvt-ltd-hyderabad-15-to-20-years-170826925691","https://www.naukri.com/job-listings-custom-software-engineer-accenture-solutions-pvt-ltd-hyderabad-15-to-20-years-170826925691","External — apply manually"
"job_1790855846837_duzer","1/10/2026, 5:27:26 pm","NAUKRI","Custom Software Engineer","Accenture","Hyderabad","EXTERNAL","https://www.naukri.com/job-listings-custom-software-engineer-accenture-solutions-pvt-ltd-hyderabad-7-to-12-years-170826924291","https://www.naukri.com/job-listings-custom-software-engineer-accenture-solutions-pvt-ltd-hyderabad-7-to-12-years-170826924291","External — apply manually"
"job_1790855846837_8fi56","1/10/2026, 5:27:26 pm","NAUKRI","Custom Software Engineer","Accenture","Hyderabad","EXTERNAL","https://www.naukri.com/job-listings-custom-software-engineer-accenture-solutions-pvt-ltd-hyderabad-5-to-10-years-170826924289","https://www.naukri.com/job-listings-custom-software-engineer-accenture-solutions-pvt-ltd-hyderabad-5-to-10-years-170826924289","External — apply manually"
"job_1790855846837_16uww","1/10/2026, 5:27:26 pm","NAUKRI","Custom Software Engineer","Accenture","Hyderabad","EXTERNAL","https://www.naukri.com/job-listings-custom-software-engineer-accenture-solutions-pvt-ltd-hyderabad-7-to-12-years-170826924236","https://www.naukri.com/job-listings-custom-software-engineer-accenture-solutions-pvt-ltd-hyderabad-7-to-12-years-170826924236","External — apply manually"
"job_1790855846837_3xn8a","1/10/2026, 5:27:26 pm","NAUKRI","Custom Software Engineer","Accenture","Hyderabad","EXTERNAL","https://www.naukri.com/job-listings-custom-software-engineer-accenture-solutions-pvt-ltd-hyderabad-10-to-15-years-070926923199","https://www.naukri.com/job-listings-custom-software-engineer-accenture-solutions-pvt-ltd-hyderabad-10-to-15-years-070926923199","External — apply manually"
"job_1790855846838_vh86m","1/10/2026, 5:27:26 pm","NAUKRI","Full Stack Engineer - Java and React JS","Apple","Hyderabad","EXTERNAL","https://www.naukri.com/job-listings-full-stack-engineer-java-and-react-js-apple-india-pvt-ltd-hyderabad-3-to-7-years-231025500604","https://www.naukri.com/job-listings-full-stack-engineer-java-and-react-js-apple-india-pvt-ltd-hyderabad-3-to-7-years-231025500604","External — apply manually"
"job_1790855846838_c8glc","1/10/2026, 5:27:26 pm","NAUKRI","Software Engineering Lead - Java Fullstack, React Js, Java Spring, AI","Optum","Hyderabad","EXTERNAL","https://www.naukri.com/job-listings-software-engineering-lead-java-fullstack-react-js-java-spring-ai-optum-global-solutions-india-private-limited-hyderabad-7-to-12-years-030926925804","https://www.naukri.com/job-listings-software-engineering-lead-java-fullstack-react-js-java-spring-ai-optum-global-solutions-india-private-limited-hyderabad-7-to-12-years-030926925804","External — apply manually"
"job_1790855846838_u2zub","1/10/2026, 5:27:26 pm","NAUKRI","Sr. Software Engineer - Java","Yash Technologies","Hyderabad","EXTERNAL","https://www.naukri.com/job-listings-sr-software-engineer-java-yash-technologies-hyderabad-5-to-8-years-030626501062","https://www.naukri.com/job-listings-sr-software-engineer-java-yash-technologies-hyderabad-5-to-8-years-030626501062","External — apply manually"
"job_1790855846838_auog1","1/10/2026, 5:27:26 pm","NAUKRI","Java Full Stack Developer","IDESLABS","Hyderabad","EXTERNAL","https://www.naukri.com/job-listings-java-full-stack-developer-ideslabs-private-limited-hyderabad-4-to-7-years-071223501442","https://www.naukri.com/job-listings-java-full-stack-developer-ideslabs-private-limited-hyderabad-4-to-7-years-071223501442","External — apply manually"
"job_1790855846838_2uigk","1/10/2026, 5:27:26 pm","NAUKRI","Assistant Manager/Deputy Manager Junior Java Front-End Developer","Central Depository Services","Hyderabad","EXTERNAL","https://www.naukri.com/job-listings-assistant-manager-deputy-manager-junior-java-front-end-developer-central-depository-services-india-limited-hyderabad-2-to-4-years-171225501792","https://www.naukri.com/job-listings-assistant-manager-deputy-manager-junior-java-front-end-developer-central-depository-services-india-limited-hyderabad-2-to-4-years-171225501792","External — apply manually"
"job_1790855846839_9wcsp","1/10/2026, 5:27:26 pm","NAUKRI","Java with angular or react +Devops","Krazy Mantra It","Hyderabad, Mumbai, Kolkata, New Delhi, Pune, Chennai, Bengaluru","EXTERNAL","https://www.naukri.com/job-listings-java-with-angular-or-react-devops-krazy-mantra-group-of-companies-kolkata-mumbai-new-delhi-hyderabad-pune-chennai-bengaluru-8-to-12-years-220425503008","https://www.naukri.com/job-listings-java-with-angular-or-react-devops-krazy-mantra-group-of-companies-kolkata-mumbai-new-delhi-hyderabad-pune-chennai-bengaluru-8-to-12-years-220425503008","External — apply manually"
"job_1790855846839_fgt6r","1/10/2026, 5:27:26 pm","NAUKRI","Full Stack Developer (Java,Python & React)","Exaze It","Hyderabad","EXTERNAL","https://www.naukri.com/job-listings-full-stack-developer-java-python-react-exaze-it-hyderabad-5-to-8-years-240826504761","https://www.naukri.com/job-listings-full-stack-developer-java-python-react-exaze-it-hyderabad-5-to-8-years-240826504761","External — apply manually"
"job_1790855846839_3xivw","1/10/2026, 5:27:26 pm","NAUKRI","Full Stack Developer","Tech Stalwart Solution","Hyderabad, Mumbai, Kolkata, New Delhi, Pune, Chennai, Bengaluru","EXTERNAL","https://www.naukri.com/job-listings-full-stack-developer-tech-stalwart-solution-private-limited-kolkata-mumbai-new-delhi-hyderabad-pune-chennai-bengaluru-0-to-3-years-040225508253","https://www.naukri.com/job-listings-full-stack-developer-tech-stalwart-solution-private-limited-kolkata-mumbai-new-delhi-hyderabad-pune-chennai-bengaluru-0-to-3-years-040225508253","External — apply manually"
"job_1790855846839_8kf1a","1/10/2026, 5:27:26 pm","NAUKRI","Senior Full Stack Developer (Java + Node.js + React)","Qloron Technology","Hyderabad","EXTERNAL","https://www.naukri.com/job-listings-senior-full-stack-developer-java-node-js-react-qloron-pvt-ltd-hyderabad-4-to-9-years-100826503736","https://www.naukri.com/job-listings-senior-full-stack-developer-java-node-js-react-qloron-pvt-ltd-hyderabad-4-to-9-years-100826503736","External — apply manually"
"job_1790855846839_wjsjs","1/10/2026, 5:27:26 pm","NAUKRI","JAVA/J2EE, Springboot Full Stack Senior Developer","Kyndryl","Hyderabad","EXTERNAL","https://www.naukri.com/job-listings-java-j2ee-springboot-full-stack-senior-developer-kyndryl-hyderabad-8-to-13-years-210526507970","https://www.naukri.com/job-listings-java-j2ee-springboot-full-stack-senior-developer-kyndryl-hyderabad-8-to-13-years-210526507970","External — apply manually"
"job_1790855846839_vwzc5","1/10/2026, 5:27:26 pm","NAUKRI","Senior Platform Engineer Java + GCP","Anaqua","Hyderabad","EXTERNAL","https://www.naukri.com/job-listings-senior-platform-engineer-java-gcp-anaqua-hyderabad-5-to-8-years-020626502072","https://www.naukri.com/job-listings-senior-platform-engineer-java-gcp-anaqua-hyderabad-5-to-8-years-020626502072","External — apply manually"
"job_1790855846840_o0dm8","1/10/2026, 5:27:26 pm","NAUKRI","Fullstack Engineer","Inorg","Hyderabad, Mumbai, Kolkata, New Delhi, Pune, Chennai, Bengaluru","EXTERNAL","https://www.naukri.com/job-listings-fullstack-engineer-inorg-global-kolkata-mumbai-new-delhi-hyderabad-pune-chennai-bengaluru-2-to-6-years-160725502606","https://www.naukri.com/job-listings-fullstack-engineer-inorg-global-kolkata-mumbai-new-delhi-hyderabad-pune-chennai-bengaluru-2-to-6-years-160725502606","External — apply manually"
"job_1790855846840_ad6zi","1/10/2026, 5:27:26 pm","NAUKRI","Java Tech Lead","Toppan Merrill","Hyderabad, Gurugram, Chennai","EXTERNAL","https://www.naukri.com/job-listings-java-tech-lead-toppan-merrill-technology-services-private-limited-hyderabad-gurugram-chennai-10-to-12-years-200825502298","https://www.naukri.com/job-listings-java-tech-lead-toppan-merrill-technology-services-private-limited-hyderabad-gurugram-chennai-10-to-12-years-200825502298","External — apply manually"
"job_1790855846840_4ige7","1/10/2026, 5:27:26 pm","NAUKRI","Java FSD (React /Angular)-Hexa-Premadevi Professional","PSRTEK","Hyderabad","EXTERNAL","https://www.naukri.com/job-listings-java-fsd-react-angular-hexa-premadevi-professional-psr-tek-hyderabad-10-to-15-years-290526504652","https://www.naukri.com/job-listings-java-fsd-react-angular-hexa-premadevi-professional-psr-tek-hyderabad-10-to-15-years-290526504652","External — apply manually"
"job_1790855846840_809un","1/10/2026, 5:27:26 pm","NAUKRI","Solutions Engineer - Full Stack & AI Automation","Amgen Inc","Hyderabad","EXTERNAL","https://www.naukri.com/job-listings-solutions-engineer-full-stack-ai-automation-amgen-inc-hyderabad-2-to-6-years-070926928567","https://www.naukri.com/job-listings-solutions-engineer-full-stack-ai-automation-amgen-inc-hyderabad-2-to-6-years-070926928567","External — apply manually"
"job_1790855846841_l1zhh","1/10/2026, 5:27:26 pm","NAUKRI","Senior Full Stack Engineer","Openpixel Web Solutions","Hyderabad","EXTERNAL","https://www.naukri.com/job-listings-senior-full-stack-engineer-openpixel-web-solutions-hyderabad-3-to-7-years-301025502865","https://www.naukri.com/job-listings-senior-full-stack-engineer-openpixel-web-solutions-hyderabad-3-to-7-years-301025502865","External — apply manually"
"job_1790855846841_806yr","1/10/2026, 5:27:26 pm","NAUKRI","Full Stack Developer (Mid-Level)","Datamaze Solutions","Hyderabad","EXTERNAL","https://www.naukri.com/job-listings-full-stack-developer-mid-level-datamaze-solutions-hyderabad-3-to-5-years-171225503627","https://www.naukri.com/job-listings-full-stack-developer-mid-level-datamaze-solutions-hyderabad-3-to-5-years-171225503627","External — apply manually"
"job_1790855846841_26h1f","1/10/2026, 5:27:26 pm","COMPANY_CAREER","Lead/Senior Software Engineer - .NET with WinForms","EPAM Systems","Hyderabad / India","EXTERNAL","https://careers.epam.com/en/vacancy/lead-senior-software-engineer-net-with-winforms-blt0cysgrko3q01kz2s_en","https://careers.epam.com/en/vacancy/lead-senior-software-engineer-net-with-winforms-blt0cysgrko3q01kz2s_en","EPAM Systems career page visited & details pre-filled"
"job_1790855846841_z007j","1/10/2026, 5:27:26 pm","COMPANY_CAREER","Senior Technical Delivery Manager - Java/.NET","EPAM Systems","Hyderabad / India","EXTERNAL","https://careers.epam.com/en/vacancy/senior-technical-delivery-manager-java-net-blt1e34ac3d19140099_en","https://careers.epam.com/en/vacancy/senior-technical-delivery-manager-java-net-blt1e34ac3d19140099_en","EPAM Systems career page visited & details pre-filled"
"job_1790855846841_neuxa","1/10/2026, 5:27:26 pm","COMPANY_CAREER","Software Engineer - Java Full Stack React","EPAM Systems","Hyderabad / India","EXTERNAL","https://careers.epam.com/en/vacancy/software-engineer-java-full-stack-react-blt1jr66036aesrrgj1_en","https://careers.epam.com/en/vacancy/software-engineer-java-full-stack-react-blt1jr66036aesrrgj1_en","EPAM Systems career page visited & details pre-filled"
"job_1790855846841_2iyjt","1/10/2026, 5:27:26 pm","COMPANY_CAREER","Senior Solution Architect - Java, Spring Boot, Microservices, Cloud","EPAM Systems","Hyderabad / India","EXTERNAL","https://careers.epam.com/en/vacancy/senior-solution-architect-java-spring-boot-microservices-cloud-blt1njqppxutlso2lu6_en","https://careers.epam.com/en/vacancy/senior-solution-architect-java-spring-boot-microservices-cloud-blt1njqppxutlso2lu6_en","EPAM Systems career page visited & details pre-filled"
"job_1790855846841_6g0t2","1/10/2026, 5:27:26 pm","COMPANY_CAREER","Modern Software Engineer","EPAM Systems","Hyderabad / India","EXTERNAL","https://careers.epam.com/en/jobs/modern-software-engineer","https://careers.epam.com/en/jobs/modern-software-engineer","EPAM Systems career page visited & details pre-filled"
"job_1790855846841_s4hr6","1/10/2026, 5:27:26 pm","COMPANY_CAREER","Java Full Stack Developer Opening","Infosys","Hyderabad / India","EXTERNAL","https://career.infosys.com/joblist?keyword=Java%20Full%20Stack&country=India","https://career.infosys.com/joblist?keyword=Java%20Full%20Stack&country=India","Infosys career page visited & details pre-filled"
"job_1790855846841_swror","1/10/2026, 5:27:26 pm","COMPANY_CAREER","Java Full Stack Developer Opening","Cognizant","Hyderabad / India","EXTERNAL","https://careers.cognizant.com/global-en/jobs/?keyword=Java+Full+Stack&country=India","https://careers.cognizant.com/global-en/jobs/?keyword=Java+Full+Stack&country=India","Cognizant career page visited & details pre-filled"
"job_1790855846842_bbemz","1/10/2026, 5:27:26 pm","COMPANY_CAREER","Java Full Stack Developer Opening","Accenture","Hyderabad / India","EXTERNAL","https://www.accenture.com/in-en/careers/jobsearch?jk=Java%20Full%20Stack&sb=1","https://www.accenture.com/in-en/careers/jobsearch?jk=Java%20Full%20Stack&sb=1","Accenture career page visited & details pre-filled"
"job_1790855846842_9l9z2","1/10/2026, 5:27:26 pm","COMPANY_CAREER","Java Full Stack Developer Opening","Wipro","Hyderabad / India","EXTERNAL","https://careers.wipro.com/careers-home/jobs?keywords=Java%20Full%20Stack&location=India","https://careers.wipro.com/careers-home/jobs?keywords=Java%20Full%20Stack&location=India","Wipro career page visited & details pre-filled"
"job_1790855846842_tg729","1/10/2026, 5:27:26 pm","COMPANY_CAREER","Java Full Stack Developer Opening","Capgemini","Hyderabad / India","EXTERNAL","https://www.capgemini.com/in-en/careers/job-search/?country_code=en-in&keyword=Java%20Full%20Stack","https://www.capgemini.com/in-en/careers/job-search/?country_code=en-in&keyword=Java%20Full%20Stack","Capgemini career page visited & details pre-filled"
"job_1790855846842_54re0","1/10/2026, 5:27:26 pm","COMPANY_CAREER","Software Developer Jobs","EPAM Systems","Hyderabad / India","EXTERNAL","https://careers.epam.com/en/jobs/software-developer-jobs","https://careers.epam.com/en/jobs/software-developer-jobs","EPAM Systems career page visited & details pre-filled"
"job_1790855846842_hwdnm","1/10/2026, 5:27:26 pm","COMPANY_CAREER","Full Stack Software Engineer Jobs","EPAM Systems","Hyderabad / India","EXTERNAL","https://careers.epam.com/en/jobs/full-stack-software-engineer","https://careers.epam.com/en/jobs/full-stack-software-engineer","EPAM Systems career page visited & details pre-filled"
"job_1790855846842_60cfx","1/10/2026, 5:27:26 pm","COMPANY_CAREER","Java Full stack Developer with Angular","Cognizant","Hyderabad / India","EXTERNAL","https://careers.cognizant.com/global-en/jobs/00070474919/java-full-stack-developer-with-angular/","https://careers.cognizant.com/global-en/jobs/00070474919/java-full-stack-developer-with-angular/","Cognizant career page visited & details pre-filled"
"job_1790855846842_95fx6","1/10/2026, 5:27:26 pm","COMPANY_CAREER","Java Full Stack Developer","Cognizant","Hyderabad / India","EXTERNAL","https://careers.cognizant.com/global-en/jobs/00063967073/java-full-stack-developer/","https://careers.cognizant.com/global-en/jobs/00063967073/java-full-stack-developer/","Cognizant career page visited & details pre-filled"
"job_1790855846842_2i0ag","1/10/2026, 5:27:26 pm","COMPANY_CAREER","Java Full Stack Developer","Cognizant","Hyderabad / India","EXTERNAL","https://careers.cognizant.com/global-en/jobs/00066097842/java-full-stack-developer/","https://careers.cognizant.com/global-en/jobs/00066097842/java-full-stack-developer/","Cognizant career page visited & details pre-filled"
"job_1790855846842_adr5c","1/10/2026, 5:27:26 pm","COMPANY_CAREER","Java Fullstack Developer with Angular + AWS","Cognizant","Hyderabad / India","EXTERNAL","https://careers.cognizant.com/global-en/jobs/00069356551/java-fullstack-developer-with-angular-plus-aws/","https://careers.cognizant.com/global-en/jobs/00069356551/java-fullstack-developer-with-angular-plus-aws/","Cognizant career page visited & details pre-filled"
"job_1790855846843_7yc88","1/10/2026, 5:27:26 pm","COMPANY_CAREER","Java fullstack developer with Angular + Graphql","Cognizant","Hyderabad / India","EXTERNAL","https://careers.cognizant.com/global-en/jobs/00069260651/java-fullstack-developer-with-angular-plus-graphql/","https://careers.cognizant.com/global-en/jobs/00069260651/java-fullstack-developer-with-angular-plus-graphql/","Cognizant career page visited & details pre-filled"
"job_1790855846843_zo722","1/10/2026, 5:27:26 pm","NAUKRI","Custom Software Engineer","Accenture","Hyderabad","EXTERNAL","https://www.naukri.com/job-listings-custom-software-engineer-accenture-solutions-pvt-ltd-hyderabad-1-to-2-years-170826925392","https://www.naukri.com/job-listings-custom-software-engineer-accenture-solutions-pvt-ltd-hyderabad-1-to-2-years-170826925392","External — apply manually"
"job_1790855846843_zixbh","1/10/2026, 5:27:26 pm","NAUKRI","Custom Software Engineer Copy 01","Accenture","Bengaluru","EXTERNAL","https://www.naukri.com/job-listings-custom-software-engineer-copy-01-accenture-solutions-pvt-ltd-bengaluru-2-to-5-years-070926927247","https://www.naukri.com/job-listings-custom-software-engineer-copy-01-accenture-solutions-pvt-ltd-bengaluru-2-to-5-years-070926927247","External — apply manually"
"job_1790855846843_ja8ia","1/10/2026, 5:27:26 pm","NAUKRI","Java Full Stack Developer - (Third Party Payroll)","Crisil","Mumbai","EXTERNAL","https://www.naukri.com/job-listings-java-full-stack-developer-third-party-payroll-crisil-mumbai-0-to-4-years-141025502519","https://www.naukri.com/job-listings-java-full-stack-developer-third-party-payroll-crisil-mumbai-0-to-4-years-141025502519","External — apply manually"
"job_1790855846843_fiofn","1/10/2026, 5:27:26 pm","NAUKRI","Java Full Stack Developer","Lexplosion Solutions","Kolkata","EXTERNAL","https://www.naukri.com/job-listings-java-full-stack-developer-lexplosion-solutions-pvt-ltd-kolkata-3-to-8-years-090926504332","https://www.naukri.com/job-listings-java-full-stack-developer-lexplosion-solutions-pvt-ltd-kolkata-3-to-8-years-090926504332","External — apply manually"
"job_1790855846843_e2go0","1/10/2026, 5:27:26 pm","NAUKRI","Software Engineer","Worldline","Pune","EXTERNAL","https://www.naukri.com/job-listings-software-engineer-worldline-pune-2-to-4-years-191225503819","https://www.naukri.com/job-listings-software-engineer-worldline-pune-2-to-4-years-191225503819","External — apply manually"
"job_1790855846843_c9m2z","1/10/2026, 5:27:26 pm","NAUKRI","Java Fullstack Developer","Impronics Technologies","Bengaluru","EXTERNAL","https://www.naukri.com/job-listings-java-fullstack-developer-impronics-technologies-bengaluru-3-to-7-years-110325503796","https://www.naukri.com/job-listings-java-fullstack-developer-impronics-technologies-bengaluru-3-to-7-years-110325503796","External — apply manually"
"job_1790855846844_zb3yd","1/10/2026, 5:27:26 pm","NAUKRI","Java Fullstack DEveloper","Logic Planet","Bengaluru, Hubballi, Mangaluru, Mysuru, Belagavi","EXTERNAL","https://www.naukri.com/job-listings-java-fullstack-developer-logicplanet-it-services-hubli-mangaluru-mysuru-bengaluru-belgaum-0-to-5-years-240226504892","https://www.naukri.com/job-listings-java-fullstack-developer-logicplanet-it-services-hubli-mangaluru-mysuru-bengaluru-belgaum-0-to-5-years-240226504892","External — apply manually"
"job_1790855846844_gj7a6","1/10/2026, 5:27:26 pm","NAUKRI","Senior Engineer, Java Fullstack","Nagarro","Bengaluru","EXTERNAL","https://www.naukri.com/job-listings-senior-engineer-java-fullstack-nagarro-software-pvt-ltd-bengaluru-2-to-7-years-291025500363","https://www.naukri.com/job-listings-senior-engineer-java-fullstack-nagarro-software-pvt-ltd-bengaluru-2-to-7-years-291025500363","External — apply manually"
"job_1790855846844_3qatm","1/10/2026, 5:27:26 pm","NAUKRI","Sr Java Fullstack Developer (Indira POC)","Han Digital Solution","Bengaluru, Chennai","EXTERNAL","https://www.naukri.com/job-listings-sr-java-fullstack-developer-indira-poc-han-digital-solution-chennai-bengaluru-6-to-9-years-221125501438","https://www.naukri.com/job-listings-sr-java-fullstack-developer-indira-poc-han-digital-solution-chennai-bengaluru-6-to-9-years-221125501438","External — apply manually"
"job_1790855846844_nxzvr","1/10/2026, 5:27:26 pm","NAUKRI","Java Fullstack Developer","Gforce Consulting Solutions","Bengaluru","EXTERNAL","https://www.naukri.com/job-listings-java-fullstack-developer-gforce-consulting-solutions-bengaluru-3-to-9-years-170523501121","https://www.naukri.com/job-listings-java-fullstack-developer-gforce-consulting-solutions-bengaluru-3-to-9-years-170523501121","External — apply manually"
"job_1790855846844_cpasf","1/10/2026, 5:27:26 pm","NAUKRI","Java Fullstack Developer","Logic Planet","Bengaluru","EXTERNAL","https://www.naukri.com/job-listings-java-fullstack-developer-logicplanet-it-services-bengaluru-5-to-10-years-200226502197","https://www.naukri.com/job-listings-java-fullstack-developer-logicplanet-it-services-bengaluru-5-to-10-years-200226502197","External — apply manually"
"job_1790855846844_ryuvl","1/10/2026, 5:27:26 pm","NAUKRI","Java Fullstack Lead - React JS","Krazy Mantra It","Bengaluru","EXTERNAL","https://www.naukri.com/job-listings-java-fullstack-lead-react-js-krazy-mantra-group-of-companies-bengaluru-5-to-13-years-250325500510","https://www.naukri.com/job-listings-java-fullstack-lead-react-js-krazy-mantra-group-of-companies-bengaluru-5-to-13-years-250325500510","External — apply manually"
"job_1790855846845_bieaa","1/10/2026, 5:27:26 pm","NAUKRI","Java Fullstack Developer","Beads Software Solutions","Bengaluru","EXTERNAL","https://www.naukri.com/job-listings-java-fullstack-developer-beads-software-bengaluru-1-to-6-years-100826501097","https://www.naukri.com/job-listings-java-fullstack-developer-beads-software-bengaluru-1-to-6-years-100826501097","External — apply manually"
"job_1790855846845_ppmcm","1/10/2026, 5:27:26 pm","NAUKRI","Java Fullstack Lead -Angular","Krazy Mantra It","Bengaluru","EXTERNAL","https://www.naukri.com/job-listings-java-fullstack-lead-angular-krazy-mantra-group-of-companies-bengaluru-5-to-13-years-250325500546","https://www.naukri.com/job-listings-java-fullstack-lead-angular-krazy-mantra-group-of-companies-bengaluru-5-to-13-years-250325500546","External — apply manually"
"job_1790855846845_q32lk","1/10/2026, 5:27:26 pm","NAUKRI","Java Fullstack Developer","RBS Lynk","Bengaluru","EXTERNAL","https://www.naukri.com/job-listings-java-fullstack-developer-worldpay-bengaluru-3-to-4-years-030826500578","https://www.naukri.com/job-listings-java-fullstack-developer-worldpay-bengaluru-3-to-4-years-030826500578","External — apply manually"
"job_1790855846845_alwp8","1/10/2026, 5:27:26 pm","NAUKRI","Java Fullstack Developer","CAMSDATA","Bengaluru","EXTERNAL","https://www.naukri.com/job-listings-java-fullstack-developer-camsdata-technologies-india-pvt-ltd-bengaluru-2-to-12-years-160822501649","https://www.naukri.com/job-listings-java-fullstack-developer-camsdata-technologies-india-pvt-ltd-bengaluru-2-to-12-years-160822501649","External — apply manually"
"job_1790855846846_bevci","1/10/2026, 5:27:26 pm","NAUKRI","Full Stack Engineer","Accenture","Mumbai","EXTERNAL","https://www.naukri.com/job-listings-full-stack-engineer-accenture-solutions-pvt-ltd-mumbai-2-to-5-years-070926921485","https://www.naukri.com/job-listings-full-stack-engineer-accenture-solutions-pvt-ltd-mumbai-2-to-5-years-070926921485","External — apply manually"
"job_1790855846846_kqt24","1/10/2026, 5:27:26 pm","NAUKRI","Full Stack Engineer","Accenture","Mumbai","EXTERNAL","https://www.naukri.com/job-listings-full-stack-engineer-accenture-solutions-pvt-ltd-mumbai-2-to-5-years-070926921457","https://www.naukri.com/job-listings-full-stack-engineer-accenture-solutions-pvt-ltd-mumbai-2-to-5-years-070926921457","External — apply manually"
"job_1790855846846_792sm","1/10/2026, 5:27:26 pm","NAUKRI","Full Stack Engineer","Accenture","Mumbai","EXTERNAL","https://www.naukri.com/job-listings-full-stack-engineer-accenture-solutions-pvt-ltd-mumbai-2-to-5-years-070926921051","https://www.naukri.com/job-listings-full-stack-engineer-accenture-solutions-pvt-ltd-mumbai-2-to-5-years-070926921051","External — apply manually"
"job_1790855846846_dq8ts","1/10/2026, 5:27:26 pm","NAUKRI","Full Stack Engineer","Accenture","Mumbai","EXTERNAL","https://www.naukri.com/job-listings-full-stack-engineer-accenture-solutions-pvt-ltd-mumbai-2-to-5-years-070926918217","https://www.naukri.com/job-listings-full-stack-engineer-accenture-solutions-pvt-ltd-mumbai-2-to-5-years-070926918217","External — apply manually"
"job_1790855846846_4wwph","1/10/2026, 5:27:26 pm","NAUKRI","Full Stack Engineer","Accenture","Mumbai","EXTERNAL","https://www.naukri.com/job-listings-full-stack-engineer-accenture-solutions-pvt-ltd-mumbai-2-to-5-years-070926918212","https://www.naukri.com/job-listings-full-stack-engineer-accenture-solutions-pvt-ltd-mumbai-2-to-5-years-070926918212","External — apply manually"
"job_1790855846846_b8ov5","1/10/2026, 5:27:26 pm","NAUKRI","Full Stack Engineer","Accenture","Mumbai","EXTERNAL","https://www.naukri.com/job-listings-full-stack-engineer-accenture-solutions-pvt-ltd-mumbai-2-to-5-years-070926920241","https://www.naukri.com/job-listings-full-stack-engineer-accenture-solutions-pvt-ltd-mumbai-2-to-5-years-070926920241","External — apply manually"
"job_1790855846846_amnb5","1/10/2026, 5:27:26 pm","NAUKRI","Full Stack Engineer","Accenture","Mumbai","EXTERNAL","https://www.naukri.com/job-listings-full-stack-engineer-accenture-solutions-pvt-ltd-mumbai-2-to-5-years-070926918905","https://www.naukri.com/job-listings-full-stack-engineer-accenture-solutions-pvt-ltd-mumbai-2-to-5-years-070926918905","External — apply manually"
"job_1790855846847_60wup","1/10/2026, 5:27:26 pm","NAUKRI","Full Stack Engineer","Accenture","Mumbai","EXTERNAL","https://www.naukri.com/job-listings-full-stack-engineer-accenture-solutions-pvt-ltd-mumbai-2-to-5-years-070926920965","https://www.naukri.com/job-listings-full-stack-engineer-accenture-solutions-pvt-ltd-mumbai-2-to-5-years-070926920965","External — apply manually"
"job_1790855846847_phhf2","1/10/2026, 5:27:26 pm","NAUKRI","Full Stack Engineer","Accenture","Mumbai","EXTERNAL","https://www.naukri.com/job-listings-full-stack-engineer-accenture-solutions-pvt-ltd-mumbai-2-to-5-years-070926920893","https://www.naukri.com/job-listings-full-stack-engineer-accenture-solutions-pvt-ltd-mumbai-2-to-5-years-070926920893","External — apply manually"
"job_1790855846847_k18h2","1/10/2026, 5:27:26 pm","NAUKRI","Java Backend Developer","Flairdeck","Hyderabad, Bengaluru","EXTERNAL","https://www.naukri.com/job-listings-java-backend-developer-flairdeck-hyderabad-bengaluru-1-to-4-years-100926503315","https://www.naukri.com/job-listings-java-backend-developer-flairdeck-hyderabad-bengaluru-1-to-4-years-100926503315","External — apply manually"
"job_1790855846847_qocy3","1/10/2026, 5:27:26 pm","NAUKRI","Full Stack Engineer","Accenture","Hyderabad","EXTERNAL","https://www.naukri.com/job-listings-full-stack-engineer-accenture-solutions-pvt-ltd-hyderabad-2-to-5-years-240826925786","https://www.naukri.com/job-listings-full-stack-engineer-accenture-solutions-pvt-ltd-hyderabad-2-to-5-years-240826925786","External — apply manually"
"job_1790855846847_94ezq","1/10/2026, 5:27:26 pm","NAUKRI","Full Stack Engineer","Accenture","Hyderabad","EXTERNAL","https://www.naukri.com/job-listings-full-stack-engineer-accenture-solutions-pvt-ltd-hyderabad-2-to-5-years-170826919025","https://www.naukri.com/job-listings-full-stack-engineer-accenture-solutions-pvt-ltd-hyderabad-2-to-5-years-170826919025","External — apply manually"
"job_1790855846847_6ijy0","1/10/2026, 5:27:26 pm","NAUKRI","Sr Java Backend Developer","Lorven Technologies","Hyderabad","EXTERNAL","https://www.naukri.com/job-listings-sr-java-backend-developer-lorventech-solutions-india-pvt-ltd-hyderabad-3-to-6-years-090326500329","https://www.naukri.com/job-listings-sr-java-backend-developer-lorventech-solutions-india-pvt-ltd-hyderabad-3-to-6-years-090326500329","External — apply manually"
"job_1790855846847_nh2yf","1/10/2026, 5:27:26 pm","NAUKRI","Jr.Java Backend Developer","Lorven Technologies","Hyderabad","EXTERNAL","https://www.naukri.com/job-listings-jr-java-backend-developer-lorventech-solutions-india-pvt-ltd-hyderabad-6-to-9-years-110326505249","https://www.naukri.com/job-listings-jr-java-backend-developer-lorventech-solutions-india-pvt-ltd-hyderabad-6-to-9-years-110326505249","External — apply manually"
"job_1790855846848_4jqr2","1/10/2026, 5:27:26 pm","NAUKRI","Backend Developer Java / Webservices","Inspira Technologies","Hyderabad","EXTERNAL","https://www.naukri.com/job-listings-backend-developer-java-webservices-inspira-technologies-private-limited-hyderabad-1-to-2-years-040725503593","https://www.naukri.com/job-listings-backend-developer-java-webservices-inspira-technologies-private-limited-hyderabad-1-to-2-years-040725503593","External — apply manually"
"job_1790855846848_3ikfq","1/10/2026, 5:27:26 pm","NAUKRI","Java Backend Developer","Macrosoft","Bengaluru","EXTERNAL","https://www.naukri.com/job-listings-java-backend-developer-macrosoft-it-solutions-india-bengaluru-5-to-8-years-190326502677","https://www.naukri.com/job-listings-java-backend-developer-macrosoft-it-solutions-india-bengaluru-5-to-8-years-190326502677","External — apply manually"
"job_1790855846848_6cny9","1/10/2026, 5:27:26 pm","NAUKRI","Java Backend Developer","Han Digital Solution","Bengaluru, Hubballi, Mangaluru, Mysuru, Belagavi","EXTERNAL","https://www.naukri.com/job-listings-java-backend-developer-han-digital-solution-hubballi-mangaluru-mysuru-bengaluru-belagavi-6-to-10-years-221125500582","https://www.naukri.com/job-listings-java-backend-developer-han-digital-solution-hubballi-mangaluru-mysuru-bengaluru-belagavi-6-to-10-years-221125500582","External — apply manually"
"job_1790855846848_qlx1q","1/10/2026, 5:27:26 pm","NAUKRI","Java Backend Developer","Logic Planet","Bengaluru, Hubballi, Mangaluru, Mysuru, Belagavi","EXTERNAL","https://www.naukri.com/job-listings-java-backend-developer-logicplanet-it-services-hubli-mangaluru-mysuru-bengaluru-belgaum-8-to-10-years-240226505273","https://www.naukri.com/job-listings-java-backend-developer-logicplanet-it-services-hubli-mangaluru-mysuru-bengaluru-belgaum-8-to-10-years-240226505273","External — apply manually"
"job_1790855846848_ffypo","1/10/2026, 5:27:26 pm","NAUKRI","Java Backend Developer","Propellence Consulting","Bengaluru","EXTERNAL","https://www.naukri.com/job-listings-java-backend-developer-propellence-consulting-bengaluru-5-to-7-years-050526501898","https://www.naukri.com/job-listings-java-backend-developer-propellence-consulting-bengaluru-5-to-7-years-050526501898","External — apply manually"
"job_1790855846848_t4wt8","1/10/2026, 5:27:26 pm","NAUKRI","Java Backend Developer","Logic Planet","Bengaluru","EXTERNAL","https://www.naukri.com/job-listings-java-backend-developer-logicplanet-it-services-bengaluru-7-to-10-years-200226501381","https://www.naukri.com/job-listings-java-backend-developer-logicplanet-it-services-bengaluru-7-to-10-years-200226501381","External — apply manually"
"job_1790855846848_8jq14","1/10/2026, 5:27:26 pm","NAUKRI","Back-End Developer (Java / .NET / Python / Node.js)","Evanti Tech","Bengaluru","EXTERNAL","https://www.naukri.com/job-listings-back-end-developer-java-net-python-node-js-evanti-tech-private-limited-bengaluru-3-to-6-years-240426503336","https://www.naukri.com/job-listings-back-end-developer-java-net-python-node-js-evanti-tech-private-limited-bengaluru-3-to-6-years-240426503336","External — apply manually"
"job_1790855846849_m9uvz","1/10/2026, 5:27:26 pm","NAUKRI","Java Backend Developer","AU Small Finance Bank","Jaipur","EXTERNAL","https://www.naukri.com/job-listings-java-backend-developer-au-financiers-india-limited-jaipur-5-to-10-years-070926506305","https://www.naukri.com/job-listings-java-backend-developer-au-financiers-india-limited-jaipur-5-to-10-years-070926506305","External — apply manually"
"job_1790855846849_m5sfe","1/10/2026, 5:27:26 pm","NAUKRI","Java backend developer","Aviintech Business Solutions","Bengaluru","EXTERNAL","https://www.naukri.com/job-listings-java-backend-developer-aviintech-business-solutions-bengaluru-5-to-10-years-090726504525","https://www.naukri.com/job-listings-java-backend-developer-aviintech-business-solutions-bengaluru-5-to-10-years-090726504525","External — apply manually"
"job_1790855846849_fzs04","1/10/2026, 5:27:26 pm","NAUKRI","Java Backend Developer","Newt Global","Chennai","EXTERNAL","https://www.naukri.com/job-listings-java-backend-developer-newt-global-chennai-10-to-15-years-080926500862","https://www.naukri.com/job-listings-java-backend-developer-newt-global-chennai-10-to-15-years-080926500862","External — apply manually"
"job_1790855846849_2fqnu","1/10/2026, 5:27:26 pm","NAUKRI","Java Backend Developer","Logic Planet","Hyderabad, Mumbai, Kolkata, New Delhi, Pune, Chennai, Bengaluru","EXTERNAL","https://www.naukri.com/job-listings-java-backend-developer-logicplanet-it-services-kolkata-mumbai-new-delhi-hyderabad-pune-chennai-bengaluru-4-to-10-years-200226504803","https://www.naukri.com/job-listings-java-backend-developer-logicplanet-it-services-kolkata-mumbai-new-delhi-hyderabad-pune-chennai-bengaluru-4-to-10-years-200226504803","External — apply manually"
"job_1790855846849_n83gp","1/10/2026, 5:27:26 pm","NAUKRI","Java Backend Developer","IDESLABS","Bengaluru","EXTERNAL","https://www.naukri.com/job-listings-java-backend-developer-ideslabs-private-limited-bengaluru-6-to-11-years-071223501440","https://www.naukri.com/job-listings-java-backend-developer-ideslabs-private-limited-bengaluru-6-to-11-years-071223501440","External — apply manually"
"job_1790855846849_fce07","1/10/2026, 5:27:26 pm","NAUKRI","Java Backend Developer","Geeksoft","Bengaluru","EXTERNAL","https://www.naukri.com/job-listings-java-backend-developer-geeksoft-consulting-pvt-ltd-bengaluru-6-to-11-years-310826501871","https://www.naukri.com/job-listings-java-backend-developer-geeksoft-consulting-pvt-ltd-bengaluru-6-to-11-years-310826501871","External — apply manually"
"job_1790855846850_ukmqu","1/10/2026, 5:27:26 pm","NAUKRI","Java Backend Developer","Ztek Consulting","Mumbai, Nagpur, Thane, Nashik, Pune, Chhatrapati Sambhajinagar","EXTERNAL","https://www.naukri.com/job-listings-java-backend-developer-ztek-consulting-pvt-ltd-mumbai-nagpur-thane-nashik-pune-chhatrapati-sambhajinagar-5-to-8-years-270126504962","https://www.naukri.com/job-listings-java-backend-developer-ztek-consulting-pvt-ltd-mumbai-nagpur-thane-nashik-pune-chhatrapati-sambhajinagar-5-to-8-years-270126504962","External — apply manually"
"job_1790855846850_9xpeg","1/10/2026, 5:27:26 pm","NAUKRI","Java Backend Developer","Aiknow","Bengaluru","EXTERNAL","https://www.naukri.com/job-listings-java-backend-developer-ai-know-labs-private-limited-bengaluru-2-to-3-years-180523500389","https://www.naukri.com/job-listings-java-backend-developer-ai-know-labs-private-limited-bengaluru-2-to-3-years-180523500389","External — apply manually"
"job_1790855846850_u3keq","1/10/2026, 5:27:26 pm","NAUKRI","Java Backend Developer","Programming.Com","Chandigarh","EXTERNAL","https://www.naukri.com/job-listings-java-backend-developer-programming-com-chandigarh-2-to-4-years-121224501308","https://www.naukri.com/job-listings-java-backend-developer-programming-com-chandigarh-2-to-4-years-121224501308","External — apply manually"
"job_1790855846850_bkbo3","1/10/2026, 5:27:26 pm","NAUKRI","Java Backend Developer","Stridefuture Technologies","Bengaluru","EXTERNAL","https://www.naukri.com/job-listings-java-backend-developer-stridefuture-technologies-pvt-ltd-bengaluru-2-to-4-years-030423501406","https://www.naukri.com/job-listings-java-backend-developer-stridefuture-technologies-pvt-ltd-bengaluru-2-to-4-years-030423501406","External — apply manually"
"job_1790855846850_7vp51","1/10/2026, 5:27:26 pm","NAUKRI","Java Backend Developer","Flairdeck","Hyderabad, Bengaluru","EXTERNAL","https://www.naukri.com/job-listings-java-backend-developer-flairdeck-hyderabad-bengaluru-7-to-12-years-100926503359","https://www.naukri.com/job-listings-java-backend-developer-flairdeck-hyderabad-bengaluru-7-to-12-years-100926503359","External — apply manually"
"job_1790855846850_kp91y","1/10/2026, 5:27:26 pm","NAUKRI","Backend Developer(Java)","Exaze It","Hyderabad","EXTERNAL","https://www.naukri.com/job-listings-backend-developer-java-exaze-it-hyderabad-5-to-8-years-240826504760","https://www.naukri.com/job-listings-backend-developer-java-exaze-it-hyderabad-5-to-8-years-240826504760","External — apply manually"
"job_1790855846851_zsfz0","1/10/2026, 5:27:26 pm","NAUKRI","Backend Java Developer","Tripgain","Bengaluru","EXTERNAL","https://www.naukri.com/job-listings-backend-java-developer-tripgain-travel-and-expense-management-solutions-bengaluru-2-to-5-years-170925503795","https://www.naukri.com/job-listings-backend-java-developer-tripgain-travel-and-expense-management-solutions-bengaluru-2-to-5-years-170925503795","External — apply manually"
"job_1790855846851_n1d32","1/10/2026, 5:27:26 pm","NAUKRI","Java Backend Developer/.net Developer- Multiple Positions","Allstate Insurance Company","Bengaluru","EXTERNAL","https://www.naukri.com/job-listings-java-backend-developer-net-developer-multiple-positions-allstate-bengaluru-6-to-11-years-100926504276","https://www.naukri.com/job-listings-java-backend-developer-net-developer-multiple-positions-allstate-bengaluru-6-to-11-years-100926504276","External — apply manually"
"job_1790855846851_541cw","1/10/2026, 5:27:26 pm","NAUKRI","Advanced Engineer - Java Backend Developer","Harman International","Bengaluru","EXTERNAL","https://www.naukri.com/job-listings-advanced-engineer-java-backend-developer-harman-india-bengaluru-3-to-6-years-200826500169","https://www.naukri.com/job-listings-advanced-engineer-java-backend-developer-harman-india-bengaluru-3-to-6-years-200826500169","External — apply manually"
"job_1790855846851_dw0gn","1/10/2026, 5:27:26 pm","NAUKRI","Java Backend Developer (SDE 1)","Twinleaves Retail Ecommerce","Bengaluru","EXTERNAL","https://www.naukri.com/job-listings-java-backend-developer-sde-1-twinleaves-retail-ecommerce-india-bengaluru-1-to-2-years-151225502726","https://www.naukri.com/job-listings-java-backend-developer-sde-1-twinleaves-retail-ecommerce-india-bengaluru-1-to-2-years-151225502726","External — apply manually"
"job_1790855846851_2hwwp","1/10/2026, 5:27:26 pm","NAUKRI","Java Backend Developer","Photon","Bengaluru","EXTERNAL","https://www.naukri.com/job-listings-java-backend-developer-photon-infotech-p-ltd-bengaluru-5-to-10-years-120526500075","https://www.naukri.com/job-listings-java-backend-developer-photon-infotech-p-ltd-bengaluru-5-to-10-years-120526500075","External — apply manually"
"job_1790855846851_xtf8n","1/10/2026, 5:27:26 pm","NAUKRI","Java Backend Developer","Peacksoft","Bengaluru","EXTERNAL","https://www.naukri.com/job-listings-java-backend-developer-peacksoft-bengaluru-4-to-9-years-240820500346","https://www.naukri.com/job-listings-java-backend-developer-peacksoft-bengaluru-4-to-9-years-240820500346","External — apply manually"
"job_1790855846852_fq21b","1/10/2026, 5:27:26 pm","NAUKRI","Java Backend Developer","PSRTEK","Bengaluru","EXTERNAL","https://www.naukri.com/job-listings-java-backend-developer-psr-tek-bengaluru-5-to-7-years-070426502997","https://www.naukri.com/job-listings-java-backend-developer-psr-tek-bengaluru-5-to-7-years-070426502997","External — apply manually"
"job_1790855846852_k8tpc","1/10/2026, 5:27:26 pm","NAUKRI","Backend Developer (Java)","Photon","Bengaluru","EXTERNAL","https://www.naukri.com/job-listings-backend-developer-java-photon-infotech-p-ltd-bengaluru-3-to-7-years-110626500026","https://www.naukri.com/job-listings-backend-developer-java-photon-infotech-p-ltd-bengaluru-3-to-7-years-110626500026","External — apply manually"
"job_1790855846852_pt3sd","1/10/2026, 5:27:26 pm","NAUKRI","Custom Software Engineer","Accenture","Hyderabad","EXTERNAL","https://www.naukri.com/job-listings-custom-software-engineer-accenture-solutions-pvt-ltd-hyderabad-2-to-5-years-010926920404","https://www.naukri.com/job-listings-custom-software-engineer-accenture-solutions-pvt-ltd-hyderabad-2-to-5-years-010926920404","External — apply manually"
"job_1790855846852_ey2ms","1/10/2026, 5:27:26 pm","NAUKRI","Java Backend Developer","Zennial Pro","Hyderabad","EXTERNAL","https://www.naukri.com/job-listings-java-backend-developer-zennial-pro-private-limited-hyderabad-3-to-5-years-230626501577","https://www.naukri.com/job-listings-java-backend-developer-zennial-pro-private-limited-hyderabad-3-to-5-years-230626501577","External — apply manually"
"job_1790855846852_1w8yq","1/10/2026, 5:27:26 pm","NAUKRI","Custom Software Engineer","Accenture","Bengaluru","EXTERNAL","https://www.naukri.com/job-listings-custom-software-engineer-accenture-solutions-pvt-ltd-bengaluru-2-to-5-years-080926920202","https://www.naukri.com/job-listings-custom-software-engineer-accenture-solutions-pvt-ltd-bengaluru-2-to-5-years-080926920202","External — apply manually"
"job_1790855846852_6db88","1/10/2026, 5:27:26 pm","NAUKRI","Custom Software Engineer","Accenture","Bengaluru","EXTERNAL","https://www.naukri.com/job-listings-custom-software-engineer-accenture-solutions-pvt-ltd-bengaluru-2-to-5-years-070926926645","https://www.naukri.com/job-listings-custom-software-engineer-accenture-solutions-pvt-ltd-bengaluru-2-to-5-years-070926926645","External — apply manually"
"job_1790855846852_vse25","1/10/2026, 5:27:26 pm","NAUKRI","Full Stack Engineer","Accenture","Bengaluru","EXTERNAL","https://www.naukri.com/job-listings-full-stack-engineer-accenture-solutions-pvt-ltd-bengaluru-2-to-5-years-240826929863","https://www.naukri.com/job-listings-full-stack-engineer-accenture-solutions-pvt-ltd-bengaluru-2-to-5-years-240826929863","External — apply manually"
"job_1790855846852_f1n8v","1/10/2026, 5:27:26 pm","NAUKRI","Java Backend Engineer-SDE-2","Digit88","Bengaluru","EXTERNAL","https://www.naukri.com/job-listings-java-backend-engineer-sde-2-digit88-technologies-bengaluru-3-to-5-years-100726505172","https://www.naukri.com/job-listings-java-backend-engineer-sde-2-digit88-technologies-bengaluru-3-to-5-years-100726505172","External — apply manually"
"job_1790855846852_vnyge","1/10/2026, 5:27:26 pm","NAUKRI","Java Backend Engineer","Digit88","Bengaluru","EXTERNAL","https://www.naukri.com/job-listings-java-backend-engineer-digit88-technologies-bengaluru-3-to-4-years-130426500691","https://www.naukri.com/job-listings-java-backend-engineer-digit88-technologies-bengaluru-3-to-4-years-130426500691","External — apply manually"
"job_1790855846853_n6bxe","1/10/2026, 5:27:26 pm","NAUKRI","Java Backend Developer","AU Small Finance Bank","Mumbai","EXTERNAL","https://www.naukri.com/job-listings-java-backend-developer-au-financiers-india-limited-mumbai-5-to-10-years-070926506306","https://www.naukri.com/job-listings-java-backend-developer-au-financiers-india-limited-mumbai-5-to-10-years-070926506306","External — apply manually"
"job_1790855846853_vgoye","1/10/2026, 5:27:26 pm","NAUKRI","Java Backend Developer","Coderound Ai","Hyderabad","EXTERNAL","https://www.naukri.com/job-listings-java-backend-developer-coderound-ai-hyderabad-3-to-8-years-160426501404","https://www.naukri.com/job-listings-java-backend-developer-coderound-ai-hyderabad-3-to-8-years-160426501404","External — apply manually"
"job_1790855846853_lat9n","1/10/2026, 5:27:26 pm","NAUKRI","Java Backend Developer","Castlight Health","Hyderabad","EXTERNAL","https://www.naukri.com/job-listings-java-backend-developer-castlight-hyderabad-3-to-5-years-120124500844","https://www.naukri.com/job-listings-java-backend-developer-castlight-hyderabad-3-to-5-years-120124500844","External — apply manually"
"job_1790855846853_qnghg","1/10/2026, 5:27:26 pm","NAUKRI","Java Developer (Backend Developer)","Triad Square Infosec","Hyderabad","EXTERNAL","https://www.naukri.com/job-listings-java-developer-backend-developer-triad-square-infotec-pvt-ltd-hyderabad-4-to-5-years-270625500181","https://www.naukri.com/job-listings-java-developer-backend-developer-triad-square-infotec-pvt-ltd-hyderabad-4-to-5-years-270625500181","External — apply manually"
"job_1790855846853_ljmka","1/10/2026, 5:27:26 pm","NAUKRI","Backend Developer (Java)","Programming.Com","Mumbai","EXTERNAL","https://www.naukri.com/job-listings-backend-developer-java-programming-com-mumbai-2-to-4-years-121224501268","https://www.naukri.com/job-listings-backend-developer-java-programming-com-mumbai-2-to-4-years-121224501268","External — apply manually"
"job_1790855846854_ic928","1/10/2026, 5:27:26 pm","NAUKRI","Java Backend Developer","Han Digital Solution","Hyderabad, Warangal, Nizamabad","EXTERNAL","https://www.naukri.com/job-listings-java-backend-developer-han-digital-solution-warangal-hyderabad-nizamabad-3-to-8-years-221125500666","https://www.naukri.com/job-listings-java-backend-developer-han-digital-solution-warangal-hyderabad-nizamabad-3-to-8-years-221125500666","External — apply manually"
"job_1790855846854_2mrxc","1/10/2026, 5:27:26 pm","NAUKRI","Backend Java Developer","Nimblix Technologies","Bengaluru","EXTERNAL","https://www.naukri.com/job-listings-backend-java-developer-nimblix-technologies-bengaluru-1-to-3-years-170626501211","https://www.naukri.com/job-listings-backend-java-developer-nimblix-technologies-bengaluru-1-to-3-years-170626501211","External — apply manually"
"job_1790855846854_mzcd6","1/10/2026, 5:27:26 pm","NAUKRI","SpringBoot (Java Backend) Developer","Thridhara Softsolutions","Bhubaneswar","EXTERNAL","https://www.naukri.com/job-listings-springboot-java-backend-developer-thridhara-softsolutions-bhubaneswar-1-to-5-years-030726504235","https://www.naukri.com/job-listings-springboot-java-backend-developer-thridhara-softsolutions-bhubaneswar-1-to-5-years-030726504235","External — apply manually"
"job_1790855846855_6a74r","1/10/2026, 5:27:26 pm","NAUKRI","Custom Software Engineer","Accenture","Hyderabad","EXTERNAL","https://www.naukri.com/job-listings-custom-software-engineer-accenture-solutions-pvt-ltd-hyderabad-2-to-5-years-170826925063","https://www.naukri.com/job-listings-custom-software-engineer-accenture-solutions-pvt-ltd-hyderabad-2-to-5-years-170826925063","External — apply manually"
"job_1790855846855_jz5zm","1/10/2026, 5:27:26 pm","NAUKRI","Full Stack Engineer","Accenture","Mumbai","EXTERNAL","https://www.naukri.com/job-listings-full-stack-engineer-accenture-solutions-pvt-ltd-mumbai-2-to-5-years-070926919583","https://www.naukri.com/job-listings-full-stack-engineer-accenture-solutions-pvt-ltd-mumbai-2-to-5-years-070926919583","External — apply manually"
"job_1790855846855_jvkgl","1/10/2026, 5:27:26 pm","NAUKRI","Software Engineer","Seigen It Services","Hyderabad","EXTERNAL","https://www.naukri.com/job-listings-software-engineer-seigen-it-services-hyderabad-2-to-4-years-250326501598","https://www.naukri.com/job-listings-software-engineer-seigen-it-services-hyderabad-2-to-4-years-250326501598","External — apply manually"
"job_1790855846855_m0w0p","1/10/2026, 5:27:26 pm","NAUKRI","Software Engineer III - Java, React, AI","JPMorgan Chase Bank","Hyderabad","EXTERNAL","https://www.naukri.com/job-listings-software-engineer-iii-java-react-ai-jp-morgan-and-chase-hyderabad-3-to-8-years-100926501651","https://www.naukri.com/job-listings-software-engineer-iii-java-react-ai-jp-morgan-and-chase-hyderabad-3-to-8-years-100926501651","External — apply manually"
"job_1790855846855_5k78h","1/10/2026, 5:27:26 pm","NAUKRI","Custom Software Engineer","Accenture","Hyderabad","EXTERNAL","https://www.naukri.com/job-listings-custom-software-engineer-accenture-solutions-pvt-ltd-hyderabad-3-to-8-years-100926932763","https://www.naukri.com/job-listings-custom-software-engineer-accenture-solutions-pvt-ltd-hyderabad-3-to-8-years-100926932763","External — apply manually"
"job_1790855846856_o41xv","1/10/2026, 5:27:26 pm","NAUKRI","Development Engineer - Java / Spring Boot / Microservices","Kyndryl","Bengaluru","EXTERNAL","https://www.naukri.com/job-listings-development-engineer-java-spring-boot-microservices-kyndryl-bengaluru-10-to-15-years-290526501541","https://www.naukri.com/job-listings-development-engineer-java-spring-boot-microservices-kyndryl-bengaluru-10-to-15-years-290526501541","External — apply manually"
"job_1790855846856_71ul4","1/10/2026, 5:27:26 pm","NAUKRI","Development Engineer - Java / Spring Boot / Microservices","Kyndryl","Bengaluru","EXTERNAL","https://www.naukri.com/job-listings-development-engineer-java-spring-boot-microservices-kyndryl-bengaluru-6-to-11-years-210526509163","https://www.naukri.com/job-listings-development-engineer-java-spring-boot-microservices-kyndryl-bengaluru-6-to-11-years-210526509163","External — apply manually"
"job_1790855846856_wfiws","1/10/2026, 5:27:26 pm","NAUKRI","Sr Software Engineer - Java, Spring Boot, Microservices, Azure","Blue Yonder","Bengaluru","EXTERNAL","https://www.naukri.com/job-listings-sr-software-engineer-java-spring-boot-microservices-azure-jda-software-bengaluru-5-to-8-years-270826503285","https://www.naukri.com/job-listings-sr-software-engineer-java-spring-boot-microservices-azure-jda-software-bengaluru-5-to-8-years-270826503285","External — apply manually"
"job_1790855846857_yal62","1/10/2026, 5:27:26 pm","NAUKRI","Project Manager - Java Architecture, Spring Boot, Microservices","Blue Yonder","Bengaluru","EXTERNAL","https://www.naukri.com/job-listings-project-manager-java-architecture-spring-boot-microservices-jda-software-bengaluru-11-to-12-years-280726500757","https://www.naukri.com/job-listings-project-manager-java-architecture-spring-boot-microservices-jda-software-bengaluru-11-to-12-years-280726500757","External — apply manually"
"job_1790855846857_7ylek","1/10/2026, 5:27:26 pm","NAUKRI","Lead Software Engineer - Java, Spring Boot, Microservices","Blue Yonder","Bengaluru","EXTERNAL","https://www.naukri.com/job-listings-lead-software-engineer-java-spring-boot-microservices-jda-software-bengaluru-7-to-10-years-140826503973","https://www.naukri.com/job-listings-lead-software-engineer-java-spring-boot-microservices-jda-software-bengaluru-7-to-10-years-140826503973","External — apply manually"
"job_1790855846857_j9jqf","1/10/2026, 5:27:26 pm","NAUKRI","Java Developer (Spring Boot & Microservices)","Qloron Technology","Bengaluru","EXTERNAL","https://www.naukri.com/job-listings-java-developer-spring-boot-microservices-qloron-pvt-ltd-bengaluru-7-to-12-years-260226505734","https://www.naukri.com/job-listings-java-developer-spring-boot-microservices-qloron-pvt-ltd-bengaluru-7-to-12-years-260226505734","External — apply manually"
"job_1790855846857_dqajv","1/10/2026, 5:27:26 pm","NAUKRI","Java developer-Picasso-2","Embitel Technologies","Bengaluru","EXTERNAL","https://www.naukri.com/job-listings-java-developer-picasso-2-embitel-bengaluru-2-to-4-years-040926503114","https://www.naukri.com/job-listings-java-developer-picasso-2-embitel-bengaluru-2-to-4-years-040926503114","External — apply manually"
"job_1790855846857_iwsjt","1/10/2026, 5:27:26 pm","NAUKRI","Full Stack Developer","Rupstech","Bengaluru","EXTERNAL","https://www.naukri.com/job-listings-full-stack-developer-rupstech-private-limited-bengaluru-1-to-5-years-110926501320","https://www.naukri.com/job-listings-full-stack-developer-rupstech-private-limited-bengaluru-1-to-5-years-110926501320","External — apply manually"
"job_1790855846857_vafer","1/10/2026, 5:27:26 pm","NAUKRI","Software Engineer - SRE","Optum","Bengaluru","EXTERNAL","https://www.naukri.com/job-listings-software-engineer-sre-optum-global-solutions-india-private-limited-bengaluru-2-to-7-years-110926909154","https://www.naukri.com/job-listings-software-engineer-sre-optum-global-solutions-india-private-limited-bengaluru-2-to-7-years-110926909154","External — apply manually"
"job_1790855846858_lalhi","1/10/2026, 5:27:26 pm","NAUKRI","Custom Software Engineer","Accenture","Bengaluru","EXTERNAL","https://www.naukri.com/job-listings-custom-software-engineer-accenture-solutions-pvt-ltd-bengaluru-2-to-5-years-110926922407","https://www.naukri.com/job-listings-custom-software-engineer-accenture-solutions-pvt-ltd-bengaluru-2-to-5-years-110926922407","External — apply manually"
"job_1790855846858_us70e","1/10/2026, 5:27:26 pm","NAUKRI","Custom Software Engineer","Accenture","Bengaluru","EXTERNAL","https://www.naukri.com/job-listings-custom-software-engineer-accenture-solutions-pvt-ltd-bengaluru-2-to-5-years-110926922252","https://www.naukri.com/job-listings-custom-software-engineer-accenture-solutions-pvt-ltd-bengaluru-2-to-5-years-110926922252","External — apply manually"
"job_1790855846858_uoklw","1/10/2026, 5:27:26 pm","NAUKRI","Custom Software Engineer","Accenture","Bengaluru","EXTERNAL","https://www.naukri.com/job-listings-custom-software-engineer-accenture-solutions-pvt-ltd-bengaluru-2-to-3-years-110926922211","https://www.naukri.com/job-listings-custom-software-engineer-accenture-solutions-pvt-ltd-bengaluru-2-to-3-years-110926922211","External — apply manually"
"job_1790855846858_gbws2","1/10/2026, 5:27:26 pm","NAUKRI","Software Engineer- AI Engineer-Google ADK/Langchain","Wells Fargo","Bengaluru","EXTERNAL","https://www.naukri.com/job-listings-software-engineer-ai-engineer-google-adk-langchain-wells-fargo-international-solutions-private-ltd-bengaluru-2-to-7-years-110926909001","https://www.naukri.com/job-listings-software-engineer-ai-engineer-google-adk-langchain-wells-fargo-international-solutions-private-ltd-bengaluru-2-to-7-years-110926909001","External — apply manually"
"job_1790855846859_ur2ox","1/10/2026, 5:27:26 pm","NAUKRI","Full Stack Developer - Java and Node.js","Comviva Technology","Gurugram","EXTERNAL","https://www.naukri.com/job-listings-full-stack-developer-java-and-node-js-comviva-technologies-limited-gurugram-0-to-5-years-110926502863","https://www.naukri.com/job-listings-full-stack-developer-java-and-node-js-comviva-technologies-limited-gurugram-0-to-5-years-110926502863","External — apply manually"
"job_1790855846859_a5p5x","1/10/2026, 5:27:26 pm","NAUKRI","Java Developer","Comviva Technology","Gurugram","EXTERNAL","https://www.naukri.com/job-listings-java-developer-comviva-technologies-limited-gurugram-2-to-3-years-110926502573","https://www.naukri.com/job-listings-java-developer-comviva-technologies-limited-gurugram-2-to-3-years-110926502573","External — apply manually"
"job_1790855846859_3mi62","1/10/2026, 5:27:26 pm","NAUKRI","Java Developer","Trust Systems and Software (TSSIPL)","Pune","EXTERNAL","https://www.naukri.com/job-listings-java-developer-trust-systems-software-i-pvt-ltd-pune-2-to-4-years-110926501833","https://www.naukri.com/job-listings-java-developer-trust-systems-software-i-pvt-ltd-pune-2-to-4-years-110926501833","External — apply manually"
"job_1790855846860_6twvq","1/10/2026, 5:27:26 pm","NAUKRI","Lead Java Developer","WebBee","Noida","EXTERNAL","https://www.naukri.com/job-listings-lead-java-developer-webbee-esolutions-private-limited-noida-2-to-5-years-110926504033","https://www.naukri.com/job-listings-lead-java-developer-webbee-esolutions-private-limited-noida-2-to-5-years-110926504033","External — apply manually"
"job_1790855846860_7a6hn","1/10/2026, 5:27:26 pm","NAUKRI","Software Engineer - Backend","Comviva Technology","Gurugram","EXTERNAL","https://www.naukri.com/job-listings-software-engineer-backend-comviva-technologies-limited-gurugram-2-to-7-years-110926502547","https://www.naukri.com/job-listings-software-engineer-backend-comviva-technologies-limited-gurugram-2-to-7-years-110926502547","External — apply manually"
"job_1790855846860_6yia0","1/10/2026, 5:27:26 pm","NAUKRI","Java Backend Developer","PSRTEK","Chennai","EXTERNAL","https://www.naukri.com/job-listings-java-backend-developer-psr-tek-chennai-6-to-8-years-300426501066","https://www.naukri.com/job-listings-java-backend-developer-psr-tek-chennai-6-to-8-years-300426501066","External — apply manually"
"job_1790855846860_czh5s","1/10/2026, 5:27:26 pm","NAUKRI","Java Backend Developer","Lorven Technologies","Chennai","EXTERNAL","https://www.naukri.com/job-listings-java-backend-developer-lorventech-solutions-india-pvt-ltd-chennai-6-to-10-years-090326502581","https://www.naukri.com/job-listings-java-backend-developer-lorventech-solutions-india-pvt-ltd-chennai-6-to-10-years-090326502581","External — apply manually"
"job_1790855846860_2d9rq","1/10/2026, 5:27:26 pm","NAUKRI","Java Backend Developer","AU Small Finance Bank","Bengaluru","EXTERNAL","https://www.naukri.com/job-listings-java-backend-developer-au-financiers-india-limited-bengaluru-5-to-10-years-070926506307","https://www.naukri.com/job-listings-java-backend-developer-au-financiers-india-limited-bengaluru-5-to-10-years-070926506307","External — apply manually"
"job_1790855846861_egg7s","1/10/2026, 5:27:26 pm","NAUKRI_EXTERNAL","Java Backend Developer","Flairdeck","Hyderabad","EXTERNAL","https://www.naukri.com/job-listings-java-backend-developer-flairdeck-hyderabad-7-to-12-years-100926503359","https://www.naukri.com/job-listings-java-backend-developer-flairdeck-hyderabad-7-to-12-years-100926503359","Captured form state (3 fields)"
"job_1790855846861_y3rzd","1/10/2026, 5:27:26 pm","NAUKRI_EXTERNAL","Java Application Developer","Synaptica Tech","Hyderabad","EXTERNAL","https://www.naukri.com/job-listings-java-application-developer-synapticatech-hyderabad-3-to-6-years-020426509598","https://www.naukri.com/job-listings-java-application-developer-synapticatech-hyderabad-3-to-6-years-020426509598","Captured form state (3 fields)"
"job_1790855846861_2duyl","1/10/2026, 5:27:26 pm","NAUKRI_EXTERNAL","Sr Backend Engineer","Traqo","Bengaluru","EXTERNAL","https://www.naukri.com/job-listings-sr-backend-engineer-traqo-bengaluru-2-to-5-years-110926500747","https://www.naukri.com/job-listings-sr-backend-engineer-traqo-bengaluru-2-to-5-years-110926500747","Captured form state (3 fields)"
"job_1790855846861_iwq3p","1/10/2026, 5:27:26 pm","NAUKRI_EXTERNAL","Software Developer","Rupstech","Bengaluru","EXTERNAL","https://www.naukri.com/job-listings-software-developer-rupstech-private-limited-bengaluru-1-to-5-years-110926501315","https://www.naukri.com/job-listings-software-developer-rupstech-private-limited-bengaluru-1-to-5-years-110926501315","Captured form state (3 fields)"
"job_1790855846861_d93pc","1/10/2026, 5:27:26 pm","NAUKRI_EXTERNAL","Software Engineer II - Low-Latency Java and Kafka","JPMorgan Chase Bank","Bengaluru","EXTERNAL","https://www.naukri.com/job-listings-software-engineer-ii-low-latency-java-and-kafka-jp-morgan-and-chase-bengaluru-2-to-7-years-110926503120","https://www.naukri.com/job-listings-software-engineer-ii-low-latency-java-and-kafka-jp-morgan-and-chase-bengaluru-2-to-7-years-110926503120","Captured form state (3 fields)"
"job_1790855846861_51wx3","1/10/2026, 5:27:26 pm","NAUKRI_EXTERNAL","Software Engineer II","Finicity","Pune","EXTERNAL","https://www.naukri.com/job-listings-software-engineer-ii-finicity-technologies-pvt-ltd-pune-2-to-7-years-110926503034","https://www.naukri.com/job-listings-software-engineer-ii-finicity-technologies-pvt-ltd-pune-2-to-7-years-110926503034","Captured form state (3 fields)"
"job_1790855846861_czaka","1/10/2026, 5:27:26 pm","NAUKRI_EXTERNAL","Software Engineer II","Mastercard","Pune","EXTERNAL","https://www.naukri.com/job-listings-software-engineer-ii-mastercard-pune-2-to-7-years-110926502949","https://www.naukri.com/job-listings-software-engineer-ii-mastercard-pune-2-to-7-years-110926502949","Captured form state (3 fields)"
"job_1790855846861_tf8iu","1/10/2026, 5:27:26 pm","NAUKRI_EXTERNAL","Associate Software Engineer","Trinet Group","Hyderabad","EXTERNAL","https://www.naukri.com/job-listings-associate-software-engineer-trinet-group-inc-hyderabad-0-to-3-years-110926500564","https://www.naukri.com/job-listings-associate-software-engineer-trinet-group-inc-hyderabad-0-to-3-years-110926500564","Captured form state (3 fields)"
"job_1790855846861_qvnyw","1/10/2026, 5:27:26 pm","NAUKRI_EXTERNAL","Full Stack Developer","Csrhat","Mumbai","EXTERNAL","https://www.naukri.com/job-listings-full-stack-developer-csrhat-mumbai-1-to-3-years-110926501386","https://www.naukri.com/job-listings-full-stack-developer-csrhat-mumbai-1-to-3-years-110926501386","Captured form state (3 fields)"
"job_1790855846862_h6fh6","1/10/2026, 5:27:26 pm","NAUKRI_EXTERNAL","Senior Software Engineer","Subhag Healthtech","Remote","EXTERNAL","https://www.naukri.com/job-listings-senior-software-engineer-subhag-healthtech-remote-1-to-5-years-110926505097","https://www.naukri.com/job-listings-senior-software-engineer-subhag-healthtech-remote-1-to-5-years-110926505097","Captured form state (3 fields)"
"job_1790855846862_j2yxt","1/10/2026, 5:27:26 pm","NAUKRI_EXTERNAL","Software Engineer","Principal Financial Group","Pune","EXTERNAL","https://www.naukri.com/job-listings-software-engineer-principal-global-services-pvt-ltd-pune-1-to-4-years-110926502439","https://www.naukri.com/job-listings-software-engineer-principal-global-services-pvt-ltd-pune-1-to-4-years-110926502439","Captured form state (3 fields)"
"job_1790855846862_d0smd","1/10/2026, 5:27:26 pm","NAUKRI_EXTERNAL","Software Engineer / PayX Developer","Comviva Technology","Gurugram","EXTERNAL","https://www.naukri.com/job-listings-software-engineer-payx-developer-comviva-technologies-limited-gurugram-0-to-4-years-110926502825","https://www.naukri.com/job-listings-software-engineer-payx-developer-comviva-technologies-limited-gurugram-0-to-4-years-110926502825","Captured form state (3 fields)"
"job_1790855846862_d2l5r","1/10/2026, 5:27:26 pm","NAUKRI_EXTERNAL","Full Stack Engineer","Embitel Technologies","Bengaluru","EXTERNAL","https://www.naukri.com/job-listings-full-stack-engineer-embitel-bengaluru-2-to-4-years-110926502072","https://www.naukri.com/job-listings-full-stack-engineer-embitel-bengaluru-2-to-4-years-110926502072","Captured form state (3 fields)"
"job_1790855846862_njunn","1/10/2026, 5:27:26 pm","NAUKRI_EXTERNAL","Software Engineer - Java","NCS Group","Pune","EXTERNAL","https://www.naukri.com/job-listings-software-engineer-java-ncs-pte-ltd-pune-2-to-7-years-110926500593","https://www.naukri.com/job-listings-software-engineer-java-ncs-pte-ltd-pune-2-to-7-years-110926500593","Captured form state (3 fields)"
"job_1790855846862_seiwh","1/10/2026, 5:27:26 pm","NAUKRI_EXTERNAL","Software Engineer - Java Spring Boot","Finicity","Pune","EXTERNAL","https://www.naukri.com/job-listings-software-engineer-java-spring-boot-finicity-technologies-pvt-ltd-pune-2-to-6-years-110926503238","https://www.naukri.com/job-listings-software-engineer-java-spring-boot-finicity-technologies-pvt-ltd-pune-2-to-6-years-110926503238","Captured form state (3 fields)"
"job_1790855846862_1fhrj","1/10/2026, 5:27:26 pm","NAUKRI_EXTERNAL","Java Developer","Comunus Technologies","Mumbai","EXTERNAL","https://www.naukri.com/job-listings-java-developer-comunus-technologies-pvt-ltd-mumbai-3-to-5-years-030926503871","https://www.naukri.com/job-listings-java-developer-comunus-technologies-pvt-ltd-mumbai-3-to-5-years-030926503871","Captured form state (3 fields)"
"job_1790855846862_kccqd","1/10/2026, 5:27:26 pm","NAUKRI_EXTERNAL","Java Developer 8","Logic Planet","Mumbai, Nagpur, Thane, Nashik, Pune, Chhatrapati Sambhajinagar","EXTERNAL","https://www.naukri.com/job-listings-java-developer-8-logicplanet-it-services-mumbai-nagpur-thane-nashik-pune-aurangabad-0-to-5-years-240226505163","https://www.naukri.com/job-listings-java-developer-8-logicplanet-it-services-mumbai-nagpur-thane-nashik-pune-aurangabad-0-to-5-years-240226505163","Captured form state (3 fields)"
"job_1790855846863_mf68v","1/10/2026, 5:27:26 pm","NAUKRI_EXTERNAL","Java Developer","Webnexus","Remote","EXTERNAL","https://www.naukri.com/job-listings-java-developer-webnexs-remote-3-to-5-years-220126504144","https://www.naukri.com/job-listings-java-developer-webnexs-remote-3-to-5-years-220126504144","Captured form state (3 fields)"
"job_1790855846863_8mxqy","1/10/2026, 5:27:26 pm","NAUKRI","Software Engineer II","Mastercard","Pune","EXTERNAL","https://www.naukri.com/job-listings-software-engineer-ii-mastercard-pune-1-to-7-years-110926504032","https://www.naukri.com/job-listings-software-engineer-ii-mastercard-pune-1-to-7-years-110926504032","External — apply manually"
"job_1790855846863_sm4dn","1/10/2026, 5:27:26 pm","NAUKRI_EXTERNAL","Sr Software Engineer & Support (L2.5) Professional","NCS Group","Pune","EXTERNAL","https://www.naukri.com/job-listings-sr-software-engineer-support-l2-5-professional-ncs-pte-ltd-pune-2-to-7-years-110926502583","https://www.naukri.com/job-listings-sr-software-engineer-support-l2-5-professional-ncs-pte-ltd-pune-2-to-7-years-110926502583","Captured form state (22 fields)"
"job_1790855846863_oegbx","1/10/2026, 5:27:26 pm","NAUKRI","Java Backend Developer","Han Digital Solution","New Delhi","EXTERNAL","https://www.naukri.com/job-listings-java-backend-developer-han-digital-solution-new-delhi-3-to-6-years-241125505697","https://www.naukri.com/job-listings-java-backend-developer-han-digital-solution-new-delhi-3-to-6-years-241125505697","External — apply manually"
"job_1790855846864_fbsmk","1/10/2026, 5:27:26 pm","NAUKRI","Java Backend Developer","GIG Consultants","New Delhi","EXTERNAL","https://www.naukri.com/job-listings-java-backend-developer-gig-consultants-new-delhi-3-to-9-years-081225504663","https://www.naukri.com/job-listings-java-backend-developer-gig-consultants-new-delhi-3-to-9-years-081225504663","External — apply manually"
"job_1790855846864_dz1n8","1/10/2026, 5:27:26 pm","NAUKRI","Java Backend Developer","Rarr Technologies","Mumbai","EXTERNAL","https://www.naukri.com/job-listings-java-backend-developer-rarr-technologies-mumbai-5-to-12-years-100226502440","https://www.naukri.com/job-listings-java-backend-developer-rarr-technologies-mumbai-5-to-12-years-100226502440","External — apply manually"
"job_1790855846864_8bflx","1/10/2026, 5:27:26 pm","NAUKRI","Java Backend Developer","BillDesk","Mumbai","EXTERNAL","https://www.naukri.com/job-listings-java-backend-developer-billdesk-mumbai-4-to-7-years-060126502753","https://www.naukri.com/job-listings-java-backend-developer-billdesk-mumbai-4-to-7-years-060126502753","External — apply manually"
"job_1790855846864_dcw5j","1/10/2026, 5:27:26 pm","NAUKRI","Java Backend Developer","Rarr Technologies","Bengaluru","EXTERNAL","https://www.naukri.com/job-listings-java-backend-developer-rarr-technologies-bengaluru-6-to-10-years-060726501534","https://www.naukri.com/job-listings-java-backend-developer-rarr-technologies-bengaluru-6-to-10-years-060726501534","External — apply manually"
"job_1790855846864_14xkb","1/10/2026, 5:27:26 pm","NAUKRI","Java Backend Lead","PSRTEK","Bengaluru","EXTERNAL","https://www.naukri.com/job-listings-java-backend-lead-psr-tek-bengaluru-10-to-15-years-130426503033","https://www.naukri.com/job-listings-java-backend-lead-psr-tek-bengaluru-10-to-15-years-130426503033","External — apply manually"
"job_1790855846864_xzmsy","1/10/2026, 5:27:26 pm","NAUKRI","Java Backend Developer","WebBee","Noida","EXTERNAL","https://www.naukri.com/job-listings-java-backend-developer-webbee-esolutions-private-limited-noida-3-to-5-years-110926501962","https://www.naukri.com/job-listings-java-backend-developer-webbee-esolutions-private-limited-noida-3-to-5-years-110926501962","External — apply manually"
"job_1790855846865_49xek","1/10/2026, 5:27:26 pm","NAUKRI","Java - Full Stack Developer","Teqtis Solutions","Mumbai","EXTERNAL","https://www.naukri.com/job-listings-java-full-stack-developer-teqtis-solutions-mumbai-2-to-4-years-250523500043","https://www.naukri.com/job-listings-java-full-stack-developer-teqtis-solutions-mumbai-2-to-4-years-250523500043","External — apply manually"
"job_1790855846865_fp36b","1/10/2026, 5:27:26 pm","NAUKRI","Java Developer","Route Mobile (RML)","Mumbai","EXTERNAL","https://www.naukri.com/job-listings-java-developer-routesms-solutions-ltd-mumbai-0-to-2-years-250526503347","https://www.naukri.com/job-listings-java-developer-routesms-solutions-ltd-mumbai-0-to-2-years-250526503347","External — apply manually"
"job_1790855846865_6d6wo","1/10/2026, 5:27:26 pm","NAUKRI","Java Developer 8","Logic Planet","Mumbai, Nagpur, Thane, Nashik, Pune, Chhatrapati Sambhajinagar","EXTERNAL","https://www.naukri.com/job-listings-java-developer-8-logicplanet-it-services-mumbai-nagpur-thane-nashik-pune-aurangabad-0-to-5-years-240226505147","https://www.naukri.com/job-listings-java-developer-8-logicplanet-it-services-mumbai-nagpur-thane-nashik-pune-aurangabad-0-to-5-years-240226505147","External — apply manually"
"job_1790855846865_n630z","1/10/2026, 5:27:26 pm","NAUKRI","JAVA Full Stack Developer","Vasundhara Software Solutions","Pune","EXTERNAL","https://www.naukri.com/job-listings-java-full-stack-developer-vasundhara-software-solutions-pvt-ltd-pune-2-to-7-years-280825500410","https://www.naukri.com/job-listings-java-full-stack-developer-vasundhara-software-solutions-pvt-ltd-pune-2-to-7-years-280825500410","External — apply manually"
"job_1790855846865_bmrio","1/10/2026, 5:27:26 pm","LINKEDIN-EXTERNAL","Full Stack Web Developer Full Stack Web Developer","RecruitPoolz","India (Remote)","EXTERNAL","https://www.linkedin.com/jobs/view/4465457341/","https://docs.google.com/forms/d/e/1FAIpQLSdX4IwhuoPyENAY-3rHgo7EU-Hd_dvkNXkcpovNRJ03yo0v6w/viewform","External Career Site lead captured (requires multi-step ATS completion)"
"job_1790855846866_41neo","1/10/2026, 5:27:26 pm","LINKEDIN-EXTERNAL","Full Stack Engineer (with Gen AI Tooling experience)","JSM Consulting Inc.","Chennai, Tamil Nadu, India (On-site)","EXTERNAL","https://www.linkedin.com/jobs/view/4466753985/","https://www2.jobdiva.com/portal/?a=7wjdnwb74lia255fq6yuew30dz7sr00b8774pcn12a4krtxpi8kdbdhjitnzmwit&SearchString=&StatesString=&source=linkedin.com&id=28998174&compid=-1","External Career Site lead captured (requires multi-step ATS completion)"
"job_1790855846866_ht89c","1/10/2026, 5:27:26 pm","LINKEDIN-EXTERNAL","Back End Developer","internmo","India (Remote)","EXTERNAL","https://www.linkedin.com/jobs/view/4465456490/","https://docs.google.com/forms/d/e/1FAIpQLSdX4IwhuoPyENAY-3rHgo7EU-Hd_dvkNXkcpovNRJ03yo0v6w/viewform","External Career Site lead captured (requires multi-step ATS completion)"
"job_1790855846866_be50y","1/10/2026, 5:27:26 pm","LINKEDIN-EXTERNAL","Back End Developer","FetchJobs.co","India (Remote)","EXTERNAL","https://www.linkedin.com/jobs/view/4466767061/","https://www.hirecrap.com/job-description-ina/15820_4459760734?src=LinkedIn","External Career Site lead captured (requires multi-step ATS completion)"
"job_1790855846866_jawri","1/10/2026, 5:27:26 pm","NAUKRI","Java Backend Developer","Gforce Consulting Solutions","Coimbatore","EXTERNAL","https://www.naukri.com/job-listings-java-backend-developer-gforce-consulting-solutions-coimbatore-2-to-5-years-170523501120","https://www.naukri.com/job-listings-java-backend-developer-gforce-consulting-solutions-coimbatore-2-to-5-years-170523501120","External — apply manually"
"job_1790855846866_fxwct","1/10/2026, 5:27:26 pm","NAUKRI","Java Backend Developer","Trbitix","Noida","EXTERNAL","https://www.naukri.com/job-listings-java-backend-developer-trbitix-noida-8-to-13-years-180226503531","https://www.naukri.com/job-listings-java-backend-developer-trbitix-noida-8-to-13-years-180226503531","External — apply manually"
"job_1790855846867_stpxw","1/10/2026, 5:27:26 pm","NAUKRI","Java Backend Developer","Photon","Chennai","EXTERNAL","https://www.naukri.com/job-listings-java-backend-developer-photon-infotech-p-ltd-chennai-5-to-10-years-160226507061","https://www.naukri.com/job-listings-java-backend-developer-photon-infotech-p-ltd-chennai-5-to-10-years-160226507061","External — apply manually"
"job_1790855846867_m7aze","1/10/2026, 5:27:26 pm","NAUKRI","Java Backend Developers","Kyzer Software","Mumbai","EXTERNAL","https://www.naukri.com/job-listings-java-backend-developers-kyzer-software-india-private-limited-mumbai-3-to-5-years-210726502131","https://www.naukri.com/job-listings-java-backend-developers-kyzer-software-india-private-limited-mumbai-3-to-5-years-210726502131","External — apply manually"
"job_1790855846867_adne6","1/10/2026, 5:27:26 pm","NAUKRI","Java Developer","iTech Solutions","Mumbai","EXTERNAL","https://www.naukri.com/job-listings-java-developer-itech-solutions-mumbai-1-to-5-years-160626504088","https://www.naukri.com/job-listings-java-developer-itech-solutions-mumbai-1-to-5-years-160626504088","External — apply manually"
"job_1790855846867_sqj60","1/10/2026, 5:27:26 pm","NAUKRI","Java Developer","Chowgule Mediconsult","Mumbai","EXTERNAL","https://www.naukri.com/job-listings-java-developer-chowgule-mediconsult-mumbai-1-to-4-years-130426503000","https://www.naukri.com/job-listings-java-developer-chowgule-mediconsult-mumbai-1-to-4-years-130426503000","External — apply manually"
"job_1790855846867_nel3n","1/10/2026, 5:27:26 pm","NAUKRI","Java Full Stack Developer","Barclays","Pune","EXTERNAL","https://www.naukri.com/job-listings-java-full-stack-developer-barclays-shared-services-pune-2-to-8-years-140726501566","https://www.naukri.com/job-listings-java-full-stack-developer-barclays-shared-services-pune-2-to-8-years-140726501566","External — apply manually"
"job_1790855846868_8kuaw","1/10/2026, 5:27:26 pm","NAUKRI","Full Stack Developer","Hindsol Software","Bengaluru","EXTERNAL","https://www.naukri.com/job-listings-full-stack-developer-hindsol-software-bengaluru-2-to-6-years-100926500305","https://www.naukri.com/job-listings-full-stack-developer-hindsol-software-bengaluru-2-to-6-years-100926500305","External — apply manually"
"job_1790855846868_0vap2","1/10/2026, 5:27:26 pm","NAUKRI","Full Stack Developer","Comviva Technology","Bengaluru","EXTERNAL","https://www.naukri.com/job-listings-full-stack-developer-comviva-technologies-limited-bengaluru-0-to-3-years-110926503765","https://www.naukri.com/job-listings-full-stack-developer-comviva-technologies-limited-bengaluru-0-to-3-years-110926503765","External — apply manually"
"job_1790855846868_l9fn6","1/10/2026, 5:27:26 pm","NAUKRI","Full Stack Developer","Eximietas Design","Bengaluru","EXTERNAL","https://www.naukri.com/job-listings-full-stack-developer-eximietas-design-bengaluru-3-to-7-years-210526506802","https://www.naukri.com/job-listings-full-stack-developer-eximietas-design-bengaluru-3-to-7-years-210526506802","External — apply manually"
"job_1790855846868_bwpuj","1/10/2026, 5:27:26 pm","NAUKRI","Full Stack Developer","Moshi Moshi","Bengaluru","EXTERNAL","https://www.naukri.com/job-listings-full-stack-developer-moshi-moshi-bengaluru-2-to-3-years-210125500165","https://www.naukri.com/job-listings-full-stack-developer-moshi-moshi-bengaluru-2-to-3-years-210125500165","External — apply manually"
"job_1790855846868_g6lmq","1/10/2026, 5:27:26 pm","NAUKRI","Full Stack Developer","Yugamjteam Technologies","Bengaluru","EXTERNAL","https://www.naukri.com/job-listings-full-stack-developer-yugamjteam-technologies-bengaluru-2-to-6-years-190724501403","https://www.naukri.com/job-listings-full-stack-developer-yugamjteam-technologies-bengaluru-2-to-6-years-190724501403","External — apply manually"
"job_1790855846868_u45vq","1/10/2026, 5:27:26 pm","NAUKRI","Full Stack Developer","Mavim International","Bengaluru","EXTERNAL","https://www.naukri.com/job-listings-full-stack-developer-mavim-international-bengaluru-2-to-6-years-090625500546","https://www.naukri.com/job-listings-full-stack-developer-mavim-international-bengaluru-2-to-6-years-090625500546","External — apply manually"
"job_1790855846868_saka5","1/10/2026, 5:27:26 pm","NAUKRI","Full stack developer","Siart Design Systems","Bengaluru","EXTERNAL","https://www.naukri.com/job-listings-full-stack-developer-siart-design-systems-bengaluru-1-to-4-years-061125504558","https://www.naukri.com/job-listings-full-stack-developer-siart-design-systems-bengaluru-1-to-4-years-061125504558","External — apply manually"
"job_1790855846868_cfpqa","1/10/2026, 5:27:26 pm","NAUKRI","Full Stack Developer","Dev Solutions","Bengaluru","EXTERNAL","https://www.naukri.com/job-listings-full-stack-developer-dev-solutions-bengaluru-2-to-6-years-180226503021","https://www.naukri.com/job-listings-full-stack-developer-dev-solutions-bengaluru-2-to-6-years-180226503021","External — apply manually"
"job_1790855846869_qg6yh","1/10/2026, 5:27:26 pm","NAUKRI","Full Stack Developer - Product Engineering","Terapact","Bengaluru","EXTERNAL","https://www.naukri.com/job-listings-full-stack-developer-product-engineering-terapact-bengaluru-3-to-8-years-170724501291","https://www.naukri.com/job-listings-full-stack-developer-product-engineering-terapact-bengaluru-3-to-8-years-170724501291","External — apply manually"
"job_1790855846869_jqkyy","1/10/2026, 5:27:26 pm","NAUKRI","Full Stack Developer","Oliveqsol","Mumbai","EXTERNAL","https://www.naukri.com/job-listings-full-stack-developer-oliveqsol-mumbai-2-to-6-years-090926502441","https://www.naukri.com/job-listings-full-stack-developer-oliveqsol-mumbai-2-to-6-years-090926502441","External — apply manually"
"job_1790855846869_4a0ay","1/10/2026, 5:27:26 pm","NAUKRI","Full Stack Developer","Devant It Solutions","Kolkata, Siliguri, Asansol, Durgapur, Haldia","EXTERNAL","https://www.naukri.com/job-listings-full-stack-developer-devant-it-solutions-pvt-ltd-kolkata-siliguri-asansol-durgapur-haldia-2-to-7-years-100926504717","https://www.naukri.com/job-listings-full-stack-developer-devant-it-solutions-pvt-ltd-kolkata-siliguri-asansol-durgapur-haldia-2-to-7-years-100926504717","External — apply manually"
"job_1790855846869_492p9","1/10/2026, 5:27:26 pm","NAUKRI","Full Stack Developer","Digital Heroes","New Delhi","EXTERNAL","https://www.naukri.com/job-listings-full-stack-developer-digital-heroes-new-delhi-2-to-4-years-100926502747","https://www.naukri.com/job-listings-full-stack-developer-digital-heroes-new-delhi-2-to-4-years-100926502747","External — apply manually"
"job_1790855846869_eco2b","1/10/2026, 5:27:26 pm","NAUKRI","Full Stack Developer","Mpiric Web Service","Ahmedabad","EXTERNAL","https://www.naukri.com/job-listings-full-stack-developer-mpiric-software-ahmedabad-2-to-6-years-140926501053","https://www.naukri.com/job-listings-full-stack-developer-mpiric-software-ahmedabad-2-to-6-years-140926501053","External — apply manually"
"job_1790855846870_wnm4q","1/10/2026, 5:27:26 pm","NAUKRI","Full Stack Developer","Createntropy","Pune","EXTERNAL","https://www.naukri.com/job-listings-full-stack-developer-createntropy-pune-2-to-6-years-140926500967","https://www.naukri.com/job-listings-full-stack-developer-createntropy-pune-2-to-6-years-140926500967","External — apply manually"
"job_1790855846870_1lxpe","1/10/2026, 5:27:26 pm","NAUKRI","Full Stack Developer","Manifest Infotech","Indore","EXTERNAL","https://www.naukri.com/job-listings-full-stack-developer-manifest-infotech-indore-2-to-7-years-090926502558","https://www.naukri.com/job-listings-full-stack-developer-manifest-infotech-indore-2-to-7-years-090926502558","External — apply manually"
"job_1790855846870_d43nm","1/10/2026, 5:27:26 pm","NAUKRI","Full Stack Developer","Hindsol Software","Varanasi","EXTERNAL","https://www.naukri.com/job-listings-full-stack-developer-hindsol-software-varanasi-2-to-6-years-090926502474","https://www.naukri.com/job-listings-full-stack-developer-hindsol-software-varanasi-2-to-6-years-090926502474","External — apply manually"
"job_1790855846870_pbrpj","1/10/2026, 5:27:26 pm","NAUKRI","Full Stack Developer","Suretek Infosoft","Noida","EXTERNAL","https://www.naukri.com/job-listings-full-stack-developer-suretek-infosoft-pvt-ltd-noida-1-to-2-years-090926500548","https://www.naukri.com/job-listings-full-stack-developer-suretek-infosoft-pvt-ltd-noida-1-to-2-years-090926500548","External — apply manually"
"job_1790855846871_pn22x","1/10/2026, 5:27:26 pm","NAUKRI","AI Full Stack Developer","Ekloud Inc","Faridabad","EXTERNAL","https://www.naukri.com/job-listings-ai-full-stack-developer-ekloud-faridabad-2-to-5-years-110926505275","https://www.naukri.com/job-listings-ai-full-stack-developer-ekloud-faridabad-2-to-5-years-110926505275","External — apply manually"
"job_1790855846871_muabo","1/10/2026, 5:27:26 pm","NAUKRI","Full Stack Developer","FT Nexavvy Next-gen Digital. Savvy Results.","Ahmedabad","EXTERNAL","https://www.naukri.com/job-listings-full-stack-developer-ft-nexavvy-private-limited-ahmedabad-1-to-5-years-080926502219","https://www.naukri.com/job-listings-full-stack-developer-ft-nexavvy-private-limited-ahmedabad-1-to-5-years-080926502219","External — apply manually"
"job_1790855846871_du86r","1/10/2026, 5:27:26 pm","NAUKRI","Full Stack Developer","Insidefpv Ventures","Surat","EXTERNAL","https://www.naukri.com/job-listings-full-stack-developer-insidefpv-com-surat-2-to-5-years-100926501598","https://www.naukri.com/job-listings-full-stack-developer-insidefpv-com-surat-2-to-5-years-100926501598","External — apply manually"
"job_1790855846871_wjax5","1/10/2026, 5:27:26 pm","NAUKRI","Full Stack Developer","Global Garner Sales Services","Ahmedabad","EXTERNAL","https://www.naukri.com/job-listings-full-stack-developer-global-garner-sales-services-pvt-ltd-ahmedabad-2-to-4-years-110926504719","https://www.naukri.com/job-listings-full-stack-developer-global-garner-sales-services-pvt-ltd-ahmedabad-2-to-4-years-110926504719","External — apply manually"
"job_1790855846871_g1bqo","1/10/2026, 5:27:26 pm","NAUKRI","Full Stack Developer","Rlight Ventes","Mumbai","EXTERNAL","https://www.naukri.com/job-listings-full-stack-developer-rlight-ventes-mumbai-3-to-7-years-180825502389","https://www.naukri.com/job-listings-full-stack-developer-rlight-ventes-mumbai-3-to-7-years-180825502389","External — apply manually"
"job_1790855846871_drg1e","1/10/2026, 5:27:26 pm","NAUKRI","Full Stack Developer","Innois","Mumbai","EXTERNAL","https://www.naukri.com/job-listings-full-stack-developer-innois-mumbai-1-to-3-years-090925500319","https://www.naukri.com/job-listings-full-stack-developer-innois-mumbai-1-to-3-years-090925500319","External — apply manually"
"job_1790855846872_rlr2k","1/10/2026, 5:27:26 pm","NAUKRI","Full-Stack Developer React / Node","Galaxywing It Solutions","Remote","EXTERNAL","https://www.naukri.com/job-listings-full-stack-developer-react-node-galaxywing-it-solutions-remote-3-to-8-years-160626504048","https://www.naukri.com/job-listings-full-stack-developer-react-node-galaxywing-it-solutions-remote-3-to-8-years-160626504048","External — apply manually"
"job_1790855846872_2u0e1","1/10/2026, 5:27:26 pm","NAUKRI","Full Stack Developer","Cloud202","Remote","EXTERNAL","https://www.naukri.com/job-listings-full-stack-developer-cloud202-remote-2-to-7-years-060726500695","https://www.naukri.com/job-listings-full-stack-developer-cloud202-remote-2-to-7-years-060726500695","External — apply manually"
"job_1790855846872_27xge","1/10/2026, 5:27:26 pm","NAUKRI","Full Stack Developer","BSH Technologies","Remote","EXTERNAL","https://www.naukri.com/job-listings-full-stack-developer-bsh-technologiesa-remote-2-to-5-years-210126502819","https://www.naukri.com/job-listings-full-stack-developer-bsh-technologiesa-remote-2-to-5-years-210126502819","External — apply manually"
"job_1790855846872_h7pib","1/10/2026, 5:27:26 pm","NAUKRI","React Full Stack Developer","Canaco Technologies","Remote","EXTERNAL","https://www.naukri.com/job-listings-react-full-stack-developer-canaco-technologies-remote-2-to-6-years-160426503525","https://www.naukri.com/job-listings-react-full-stack-developer-canaco-technologies-remote-2-to-6-years-160426503525","External — apply manually"
"job_1790855846872_e7gq1","1/10/2026, 5:27:26 pm","NAUKRI","Full stack developer with React","Krazy Mantra It","Hyderabad, Mumbai, Kolkata, New Delhi, Pune, Chennai, Bengaluru","EXTERNAL","https://www.naukri.com/job-listings-full-stack-developer-with-react-krazy-mantra-group-of-companies-kolkata-mumbai-new-delhi-hyderabad-pune-chennai-bengaluru-1-to-4-years-220425502837","https://www.naukri.com/job-listings-full-stack-developer-with-react-krazy-mantra-group-of-companies-kolkata-mumbai-new-delhi-hyderabad-pune-chennai-bengaluru-1-to-4-years-220425502837","External — apply manually"
"job_1790855846872_1b7be","1/10/2026, 5:27:26 pm","NAUKRI","Full Stack Developer","Inceptory Technology","Remote","EXTERNAL","https://www.naukri.com/job-listings-full-stack-developer-inceptory-technology-private-limited-remote-3-to-6-years-240326503629","https://www.naukri.com/job-listings-full-stack-developer-inceptory-technology-private-limited-remote-3-to-6-years-240326503629","External — apply manually"
"job_1790855846872_8qsll","1/10/2026, 5:27:26 pm","NAUKRI","Full Stack Developer","Fusiontecz","Remote","EXTERNAL","https://www.naukri.com/job-listings-full-stack-developer-fusiontecz-solutions-remote-2-to-6-years-090626501994","https://www.naukri.com/job-listings-full-stack-developer-fusiontecz-solutions-remote-2-to-6-years-090626501994","External — apply manually"
"job_1790855846873_lfewc","1/10/2026, 5:27:26 pm","NAUKRI","Full Stack Developer","Iris Worldwide","Mumbai","EXTERNAL","https://www.naukri.com/job-listings-full-stack-developer-iris-business-services-mumbai-3-to-5-years-080726502013","https://www.naukri.com/job-listings-full-stack-developer-iris-business-services-mumbai-3-to-5-years-080726502013","External — apply manually"
"job_1790855846873_nsi4l","1/10/2026, 5:27:26 pm","NAUKRI","Full Stack Developer","Drona Hq","Remote","EXTERNAL","https://www.naukri.com/job-listings-full-stack-developer-drona-mobile-dronahq-remote-2-to-5-years-230125505539","https://www.naukri.com/job-listings-full-stack-developer-drona-mobile-dronahq-remote-2-to-5-years-230125505539","External — apply manually"
"job_1790855846873_c1139","1/10/2026, 5:27:26 pm","NAUKRI","Full Stack Developer (Backend-Focused)","Aivox","Remote","EXTERNAL","https://www.naukri.com/job-listings-full-stack-developer-backend-focused-aivox-remote-2-to-5-years-200326503702","https://www.naukri.com/job-listings-full-stack-developer-backend-focused-aivox-remote-2-to-5-years-200326503702","External — apply manually"
"job_1790855846873_irv58","1/10/2026, 5:27:26 pm","NAUKRI","Custom Software Engineer","Accenture","Hyderabad","EXTERNAL","https://www.naukri.com/job-listings-custom-software-engineer-accenture-solutions-pvt-ltd-hyderabad-2-to-5-years-140926917017","https://www.naukri.com/job-listings-custom-software-engineer-accenture-solutions-pvt-ltd-hyderabad-2-to-5-years-140926917017","External — apply manually"
"job_1790855846873_yptoq","1/10/2026, 5:27:26 pm","NAUKRI","Custom Software Engineer","Accenture","Hyderabad","EXTERNAL","https://www.naukri.com/job-listings-custom-software-engineer-accenture-solutions-pvt-ltd-hyderabad-2-to-5-years-140926917060","https://www.naukri.com/job-listings-custom-software-engineer-accenture-solutions-pvt-ltd-hyderabad-2-to-5-years-140926917060","External — apply manually"
"job_1790855846873_kd6ko","1/10/2026, 5:27:26 pm","NAUKRI","Custom Software Engineer","Accenture","Hyderabad","EXTERNAL","https://www.naukri.com/job-listings-custom-software-engineer-accenture-solutions-pvt-ltd-hyderabad-2-to-5-years-140926916380","https://www.naukri.com/job-listings-custom-software-engineer-accenture-solutions-pvt-ltd-hyderabad-2-to-5-years-140926916380","External — apply manually"
"job_1790855846874_jc7p9","1/10/2026, 5:27:26 pm","NAUKRI","Fullstack Developer","Platon Services","Bengaluru","EXTERNAL","https://www.naukri.com/job-listings-fullstack-developer-platon-services-pvt-ltd-bengaluru-3-to-6-years-150725500420","https://www.naukri.com/job-listings-fullstack-developer-platon-services-pvt-ltd-bengaluru-3-to-6-years-150725500420","External — apply manually"
"job_1790855846874_plwvb","1/10/2026, 5:27:26 pm","NAUKRI","Fullstack Developer","Sridama Business","Bengaluru","EXTERNAL","https://www.naukri.com/job-listings-fullstack-developer-sridama-bengaluru-2-to-4-years-070225507429","https://www.naukri.com/job-listings-fullstack-developer-sridama-bengaluru-2-to-4-years-070225507429","External — apply manually"
"job_1790855846874_u10nc","1/10/2026, 5:27:26 pm","NAUKRI","Fullstack Developer","Virtualware Innovations","Bengaluru","EXTERNAL","https://www.naukri.com/job-listings-fullstack-developer-virtualware-innovations-bengaluru-3-to-8-years-030926500931","https://www.naukri.com/job-listings-fullstack-developer-virtualware-innovations-bengaluru-3-to-8-years-030926500931","External — apply manually"
"job_1790855846874_dfut4","1/10/2026, 5:27:26 pm","NAUKRI","Fullstack Developers","Vivilex Technologies","Bengaluru","EXTERNAL","https://www.naukri.com/job-listings-fullstack-developers-vivilex-technologies-bengaluru-5-to-10-years-150626504578","https://www.naukri.com/job-listings-fullstack-developers-vivilex-technologies-bengaluru-5-to-10-years-150626504578","External — apply manually"
"job_1790855846874_vvuzj","1/10/2026, 5:27:26 pm","NAUKRI","Fullstack Developer","Visit Health","Noida","EXTERNAL","https://www.naukri.com/job-listings-fullstack-developer-visit-health-noida-2-to-5-years-110926504376","https://www.naukri.com/job-listings-fullstack-developer-visit-health-noida-2-to-5-years-110926504376","External — apply manually"
"job_1790855846874_adp9n","1/10/2026, 5:27:26 pm","NAUKRI","Fullstack Developer","Hivekra","Surat","EXTERNAL","https://www.naukri.com/job-listings-fullstack-developer-hivekra-surat-2-to-6-years-140926503134","https://www.naukri.com/job-listings-fullstack-developer-hivekra-surat-2-to-6-years-140926503134","External — apply manually"
"job_1790855846875_q3af0","1/10/2026, 5:27:26 pm","NAUKRI","Fullstack developer","Squircle IT","Mumbai","EXTERNAL","https://www.naukri.com/job-listings-fullstack-developer-squircle-it-consulting-services-pvt-ltd-mumbai-3-to-6-years-200426500962","https://www.naukri.com/job-listings-fullstack-developer-squircle-it-consulting-services-pvt-ltd-mumbai-3-to-6-years-200426500962","External — apply manually"
"job_1790855846875_7wcse","1/10/2026, 5:27:26 pm","NAUKRI","Junior Fullstack Developer (Node/React) FULLSTACK","Antarctica Global","Mumbai","EXTERNAL","https://www.naukri.com/job-listings-junior-fullstack-developer-node-react-fullstack-antarctica-global-mumbai-1-to-6-years-051225501990","https://www.naukri.com/job-listings-junior-fullstack-developer-node-react-fullstack-antarctica-global-mumbai-1-to-6-years-051225501990","External — apply manually"
"job_1790855846875_y6s6r","1/10/2026, 5:27:26 pm","NAUKRI","Developer (Fullstack & BODS)","Dow Chemical International Private Limited","Mumbai","EXTERNAL","https://www.naukri.com/job-listings-developer-fullstack-bods-dow-chemical-international-pvt-ltd-mumbai-3-to-8-years-310826501712","https://www.naukri.com/job-listings-developer-fullstack-bods-dow-chemical-international-pvt-ltd-mumbai-3-to-8-years-310826501712","External — apply manually"
"job_1790855846875_zbvnk","1/10/2026, 5:27:26 pm","NAUKRI","Fullstack Developer","Krazy Mantra It","Hyderabad, Bengaluru","EXTERNAL","https://www.naukri.com/job-listings-fullstack-developer-krazy-mantra-group-of-companies-hyderabad-bengaluru-1-to-4-years-230925501658","https://www.naukri.com/job-listings-fullstack-developer-krazy-mantra-group-of-companies-hyderabad-bengaluru-1-to-4-years-230925501658","External — apply manually"
"job_1790855846875_tuwfl","1/10/2026, 5:27:26 pm","NAUKRI","Backend / Fullstack Developer","Fliptree Technologies","Remote","EXTERNAL","https://www.naukri.com/job-listings-backend-fullstack-developer-fliptree-technologies-remote-2-to-4-years-110425500680","https://www.naukri.com/job-listings-backend-fullstack-developer-fliptree-technologies-remote-2-to-4-years-110425500680","External — apply manually"
"job_1790855846875_5hq1f","1/10/2026, 5:27:26 pm","NAUKRI","Fullstack developer","Squircle IT","Mumbai","EXTERNAL","https://www.naukri.com/job-listings-fullstack-developer-squircle-it-consulting-services-pvt-ltd-mumbai-3-to-6-years-200326501597","https://www.naukri.com/job-listings-fullstack-developer-squircle-it-consulting-services-pvt-ltd-mumbai-3-to-6-years-200326501597","External — apply manually"
"job_1790855846876_y48sy","1/10/2026, 5:27:26 pm","NAUKRI","Fullstack Developer","Acme Services","Mumbai","EXTERNAL","https://www.naukri.com/job-listings-fullstack-developer-acme-services-mumbai-3-to-7-years-210223501816","https://www.naukri.com/job-listings-fullstack-developer-acme-services-mumbai-3-to-7-years-210223501816","External — apply manually"
"job_1790855846876_9opi8","1/10/2026, 5:27:26 pm","NAUKRI","Software Engineer","GE Vernova","Hyderabad","EXTERNAL","https://www.naukri.com/job-listings-software-engineer-ge-vernova-consulting-hyderabad-1-to-6-years-140926503448","https://www.naukri.com/job-listings-software-engineer-ge-vernova-consulting-hyderabad-1-to-6-years-140926503448","External — apply manually"
"job_1790855846876_rb3ai","1/10/2026, 5:27:26 pm","NAUKRI","Custom Software Engineer","Accenture","Hyderabad","EXTERNAL","https://www.naukri.com/job-listings-custom-software-engineer-accenture-solutions-pvt-ltd-hyderabad-2-to-5-years-140926916846","https://www.naukri.com/job-listings-custom-software-engineer-accenture-solutions-pvt-ltd-hyderabad-2-to-5-years-140926916846","External — apply manually"
"job_1790855846876_xvdda","1/10/2026, 5:27:26 pm","NAUKRI","Custom Software Engineer","Accenture","Hyderabad","EXTERNAL","https://www.naukri.com/job-listings-custom-software-engineer-accenture-solutions-pvt-ltd-hyderabad-2-to-5-years-140926919097","https://www.naukri.com/job-listings-custom-software-engineer-accenture-solutions-pvt-ltd-hyderabad-2-to-5-years-140926919097","External — apply manually"
"job_1790855846876_v3zqi","1/10/2026, 5:27:26 pm","NAUKRI","Custom Software Engineer","Accenture","Hyderabad","EXTERNAL","https://www.naukri.com/job-listings-custom-software-engineer-accenture-solutions-pvt-ltd-hyderabad-2-to-5-years-140926917250","https://www.naukri.com/job-listings-custom-software-engineer-accenture-solutions-pvt-ltd-hyderabad-2-to-5-years-140926917250","External — apply manually"
"job_1790855846876_j5r75","1/10/2026, 5:27:26 pm","NAUKRI","Custom Software Engineer","Accenture","Hyderabad","EXTERNAL","https://www.naukri.com/job-listings-custom-software-engineer-accenture-solutions-pvt-ltd-hyderabad-2-to-5-years-140926917247","https://www.naukri.com/job-listings-custom-software-engineer-accenture-solutions-pvt-ltd-hyderabad-2-to-5-years-140926917247","External — apply manually"
"job_1790855846876_041qd","1/10/2026, 5:27:26 pm","NAUKRI","Custom Software Engineer","Accenture","Hyderabad","EXTERNAL","https://www.naukri.com/job-listings-custom-software-engineer-accenture-solutions-pvt-ltd-hyderabad-2-to-5-years-140926917122","https://www.naukri.com/job-listings-custom-software-engineer-accenture-solutions-pvt-ltd-hyderabad-2-to-5-years-140926917122","External — apply manually"
"job_1790855846876_5a2pz","1/10/2026, 5:27:26 pm","NAUKRI","Custom Software Engineer","Accenture","Hyderabad","EXTERNAL","https://www.naukri.com/job-listings-custom-software-engineer-accenture-solutions-pvt-ltd-hyderabad-2-to-5-years-140926917072","https://www.naukri.com/job-listings-custom-software-engineer-accenture-solutions-pvt-ltd-hyderabad-2-to-5-years-140926917072","External — apply manually"
"job_1790855846877_9ezgs","1/10/2026, 5:27:26 pm","NAUKRI","Custom Software Engineer","Accenture","Hyderabad","EXTERNAL","https://www.naukri.com/job-listings-custom-software-engineer-accenture-solutions-pvt-ltd-hyderabad-2-to-5-years-140926917048","https://www.naukri.com/job-listings-custom-software-engineer-accenture-solutions-pvt-ltd-hyderabad-2-to-5-years-140926917048","External — apply manually"
"job_1790855846877_v0w2x","1/10/2026, 5:27:26 pm","NAUKRI","Custom Software Engineer","Accenture","Hyderabad","EXTERNAL","https://www.naukri.com/job-listings-custom-software-engineer-accenture-solutions-pvt-ltd-hyderabad-2-to-5-years-140926917046","https://www.naukri.com/job-listings-custom-software-engineer-accenture-solutions-pvt-ltd-hyderabad-2-to-5-years-140926917046","External — apply manually"
"job_1790855846877_m427t","1/10/2026, 5:27:26 pm","NAUKRI","Custom Software Engineer","Accenture","Hyderabad","EXTERNAL","https://www.naukri.com/job-listings-custom-software-engineer-accenture-solutions-pvt-ltd-hyderabad-2-to-5-years-140926917031","https://www.naukri.com/job-listings-custom-software-engineer-accenture-solutions-pvt-ltd-hyderabad-2-to-5-years-140926917031","External — apply manually"
"job_1790855846877_0figx","1/10/2026, 5:27:26 pm","NAUKRI","Custom Software Engineer","Accenture","Hyderabad","EXTERNAL","https://www.naukri.com/job-listings-custom-software-engineer-accenture-solutions-pvt-ltd-hyderabad-2-to-5-years-140926917015","https://www.naukri.com/job-listings-custom-software-engineer-accenture-solutions-pvt-ltd-hyderabad-2-to-5-years-140926917015","External — apply manually"
"job_1790855846877_g83jz","1/10/2026, 5:27:26 pm","NAUKRI","Custom Software Engineer","Accenture","Hyderabad","EXTERNAL","https://www.naukri.com/job-listings-custom-software-engineer-accenture-solutions-pvt-ltd-hyderabad-2-to-5-years-140926917000","https://www.naukri.com/job-listings-custom-software-engineer-accenture-solutions-pvt-ltd-hyderabad-2-to-5-years-140926917000","External — apply manually"
"job_1790855846877_d0v46","1/10/2026, 5:27:26 pm","NAUKRI","Custom Software Engineer","Accenture","Hyderabad","EXTERNAL","https://www.naukri.com/job-listings-custom-software-engineer-accenture-solutions-pvt-ltd-hyderabad-2-to-5-years-140926916981","https://www.naukri.com/job-listings-custom-software-engineer-accenture-solutions-pvt-ltd-hyderabad-2-to-5-years-140926916981","External — apply manually"
"job_1790855846877_85a44","1/10/2026, 5:27:26 pm","NAUKRI","Custom Software Engineer","Accenture","Hyderabad","EXTERNAL","https://www.naukri.com/job-listings-custom-software-engineer-accenture-solutions-pvt-ltd-hyderabad-2-to-5-years-140926916916","https://www.naukri.com/job-listings-custom-software-engineer-accenture-solutions-pvt-ltd-hyderabad-2-to-5-years-140926916916","External — apply manually"
"job_1790855846877_cj3z1","1/10/2026, 5:27:26 pm","NAUKRI","Web Developer","Creoquad Hyderabad","Hyderabad","EXTERNAL","https://www.naukri.com/job-listings-web-developer-creoquad-hyderabad-3-to-6-years-220925505099","https://www.naukri.com/job-listings-web-developer-creoquad-hyderabad-3-to-6-years-220925505099","External — apply manually"
"job_1790855846878_9d7fj","1/10/2026, 5:27:26 pm","NAUKRI","Sr. Full-Stack Developer-(MERN)","Technocrats Horizons","Hyderabad","EXTERNAL","https://www.naukri.com/job-listings-sr-full-stack-developer-mern-technocrats-horizons-hyderabad-4-to-9-years-260826504243","https://www.naukri.com/job-listings-sr-full-stack-developer-mern-technocrats-horizons-hyderabad-4-to-9-years-260826504243","External — apply manually"
"job_1790855846878_82l8l","1/10/2026, 5:27:26 pm","NAUKRI","Full Stack Developer","Diagnal Technologies","Hyderabad, Mumbai, Kolkata, New Delhi, Pune, Chennai, Bengaluru","EXTERNAL","https://www.naukri.com/job-listings-full-stack-developer-diagnal-kolkata-mumbai-new-delhi-hyderabad-pune-chennai-bengaluru-2-to-6-years-041024503951","https://www.naukri.com/job-listings-full-stack-developer-diagnal-kolkata-mumbai-new-delhi-hyderabad-pune-chennai-bengaluru-2-to-6-years-041024503951","External — apply manually"
"job_1790855846878_ngmll","1/10/2026, 5:27:26 pm","NAUKRI","MEAN Stack Developer","Tatpata","Hyderabad","EXTERNAL","https://www.naukri.com/job-listings-mean-stack-developer-tatpara-hyderabad-1-to-5-years-110826502839","https://www.naukri.com/job-listings-mean-stack-developer-tatpara-hyderabad-1-to-5-years-110826502839","External — apply manually"
"job_1790855846878_nncrz","1/10/2026, 5:27:26 pm","NAUKRI","Senior Full Stack Developer - MERN","Techdome Solutions","Hyderabad","EXTERNAL","https://www.naukri.com/job-listings-senior-full-stack-developer-mern-techdome-solutions-hyderabad-6-to-11-years-140926501893","https://www.naukri.com/job-listings-senior-full-stack-developer-mern-techdome-solutions-hyderabad-6-to-11-years-140926501893","External — apply manually"
"job_1790855846878_izr6k","1/10/2026, 5:27:26 pm","NAUKRI","Backend Developer","Inclusive Growth Chain","Hyderabad","EXTERNAL","https://www.naukri.com/job-listings-backend-developer-inclusive-growth-chain-hyderabad-3-to-6-years-070725500873","https://www.naukri.com/job-listings-backend-developer-inclusive-growth-chain-hyderabad-3-to-6-years-070725500873","External — apply manually"
"job_1790855846878_lnylf","1/10/2026, 5:27:26 pm","NAUKRI","Full Stack Web Developer (React / Laravel)","Godigi Infotech","Hyderabad","EXTERNAL","https://www.naukri.com/job-listings-full-stack-web-developer-react-laravel-godigi-infotech-hyderabad-2-to-4-years-110826502032","https://www.naukri.com/job-listings-full-stack-web-developer-react-laravel-godigi-infotech-hyderabad-2-to-4-years-110826502032","External — apply manually"
"job_1790855846879_bcms6","1/10/2026, 5:27:26 pm","NAUKRI","Full Stack MERN Developer","Qurinom Solutions","Hyderabad","EXTERNAL","https://www.naukri.com/job-listings-full-stack-mern-developer-qurinom-solutions-hyderabad-4-to-6-years-250226504556","https://www.naukri.com/job-listings-full-stack-mern-developer-qurinom-solutions-hyderabad-4-to-6-years-250226504556","External — apply manually"
"job_1790855846879_ggynp","1/10/2026, 5:27:26 pm","NAUKRI","MEAN Stack Developer","Southindus Labs","Hyderabad","EXTERNAL","https://www.naukri.com/job-listings-mean-stack-developer-southindus-labs-hyderabad-3-to-5-years-071123500067","https://www.naukri.com/job-listings-mean-stack-developer-southindus-labs-hyderabad-3-to-5-years-071123500067","External — apply manually"
"job_1790855846879_8jh8v","1/10/2026, 5:27:26 pm","NAUKRI","Product Engineer - Front End","Egnify Technologies","Hyderabad","EXTERNAL","https://www.naukri.com/job-listings-product-engineer-front-end-egnify-technologies-hyderabad-1-to-3-years-090721500027","https://www.naukri.com/job-listings-product-engineer-front-end-egnify-technologies-hyderabad-1-to-3-years-090721500027","External — apply manually"
"job_1790855846879_9igdz","1/10/2026, 5:27:26 pm","NAUKRI","Lead - MEAN Stack Developer","Tatpata","Hyderabad","EXTERNAL","https://www.naukri.com/job-listings-lead-mean-stack-developer-tatpara-hyderabad-5-to-8-years-110826502840","https://www.naukri.com/job-listings-lead-mean-stack-developer-tatpara-hyderabad-5-to-8-years-110826502840","External — apply manually"
"job_1790855846879_b6yf9","1/10/2026, 5:27:26 pm","NAUKRI","Software Engineer","LeadSquared","Bengaluru","EXTERNAL","https://www.naukri.com/job-listings-software-engineer-leadsquared-bengaluru-0-to-4-years-140926504554","https://www.naukri.com/job-listings-software-engineer-leadsquared-bengaluru-0-to-4-years-140926504554","External — apply manually"
"job_1790855846879_hiwxi","1/10/2026, 5:27:26 pm","NAUKRI","Custom Software Engineer","Accenture","Bengaluru","EXTERNAL","https://www.naukri.com/job-listings-custom-software-engineer-accenture-solutions-pvt-ltd-bengaluru-2-to-5-years-140926917343","https://www.naukri.com/job-listings-custom-software-engineer-accenture-solutions-pvt-ltd-bengaluru-2-to-5-years-140926917343","External — apply manually"
"job_1790855846879_yfrjy","1/10/2026, 5:27:26 pm","NAUKRI","Custom Software Engineer","Accenture","Bengaluru","EXTERNAL","https://www.naukri.com/job-listings-custom-software-engineer-accenture-solutions-pvt-ltd-bengaluru-2-to-5-years-140926917454","https://www.naukri.com/job-listings-custom-software-engineer-accenture-solutions-pvt-ltd-bengaluru-2-to-5-years-140926917454","External — apply manually"
"job_1790855846879_bulr5","1/10/2026, 5:27:26 pm","NAUKRI","Custom Software Engineer","Accenture","Bengaluru","EXTERNAL","https://www.naukri.com/job-listings-custom-software-engineer-accenture-solutions-pvt-ltd-bengaluru-2-to-5-years-140926916639","https://www.naukri.com/job-listings-custom-software-engineer-accenture-solutions-pvt-ltd-bengaluru-2-to-5-years-140926916639","External — apply manually"
"job_1790855846880_bk0ua","1/10/2026, 5:27:26 pm","NAUKRI","Custom Software Engineer","Accenture","Bengaluru","EXTERNAL","https://www.naukri.com/job-listings-custom-software-engineer-accenture-solutions-pvt-ltd-bengaluru-2-to-5-years-140926918783","https://www.naukri.com/job-listings-custom-software-engineer-accenture-solutions-pvt-ltd-bengaluru-2-to-5-years-140926918783","External — apply manually"
"job_1790855846880_f0lav","1/10/2026, 5:27:26 pm","NAUKRI","Custom Software Engineer","Accenture","Bengaluru","EXTERNAL","https://www.naukri.com/job-listings-custom-software-engineer-accenture-solutions-pvt-ltd-bengaluru-2-to-5-years-140926917367","https://www.naukri.com/job-listings-custom-software-engineer-accenture-solutions-pvt-ltd-bengaluru-2-to-5-years-140926917367","External — apply manually"
"job_1790855846880_e9wgu","1/10/2026, 5:27:26 pm","NAUKRI","Custom Software Engineer","Accenture","Bengaluru","EXTERNAL","https://www.naukri.com/job-listings-custom-software-engineer-accenture-solutions-pvt-ltd-bengaluru-2-to-5-years-140926916156","https://www.naukri.com/job-listings-custom-software-engineer-accenture-solutions-pvt-ltd-bengaluru-2-to-5-years-140926916156","External — apply manually"
"job_1790855846880_7kqsq","1/10/2026, 5:27:26 pm","NAUKRI","MERN Stack Software Product Developer (Remote)","Troopr","Bengaluru","EXTERNAL","https://www.naukri.com/job-listings-mern-stack-software-product-developer-remote-troopr-bengaluru-3-to-5-years-270526500214","https://www.naukri.com/job-listings-mern-stack-software-product-developer-remote-troopr-bengaluru-3-to-5-years-270526500214","External — apply manually"
"job_1790855846880_qjszp","1/10/2026, 5:27:26 pm","NAUKRI","MERN Stack Senior Developer","Infenox Technologies","Bengaluru","EXTERNAL","https://www.naukri.com/job-listings-mern-stack-senior-developer-infenox-technologies-india-private-limited-bengaluru-9-to-12-years-060624500673","https://www.naukri.com/job-listings-mern-stack-senior-developer-infenox-technologies-india-private-limited-bengaluru-9-to-12-years-060624500673","External — apply manually"
"job_1790855846880_xfw3n","1/10/2026, 5:27:26 pm","NAUKRI","Senior MERN Stack Developer","Appriffy-digital It Hub","Bengaluru","EXTERNAL","https://www.naukri.com/job-listings-senior-mern-stack-developer-appriffy-digital-it-hub-bengaluru-3-to-5-years-060526502923","https://www.naukri.com/job-listings-senior-mern-stack-developer-appriffy-digital-it-hub-bengaluru-3-to-5-years-060526502923","External — apply manually"
"job_1790855846880_uk08m","1/10/2026, 5:27:26 pm","NAUKRI","Full Stack Developer MERN Stack","Winspire Tech","Bengaluru","EXTERNAL","https://www.naukri.com/job-listings-full-stack-developer-mern-stack-winspire-tech-bengaluru-1-to-6-years-070726501857","https://www.naukri.com/job-listings-full-stack-developer-mern-stack-winspire-tech-bengaluru-1-to-6-years-070726501857","External — apply manually"
"job_1790855846881_phgts","1/10/2026, 5:27:26 pm","NAUKRI","Full Stack Developer Mean/Mern","Naghavi Fintech","Bengaluru","EXTERNAL","https://www.naukri.com/job-listings-full-stack-developer-mean-mern-naghavi-fintech-bengaluru-2-to-6-years-260724502901","https://www.naukri.com/job-listings-full-stack-developer-mean-mern-naghavi-fintech-bengaluru-2-to-6-years-260724502901","External — apply manually"
"job_1790855846881_yc1ka","1/10/2026, 5:27:26 pm","NAUKRI","MERN Full Stack Developer","Cloud Counselage","Bengaluru","EXTERNAL","https://www.naukri.com/job-listings-mern-full-stack-developer-cloud-counselage-pvt-ltd-bengaluru-1-to-3-years-301225508291","https://www.naukri.com/job-listings-mern-full-stack-developer-cloud-counselage-pvt-ltd-bengaluru-1-to-3-years-301225508291","External — apply manually"
"job_1790855846881_r2s8r","1/10/2026, 5:27:26 pm","NAUKRI","AI Developer / MERN Stack Developer","Codieslab Technologies","Vadodara","EXTERNAL","https://www.naukri.com/job-listings-ai-developer-mern-stack-developer-codieslab-vadodara-1-to-3-years-140926500458","https://www.naukri.com/job-listings-ai-developer-mern-stack-developer-codieslab-vadodara-1-to-3-years-140926500458","External — apply manually"
"job_1790855846881_jqysz","1/10/2026, 5:27:26 pm","NAUKRI","MERN Stack Developer","Creuto","Bhubaneswar","EXTERNAL","https://www.naukri.com/job-listings-mern-stack-developer-creuto-cloud-private-limited-bhubaneswar-2-to-4-years-080926505712","https://www.naukri.com/job-listings-mern-stack-developer-creuto-cloud-private-limited-bhubaneswar-2-to-4-years-080926505712","External — apply manually"
"job_1790855846881_djoi3","1/10/2026, 5:27:26 pm","NAUKRI","MERN Stack Developer","Code Era","Hisar","EXTERNAL","https://www.naukri.com/job-listings-mern-stack-developer-code-era-technologies-pvt-ltd-hisar-1-to-3-years-080926501570","https://www.naukri.com/job-listings-mern-stack-developer-code-era-technologies-pvt-ltd-hisar-1-to-3-years-080926501570","External — apply manually"
"job_1790855846881_a04x5","1/10/2026, 5:27:26 pm","NAUKRI","Software Engineer ( MERN Stack )","Seaflux Technologies","Ahmedabad","EXTERNAL","https://www.naukri.com/job-listings-software-engineer-mern-stack-seaflux-technologies-pvt-ltd-ahmedabad-2-to-4-years-100926501081","https://www.naukri.com/job-listings-software-engineer-mern-stack-seaflux-technologies-pvt-ltd-ahmedabad-2-to-4-years-100926501081","External — apply manually"
"job_1790855846881_emx9o","1/10/2026, 5:27:26 pm","NAUKRI","Software Engineer II (Java Full Stack Developer)","Finicity","Pune","EXTERNAL","https://www.naukri.com/job-listings-software-engineer-ii-java-full-stack-developer-finicity-technologies-pvt-ltd-pune-2-to-6-years-140926502350","https://www.naukri.com/job-listings-software-engineer-ii-java-full-stack-developer-finicity-technologies-pvt-ltd-pune-2-to-6-years-140926502350","External — apply manually"
"job_1790855846881_8yewh","1/10/2026, 5:27:26 pm","NAUKRI","Custom Software Engineer","Accenture","Chennai","EXTERNAL","https://www.naukri.com/job-listings-custom-software-engineer-accenture-solutions-pvt-ltd-chennai-2-to-5-years-140926919432","https://www.naukri.com/job-listings-custom-software-engineer-accenture-solutions-pvt-ltd-chennai-2-to-5-years-140926919432","External — apply manually"
"job_1790855846881_mjmdy","1/10/2026, 5:27:26 pm","NAUKRI","Custom Software Engineer","Accenture","Chennai","EXTERNAL","https://www.naukri.com/job-listings-custom-software-engineer-accenture-solutions-pvt-ltd-chennai-2-to-5-years-140926918937","https://www.naukri.com/job-listings-custom-software-engineer-accenture-solutions-pvt-ltd-chennai-2-to-5-years-140926918937","External — apply manually"
"job_1790855846882_vccb6","1/10/2026, 5:27:26 pm","NAUKRI","MERN Stack Developer","I-ray It Solutions","Hyderabad","EXTERNAL","https://www.naukri.com/job-listings-mern-stack-developer-i-ray-it-solutions-private-limited-hyderabad-3-to-7-years-090725501958","https://www.naukri.com/job-listings-mern-stack-developer-i-ray-it-solutions-private-limited-hyderabad-3-to-7-years-090725501958","External — apply manually"
"job_1790855846882_6b1q5","1/10/2026, 5:27:26 pm","NAUKRI","Software Development Engineer - MERN Stack","Techdome Solutions","Hyderabad","EXTERNAL","https://www.naukri.com/job-listings-software-development-engineer-mern-stack-techdome-solutions-hyderabad-2-to-7-years-070926502520","https://www.naukri.com/job-listings-software-development-engineer-mern-stack-techdome-solutions-hyderabad-2-to-7-years-070926502520","External — apply manually"
"job_1790855846882_5v90y","1/10/2026, 5:27:26 pm","NAUKRI","MERN Stack Developer","Nexevo","Bengaluru","EXTERNAL","https://www.naukri.com/job-listings-mern-stack-developer-nexevo-technologies-bengaluru-2-to-4-years-070826503636","https://www.naukri.com/job-listings-mern-stack-developer-nexevo-technologies-bengaluru-2-to-4-years-070826503636","External — apply manually"
"job_1790855846882_tb7oe","1/10/2026, 5:27:26 pm","NAUKRI","MERN Stack Developer","CrossAsyst","Bengaluru","EXTERNAL","https://www.naukri.com/job-listings-mern-stack-developer-crossasyst-infotech-private-limited-bengaluru-3-to-6-years-170326501729","https://www.naukri.com/job-listings-mern-stack-developer-crossasyst-infotech-private-limited-bengaluru-3-to-6-years-170326501729","External — apply manually"
"job_1790855846882_2fh38","1/10/2026, 5:27:26 pm","NAUKRI","Junior MERN & React Native Developer","Purplezone","Pune","EXTERNAL","https://www.naukri.com/job-listings-junior-mern-react-native-developer-purple-zone-pune-1-to-4-years-110926501872","https://www.naukri.com/job-listings-junior-mern-react-native-developer-purple-zone-pune-1-to-4-years-110926501872","External — apply manually"
"job_1790855846882_rbgp5","1/10/2026, 5:27:26 pm","NAUKRI","Software Engineer - MERN","Growexx","Ahmedabad","EXTERNAL","https://www.naukri.com/job-listings-software-engineer-mern-growexx-ahmedabad-2-to-4-years-140926501774","https://www.naukri.com/job-listings-software-engineer-mern-growexx-ahmedabad-2-to-4-years-140926501774","External — apply manually"
"job_1790855846882_z28wh","1/10/2026, 5:27:26 pm","NAUKRI","MERN Developer","Cyber Trident Technologies","Pune","EXTERNAL","https://www.naukri.com/job-listings-mern-developer-cyber-trident-technologies-pune-3-to-5-years-010726503590","https://www.naukri.com/job-listings-mern-developer-cyber-trident-technologies-pune-3-to-5-years-010726503590","External — apply manually"
"job_1790855846882_fissh","1/10/2026, 5:27:26 pm","NAUKRI","MERN DEVELOPER","Logic Planet","New Delhi","EXTERNAL","https://www.naukri.com/job-listings-mern-developer-logicplanet-it-services-new-delhi-3-to-6-years-230226502046","https://www.naukri.com/job-listings-mern-developer-logicplanet-it-services-new-delhi-3-to-6-years-230226502046","External — apply manually"
"job_1790855846882_53d3d","1/10/2026, 5:27:26 pm","NAUKRI","MERN / MEAN Developer","Jploft Solutions","Jaipur","EXTERNAL","https://www.naukri.com/job-listings-mern-mean-developer-jploft-solutions-pvt-ltd-jaipur-1-to-4-years-200726501818","https://www.naukri.com/job-listings-mern-mean-developer-jploft-solutions-pvt-ltd-jaipur-1-to-4-years-200726501818","External — apply manually"
"job_1790855846883_oohia","1/10/2026, 5:27:26 pm","NAUKRI","Mern Developer","Colan Infotech","Madurai","EXTERNAL","https://www.naukri.com/job-listings-mern-developer-colan-infotech-pvt-ltd-madurai-5-to-7-years-030724501157","https://www.naukri.com/job-listings-mern-developer-colan-infotech-pvt-ltd-madurai-5-to-7-years-030724501157","External — apply manually"
"job_1790855846883_r7q6r","1/10/2026, 5:27:26 pm","NAUKRI","MERN Developer","Successive Technologies","Pune","EXTERNAL","https://www.naukri.com/job-listings-mern-developer-successive-pvt-ltd-pune-7-to-12-years-030326501310","https://www.naukri.com/job-listings-mern-developer-successive-pvt-ltd-pune-7-to-12-years-030326501310","External — apply manually"
"job_1790855846883_kt19o","1/10/2026, 5:27:26 pm","NAUKRI","MERN / MEAN Developer","Adiyogi Technosoft","Jodhpur","EXTERNAL","https://www.naukri.com/job-listings-mern-mean-developer-adiyogi-technosoft-pvt-ltd-jodhpur-2-to-6-years-240523500356","https://www.naukri.com/job-listings-mern-mean-developer-adiyogi-technosoft-pvt-ltd-jodhpur-2-to-6-years-240523500356","External — apply manually"
"job_1790855846883_5oikn","1/10/2026, 5:27:26 pm","NAUKRI","Fullstack MERN Developer","Dmacq Software","Mumbai","EXTERNAL","https://www.naukri.com/job-listings-fullstack-mern-developer-dmacq-software-pvt-ltd-mumbai-2-to-5-years-040926502477","https://www.naukri.com/job-listings-fullstack-mern-developer-dmacq-software-pvt-ltd-mumbai-2-to-5-years-040926502477","External — apply manually"
"job_1790855846883_wooj1","1/10/2026, 5:27:26 pm","NAUKRI","MERN & MEAN Developer","Softgrid Computers","Indore","EXTERNAL","https://www.naukri.com/job-listings-mern-mean-developer-softgrid-computers-pvt-ltd-indore-6-to-11-years-170726500872","https://www.naukri.com/job-listings-mern-mean-developer-softgrid-computers-pvt-ltd-indore-6-to-11-years-170726500872","External — apply manually"
"job_1790855846883_xkcep","1/10/2026, 5:27:26 pm","NAUKRI","Fullstack MERN Developer","Dmacq Software","Mumbai","EXTERNAL","https://www.naukri.com/job-listings-fullstack-mern-developer-dmacq-software-pvt-ltd-mumbai-2-to-5-years-260826502855","https://www.naukri.com/job-listings-fullstack-mern-developer-dmacq-software-pvt-ltd-mumbai-2-to-5-years-260826502855","External — apply manually"
"job_1790855846883_jzry8","1/10/2026, 5:27:26 pm","NAUKRI","Senior MERN developer","Konrad Group","Gurugram","EXTERNAL","https://www.naukri.com/job-listings-senior-mern-developer-konrad-group-gurugram-1-to-7-years-310126502844","https://www.naukri.com/job-listings-senior-mern-developer-konrad-group-gurugram-1-to-7-years-310126502844","External — apply manually"
"job_1790855846883_5nt46","1/10/2026, 5:27:26 pm","NAUKRI","MERN Developers (react JS)","Rushkar Information Technology","Ahmedabad","EXTERNAL","https://www.naukri.com/job-listings-mern-developers-react-js-rushkar-information-technology-llp-ahmedabad-3-to-8-years-040724501261","https://www.naukri.com/job-listings-mern-developers-react-js-rushkar-information-technology-llp-ahmedabad-3-to-8-years-040724501261","External — apply manually"
"job_1790855846883_4rvtr","1/10/2026, 5:27:26 pm","NAUKRI","MERN Developer","Devox Tech","Bikaner","EXTERNAL","https://www.naukri.com/job-listings-mern-developer-devox-tech-bikaner-1-to-4-years-301024505574","https://www.naukri.com/job-listings-mern-developer-devox-tech-bikaner-1-to-4-years-301024505574","External — apply manually"
"job_1790855846884_hzz62","1/10/2026, 5:27:26 pm","NAUKRI","Mern Developer","Cyber Matrix Solutions","Noida","EXTERNAL","https://www.naukri.com/job-listings-mern-developer-cyber-matrix-solutions-noida-1-to-2-years-170924500522","https://www.naukri.com/job-listings-mern-developer-cyber-matrix-solutions-noida-1-to-2-years-170924500522","External — apply manually"
"job_1790855846884_8gopg","1/10/2026, 5:27:26 pm","NAUKRI","MERN Developer","Rain Infotech","Surat","EXTERNAL","https://www.naukri.com/job-listings-mern-developer-rain-infotech-private-limited-surat-2-to-5-years-120923500850","https://www.naukri.com/job-listings-mern-developer-rain-infotech-private-limited-surat-2-to-5-years-120923500850","External — apply manually"
"job_1790855846884_0z4gz","1/10/2026, 5:27:26 pm","NAUKRI","Senior MERN Developer","Limitscale","Bengaluru","EXTERNAL","https://www.naukri.com/job-listings-senior-mern-developer-limitscale-technologies-bengaluru-2-to-4-years-211024503569","https://www.naukri.com/job-listings-senior-mern-developer-limitscale-technologies-bengaluru-2-to-4-years-211024503569","External — apply manually"
"job_1790855846884_m8xan","1/10/2026, 5:27:26 pm","NAUKRI","Software Engineer - MERN Stack","Chapter247 Infotech","Indore","EXTERNAL","https://www.naukri.com/job-listings-software-engineer-mern-stack-chapter-247-indore-2-to-4-years-150626500362","https://www.naukri.com/job-listings-software-engineer-mern-stack-chapter-247-indore-2-to-4-years-150626500362","External — apply manually"
"job_1790855846884_fclrr","1/10/2026, 5:27:26 pm","NAUKRI","Frontend Developer","Techcarrot Fz-llc","Hyderabad","EXTERNAL","https://www.naukri.com/job-listings-frontend-developer-techcarrot-fz-llc-hyderabad-2-to-5-years-110926500319","https://www.naukri.com/job-listings-frontend-developer-techcarrot-fz-llc-hyderabad-2-to-5-years-110926500319","External — apply manually"
"job_1790855846884_ezmtx","1/10/2026, 5:27:26 pm","NAUKRI","Java Backend Developer","Flairdeck","Hyderabad","EXTERNAL","https://www.naukri.com/job-listings-java-backend-developer-flairdeck-hyderabad-1-to-4-years-100926503315","https://www.naukri.com/job-listings-java-backend-developer-flairdeck-hyderabad-1-to-4-years-100926503315","External — apply manually"
"job_1790855846884_9942d","1/10/2026, 5:27:26 pm","NAUKRI","React Native Professional","Maha Software Solutions","Hyderabad","EXTERNAL","https://www.naukri.com/job-listings-react-native-professional-mahasos-info-private-ltd-hyderabad-1-to-4-years-140926504469","https://www.naukri.com/job-listings-react-native-professional-mahasos-info-private-ltd-hyderabad-1-to-4-years-140926504469","External — apply manually"
"job_1790855846884_godwv","1/10/2026, 5:27:26 pm","NAUKRI","React JS Developer","Advit Software","Hyderabad","EXTERNAL","https://www.naukri.com/job-listings-react-js-developer-advit-software-business-solutions-pvt-ltd-hyderabad-2-to-4-years-140926503838","https://www.naukri.com/job-listings-react-js-developer-advit-software-business-solutions-pvt-ltd-hyderabad-2-to-4-years-140926503838","External — apply manually"
"job_1790855846884_yw0bb","1/10/2026, 5:27:26 pm","NAUKRI","React Developer","Binlytix","Hyderabad","EXTERNAL","https://www.naukri.com/job-listings-react-developer-binlytix-hyderabad-2-to-3-years-140926501002","https://www.naukri.com/job-listings-react-developer-binlytix-hyderabad-2-to-3-years-140926501002","External — apply manually"
"job_1790855846885_2gb9e","1/10/2026, 5:27:26 pm","NAUKRI","Senior Frontend Developer","Snapper It","Hyderabad","EXTERNAL","https://www.naukri.com/job-listings-senior-frontend-developer-snapperit-web-design-development-company-hyderabad-2-to-5-years-100925504110","https://www.naukri.com/job-listings-senior-frontend-developer-snapperit-web-design-development-company-hyderabad-2-to-5-years-100925504110","External — apply manually"
"job_1790855846885_sn30l","1/10/2026, 5:27:26 pm","NAUKRI","Frontend Developer - React & Typescript - /,IN","Photon","Hyderabad, Mumbai, Kolkata, New Delhi, Pune, Chennai, Bengaluru","EXTERNAL","https://www.naukri.com/job-listings-frontend-developer-react-typescript-in-photon-infotech-p-ltd-kolkata-mumbai-new-delhi-hyderabad-pune-chennai-bengaluru-4-to-8-years-240326504226","https://www.naukri.com/job-listings-frontend-developer-react-typescript-in-photon-infotech-p-ltd-kolkata-mumbai-new-delhi-hyderabad-pune-chennai-bengaluru-4-to-8-years-240326504226","External — apply manually"
"job_1790855846885_0kxay","1/10/2026, 5:27:26 pm","NAUKRI","Frontend Developer Vue JS","Logic Planet","Hyderabad, Mumbai, Kolkata, New Delhi, Pune, Chennai, Bengaluru","EXTERNAL","https://www.naukri.com/job-listings-frontend-developer-vue-js-logicplanet-it-services-kolkata-mumbai-new-delhi-hyderabad-pune-chennai-bengaluru-6-to-9-years-200226504899","https://www.naukri.com/job-listings-frontend-developer-vue-js-logicplanet-it-services-kolkata-mumbai-new-delhi-hyderabad-pune-chennai-bengaluru-6-to-9-years-200226504899","External — apply manually"
"job_1790855846885_qj5ro","1/10/2026, 5:27:26 pm","NAUKRI","Senior Frontend Developer","Osmf","Hyderabad, Mumbai, Kolkata, New Delhi, Pune, Chennai, Bengaluru","EXTERNAL","https://www.naukri.com/job-listings-senior-frontend-developer-osmf-kolkata-mumbai-new-delhi-hyderabad-pune-chennai-bengaluru-3-to-7-years-090823500669","https://www.naukri.com/job-listings-senior-frontend-developer-osmf-kolkata-mumbai-new-delhi-hyderabad-pune-chennai-bengaluru-3-to-7-years-090823500669","External — apply manually"
"job_1790855846885_uyf72","1/10/2026, 5:27:26 pm","NAUKRI","Senior Frontend Developer","LLP S3bglobal Technologies","Hyderabad, Mumbai, Kolkata, New Delhi, Pune, Chennai, Bengaluru","EXTERNAL","https://www.naukri.com/job-listings-senior-frontend-developer-s3b-global-kolkata-mumbai-new-delhi-hyderabad-pune-chennai-bengaluru-5-to-10-years-260825501580","https://www.naukri.com/job-listings-senior-frontend-developer-s3b-global-kolkata-mumbai-new-delhi-hyderabad-pune-chennai-bengaluru-5-to-10-years-260825501580","External — apply manually"
"job_1790855846885_smhm8","1/10/2026, 5:27:26 pm","NAUKRI","Frontend Developer UI Developer + Vue.JS","Han Digital Solution","Hyderabad","EXTERNAL","https://www.naukri.com/job-listings-frontend-developer-ui-developer-vue-js-han-digital-solution-hyderabad-9-to-12-years-221125501768","https://www.naukri.com/job-listings-frontend-developer-ui-developer-vue-js-han-digital-solution-hyderabad-9-to-12-years-221125501768","External — apply manually"
"job_1790855846886_ttmxp","1/10/2026, 5:27:26 pm","NAUKRI","UI Designer & Frontend Developer","Flying Stars (FSI)","Hyderabad","EXTERNAL","https://www.naukri.com/job-listings-ui-designer-frontend-developer-flying-stars-informatics-hyderabad-3-to-6-years-220825500344","https://www.naukri.com/job-listings-ui-designer-frontend-developer-flying-stars-informatics-hyderabad-3-to-6-years-220825500344","External — apply manually"
"job_1790855846886_n2ovz","1/10/2026, 5:27:26 pm","NAUKRI","Frontend Developer","Neftx","Hyderabad","EXTERNAL","https://www.naukri.com/job-listings-frontend-developer-neftx-hyderabad-2-to-5-years-190724501353","https://www.naukri.com/job-listings-frontend-developer-neftx-hyderabad-2-to-5-years-190724501353","External — apply manually"
"job_1790855846886_nmlii","1/10/2026, 5:27:26 pm","NAUKRI","Frontend Developer ReactJS","Inspira Technologies","Hyderabad","EXTERNAL","https://www.naukri.com/job-listings-frontend-developer-reactjs-inspira-technologies-private-limited-hyderabad-1-to-2-years-270726500286","https://www.naukri.com/job-listings-frontend-developer-reactjs-inspira-technologies-private-limited-hyderabad-1-to-2-years-270726500286","External — apply manually"
"job_1790855846886_cl092","1/10/2026, 5:27:26 pm","NAUKRI","Junior Frontend Developer","Remote Teams It Solutions","Hyderabad","EXTERNAL","https://www.naukri.com/job-listings-junior-frontend-developer-remote-teams-it-solutions-hyderabad-1-to-7-years-240924502742","https://www.naukri.com/job-listings-junior-frontend-developer-remote-teams-it-solutions-hyderabad-1-to-7-years-240924502742","External — apply manually"
"job_1790855846887_puhlc","1/10/2026, 5:27:26 pm","NAUKRI","Frontend Developer at althi solutions","Nextgen Infotech","Hyderabad","EXTERNAL","https://www.naukri.com/job-listings-frontend-developer-at-althi-solutions-nextgen-infotech-pvt-ltd-hyderabad-2-to-4-years-020425502779","https://www.naukri.com/job-listings-frontend-developer-at-althi-solutions-nextgen-infotech-pvt-ltd-hyderabad-2-to-4-years-020425502779","External — apply manually"
"job_1790855846887_fv2mh","1/10/2026, 5:27:26 pm","NAUKRI","UI Frontend Developer","Advaitha Information Technology Services Private L","Hyderabad","EXTERNAL","https://www.naukri.com/job-listings-ui-frontend-developer-advaitha-information-technology-services-private-limited-hyderabad-5-to-10-years-290626505322","https://www.naukri.com/job-listings-ui-frontend-developer-advaitha-information-technology-services-private-limited-hyderabad-5-to-10-years-290626505322","External — apply manually"
"job_1790855846887_fb0xz","1/10/2026, 5:27:26 pm","NAUKRI","Frontend React Developer","Csrhat","Bengaluru","EXTERNAL","https://www.naukri.com/job-listings-frontend-react-developer-csrhat-bengaluru-0-to-2-years-110926500697","https://www.naukri.com/job-listings-frontend-react-developer-csrhat-bengaluru-0-to-2-years-110926500697","External — apply manually"
"job_1790855846887_24y6a","1/10/2026, 5:27:26 pm","NAUKRI","Frontend Developer","Kuku Fm","Bengaluru","EXTERNAL","https://www.naukri.com/job-listings-frontend-developer-kuku-fm-bengaluru-1-to-2-years-240826503969","https://www.naukri.com/job-listings-frontend-developer-kuku-fm-bengaluru-1-to-2-years-240826503969","External — apply manually"
"job_1790855846887_qirdd","1/10/2026, 5:27:26 pm","NAUKRI","Frontend Developer","Remotestar","Bengaluru","EXTERNAL","https://www.naukri.com/job-listings-frontend-developer-remotestar-bengaluru-2-to-5-years-160726502014","https://www.naukri.com/job-listings-frontend-developer-remotestar-bengaluru-2-to-5-years-160726502014","External — apply manually"
"job_1790855846888_xjjjd","1/10/2026, 5:27:26 pm","NAUKRI","Frontend Developer","Vistas AD Media","Bengaluru","EXTERNAL","https://www.naukri.com/job-listings-frontend-developer-vistas-ad-media-communications-pvt-ltd-bengaluru-3-to-8-years-280623500625","https://www.naukri.com/job-listings-frontend-developer-vistas-ad-media-communications-pvt-ltd-bengaluru-3-to-8-years-280623500625","External — apply manually"
"job_1790855846888_v7gfi","1/10/2026, 5:27:26 pm","NAUKRI","Frontend Developer","Cumulations","Bengaluru","EXTERNAL","https://www.naukri.com/job-listings-frontend-developer-cumulations-technologies-pvt-ltd-bengaluru-0-to-1-years-161025500817","https://www.naukri.com/job-listings-frontend-developer-cumulations-technologies-pvt-ltd-bengaluru-0-to-1-years-161025500817","External — apply manually"
"job_1790855846888_2byrd","1/10/2026, 5:27:26 pm","NAUKRI","Frontend Developer","Intuitive Apps","Bengaluru","EXTERNAL","https://www.naukri.com/job-listings-frontend-developer-intuitive-apps-bengaluru-1-to-4-years-110826505256","https://www.naukri.com/job-listings-frontend-developer-intuitive-apps-bengaluru-1-to-4-years-110826505256","External — apply manually"
"job_1790855846888_ju4zi","1/10/2026, 5:27:26 pm","NAUKRI","Frontend Developer","Estalvis Advisors","Bengaluru","EXTERNAL","https://www.naukri.com/job-listings-frontend-developer-estalvis-advisors-private-limited-bengaluru-2-to-6-years-090626504819","https://www.naukri.com/job-listings-frontend-developer-estalvis-advisors-private-limited-bengaluru-2-to-6-years-090626504819","External — apply manually"
"job_1790855846888_3b1h4","1/10/2026, 5:27:26 pm","NAUKRI","Frontend Developer","Mypcot Infotech","Bengaluru","EXTERNAL","https://www.naukri.com/job-listings-frontend-developer-nissi-agency-llp-bengaluru-7-to-8-years-200825501281","https://www.naukri.com/job-listings-frontend-developer-nissi-agency-llp-bengaluru-7-to-8-years-200825501281","External — apply manually"
"job_1790855846889_ot4e4","1/10/2026, 5:27:26 pm","NAUKRI","Frontend Developer ( Angular / React )","Sixsigma Technosoft","Hyderabad, Mumbai, Bengaluru, Kolkata, New Delhi, Pune, Chennai","EXTERNAL","https://www.naukri.com/job-listings-frontend-developer-angular-react-sixsigma-technosoft-kolkata-mumbai-new-delhi-hyderabad-pune-chennai-bengaluru-1-to-5-years-161224503213","https://www.naukri.com/job-listings-frontend-developer-angular-react-sixsigma-technosoft-kolkata-mumbai-new-delhi-hyderabad-pune-chennai-bengaluru-1-to-5-years-161224503213","External — apply manually"
"job_1790855846889_wh4ee","1/10/2026, 5:27:26 pm","NAUKRI","Frontend developer (Vue)","Peliqan","Bengaluru","EXTERNAL","https://www.naukri.com/job-listings-frontend-developer-vue-peliqan-bengaluru-2-to-5-years-040526501378","https://www.naukri.com/job-listings-frontend-developer-vue-peliqan-bengaluru-2-to-5-years-040526501378","External — apply manually"
"job_1790855846889_d403c","1/10/2026, 5:27:26 pm","NAUKRI","Frontend Developer","Ipassio","Bengaluru","EXTERNAL","https://www.naukri.com/job-listings-frontend-developer-ipassio-e-learning-technologies-private-limited-bengaluru-3-to-4-years-301025504335","https://www.naukri.com/job-listings-frontend-developer-ipassio-e-learning-technologies-private-limited-bengaluru-3-to-4-years-301025504335","External — apply manually"
"job_1790855846889_quod0","1/10/2026, 5:27:26 pm","NAUKRI","Frontend developer","Innovary Technologies","Bengaluru","EXTERNAL","https://www.naukri.com/job-listings-frontend-developer-innovary-technologies-bengaluru-1-to-4-years-140120500046","https://www.naukri.com/job-listings-frontend-developer-innovary-technologies-bengaluru-1-to-4-years-140120500046","External — apply manually"
"job_1790855846889_v7ddb","1/10/2026, 5:27:26 pm","NAUKRI","Frontend Developer","Shyena Solutions","Bengaluru","EXTERNAL","https://www.naukri.com/job-listings-frontend-developer-shyena-solutions-private-limited-bengaluru-2-to-5-years-100925501671","https://www.naukri.com/job-listings-frontend-developer-shyena-solutions-private-limited-bengaluru-2-to-5-years-100925501671","External — apply manually"
"job_1790855846889_21uwu","1/10/2026, 5:27:26 pm","NAUKRI","FrontEnd Developer","IDESLABS","Bengaluru","EXTERNAL","https://www.naukri.com/job-listings-frontend-developer-ideslabs-private-limited-bengaluru-2-to-4-years-071223500863","https://www.naukri.com/job-listings-frontend-developer-ideslabs-private-limited-bengaluru-2-to-4-years-071223500863","External — apply manually"
"job_1790855846889_kkgse","1/10/2026, 5:27:26 pm","NAUKRI","Frontend Developer","Fusioncharts","Bengaluru","EXTERNAL","https://www.naukri.com/job-listings-frontend-developer-fusioncharts-bengaluru-1-to-3-years-011018501020","https://www.naukri.com/job-listings-frontend-developer-fusioncharts-bengaluru-1-to-3-years-011018501020","External — apply manually"
"job_1790855846890_fzykh","1/10/2026, 5:27:26 pm","NAUKRI","Frontend Developer","Nysha Technologies","Bengaluru","EXTERNAL","https://www.naukri.com/job-listings-frontend-developer-nysha-technologies-bengaluru-5-to-10-years-211124507590","https://www.naukri.com/job-listings-frontend-developer-nysha-technologies-bengaluru-5-to-10-years-211124507590","External — apply manually"
"job_1790855846890_z2hon","1/10/2026, 5:27:26 pm","NAUKRI","Frontend Developer","Ours Global","Bengaluru","EXTERNAL","https://www.naukri.com/job-listings-frontend-developer-ours-global-bengaluru-5-to-6-years-150925502157","https://www.naukri.com/job-listings-frontend-developer-ours-global-bengaluru-5-to-6-years-150925502157","External — apply manually"
"job_1790855846890_215ln","1/10/2026, 5:27:26 pm","NAUKRI","Frontend Developer","Adroit Vantage","Bengaluru","EXTERNAL","https://www.naukri.com/job-listings-frontend-developer-lc-adroit-vantage-bengaluru-3-to-10-years-270524500030","https://www.naukri.com/job-listings-frontend-developer-lc-adroit-vantage-bengaluru-3-to-10-years-270524500030","External — apply manually"
"job_1790855846890_tzr9x","1/10/2026, 5:27:26 pm","NAUKRI","Frontend Developer","Mobiotics","Bengaluru","EXTERNAL","https://www.naukri.com/job-listings-frontend-developer-mobiotics-bengaluru-3-to-5-years-090724500984","https://www.naukri.com/job-listings-frontend-developer-mobiotics-bengaluru-3-to-5-years-090724500984","External — apply manually"
"job_1790855846890_yvi08","1/10/2026, 5:27:26 pm","NAUKRI","Frontend Developer","Texau","Bengaluru","EXTERNAL","https://www.naukri.com/job-listings-frontend-developer-texau-bengaluru-5-to-10-years-280526503524","https://www.naukri.com/job-listings-frontend-developer-texau-bengaluru-5-to-10-years-280526503524","External — apply manually"
"job_1790855846890_ec919","1/10/2026, 5:27:26 pm","NAUKRI","Frontend Developer","ARA Softwares","Remote","EXTERNAL","https://www.naukri.com/job-listings-frontend-developer-ara-softwares-remote-2-to-7-years-080926501485","https://www.naukri.com/job-listings-frontend-developer-ara-softwares-remote-2-to-7-years-080926501485","External — apply manually"
"job_1790855846890_5puef","1/10/2026, 5:27:26 pm","NAUKRI","FRONTEND DEVELOPER","Stegpearl","Jaipur","EXTERNAL","https://www.naukri.com/job-listings-frontend-developer-stegpearl-technologies-pvt-ltd-jaipur-1-to-7-years-140926500929","https://www.naukri.com/job-listings-frontend-developer-stegpearl-technologies-pvt-ltd-jaipur-1-to-7-years-140926500929","External — apply manually"
"job_1790855846890_jiq5c","1/10/2026, 5:27:26 pm","NAUKRI","Frontend Developer","Campuspro Technologies","Gurugram","EXTERNAL","https://www.naukri.com/job-listings-frontend-developer-campuspro-technologies-private-limited-gurugram-2-to-5-years-140926500489","https://www.naukri.com/job-listings-frontend-developer-campuspro-technologies-private-limited-gurugram-2-to-5-years-140926500489","External — apply manually"
"job_1790855846891_94day","1/10/2026, 5:27:26 pm","NAUKRI","Frontend Developer","Primine Software","Nagpur","EXTERNAL","https://www.naukri.com/job-listings-frontend-developer-primine-software-private-limited-nagpur-2-to-7-years-090926502433","https://www.naukri.com/job-listings-frontend-developer-primine-software-private-limited-nagpur-2-to-7-years-090926502433","External — apply manually"
"job_1790855846891_8iqp5","1/10/2026, 5:27:26 pm","NAUKRI","Frontend Developer","Manifest Infotech","Indore","EXTERNAL","https://www.naukri.com/job-listings-frontend-developer-manifest-infotech-indore-2-to-6-years-090926500319","https://www.naukri.com/job-listings-frontend-developer-manifest-infotech-indore-2-to-6-years-090926500319","External — apply manually"
"job_1790855846891_3cmp7","1/10/2026, 5:27:26 pm","NAUKRI","Frontend Developer","FT Nexavvy Next-gen Digital. Savvy Results.","Ahmedabad","EXTERNAL","https://www.naukri.com/job-listings-frontend-developer-ft-nexavvy-private-limited-ahmedabad-1-to-5-years-080926502224","https://www.naukri.com/job-listings-frontend-developer-ft-nexavvy-private-limited-ahmedabad-1-to-5-years-080926502224","External — apply manually"
"job_1790855846891_2fqm3","1/10/2026, 5:27:26 pm","NAUKRI","FrontEnd Developer","Levels N Curves Creative Studios","Chennai","EXTERNAL","https://www.naukri.com/job-listings-frontend-developer-levels-n-curves-creative-studios-chennai-1-to-6-years-100926500999","https://www.naukri.com/job-listings-frontend-developer-levels-n-curves-creative-studios-chennai-1-to-6-years-100926500999","External — apply manually"
"job_1790855846891_ns57z","1/10/2026, 5:27:26 pm","NAUKRI","Frontend Developer","Techcarrot Fz-llc","Noida","EXTERNAL","https://www.naukri.com/job-listings-frontend-developer-techcarrot-fz-llc-noida-2-to-5-years-110926500320","https://www.naukri.com/job-listings-frontend-developer-techcarrot-fz-llc-noida-2-to-5-years-110926500320","External — apply manually"
"job_1790855846891_vsitu","1/10/2026, 5:27:26 pm","NAUKRI","Frontend Developer","Techcarrot Fz-llc","Chennai","EXTERNAL","https://www.naukri.com/job-listings-frontend-developer-techcarrot-fz-llc-chennai-2-to-5-years-100926503597","https://www.naukri.com/job-listings-frontend-developer-techcarrot-fz-llc-chennai-2-to-5-years-100926503597","External — apply manually"
"job_1790855846891_17sf2","1/10/2026, 5:27:26 pm","NAUKRI","Junior Frontend Developer","Codilar","Kozhikode","EXTERNAL","https://www.naukri.com/job-listings-junior-frontend-developer-codilar-technologies-pvt-ltd-kozhikode-0-to-2-years-090926502378","https://www.naukri.com/job-listings-junior-frontend-developer-codilar-technologies-pvt-ltd-kozhikode-0-to-2-years-090926502378","External — apply manually"
"job_1790855846891_k8e2z","1/10/2026, 5:27:26 pm","NAUKRI","React . JS Developer","Arsr Technologies","Hyderabad, Mumbai, Kolkata, New Delhi, Pune, Chennai, Bengaluru","EXTERNAL","https://www.naukri.com/job-listings-react-js-developer-arsr-technologies-kolkata-mumbai-new-delhi-hyderabad-pune-chennai-bengaluru-1-to-4-years-301020500935","https://www.naukri.com/job-listings-react-js-developer-arsr-technologies-kolkata-mumbai-new-delhi-hyderabad-pune-chennai-bengaluru-1-to-4-years-301020500935","External — apply manually"
"job_1790855846891_0vyk0","1/10/2026, 5:27:26 pm","NAUKRI","React js developer","Han Digital Solution","Hyderabad, Warangal, Nizamabad","EXTERNAL","https://www.naukri.com/job-listings-react-js-developer-han-digital-solution-warangal-hyderabad-nizamabad-3-to-8-years-221125501657","https://www.naukri.com/job-listings-react-js-developer-han-digital-solution-warangal-hyderabad-nizamabad-3-to-8-years-221125501657","External — apply manually"
"job_1790855846892_tfxml","1/10/2026, 5:27:26 pm","NAUKRI","React JS Developer","Virtualware Innovations","Hyderabad","EXTERNAL","https://www.naukri.com/job-listings-react-js-developer-virtualware-innovations-hyderabad-2-to-5-years-030926504945","https://www.naukri.com/job-listings-react-js-developer-virtualware-innovations-hyderabad-2-to-5-years-030926504945","External — apply manually"
"job_1790855846892_70zjs","1/10/2026, 5:27:26 pm","NAUKRI","UI Front React JS Developer","PSRTEK","Hyderabad","EXTERNAL","https://www.naukri.com/job-listings-ui-front-react-js-developer-psr-tek-hyderabad-2-to-5-years-170726502403","https://www.naukri.com/job-listings-ui-front-react-js-developer-psr-tek-hyderabad-2-to-5-years-170726502403","External — apply manually"
"job_1790855846892_k55gg","1/10/2026, 5:27:26 pm","NAUKRI","React JS Developer","Swipelinc","Hyderabad","EXTERNAL","https://www.naukri.com/job-listings-react-js-developer-swipelinc-hyderabad-2-to-5-years-210526506826","https://www.naukri.com/job-listings-react-js-developer-swipelinc-hyderabad-2-to-5-years-210526506826","External — apply manually"
"job_1790855846892_n1k4t","1/10/2026, 5:27:26 pm","NAUKRI","React JS Developer","Quarks Technosoft","Hyderabad","EXTERNAL","https://www.naukri.com/job-listings-react-js-developer-quarks-hyderabad-3-to-5-years-170826502429","https://www.naukri.com/job-listings-react-js-developer-quarks-hyderabad-3-to-5-years-170826502429","External — apply manually"
"job_1790855846892_4zhar","1/10/2026, 5:27:26 pm","NAUKRI","Software Developer - Intern (React Js Developer)","Castus Info Solutions","Hyderabad","EXTERNAL","https://www.naukri.com/job-listings-software-developer-intern-react-js-developer-castusinfosolutions-pvt-ltd-hyderabad-0-to-1-years-301025505911","https://www.naukri.com/job-listings-software-developer-intern-react-js-developer-castusinfosolutions-pvt-ltd-hyderabad-0-to-1-years-301025505911","External — apply manually"
"job_1790855846892_shyex","1/10/2026, 5:27:26 pm","NAUKRI","React JS Developer","B4b It Solutions","Hyderabad","EXTERNAL","https://www.naukri.com/job-listings-react-js-developer-b4b-it-solutions-pvt-ltd-hyderabad-2-to-4-years-290224501904","https://www.naukri.com/job-listings-react-js-developer-b4b-it-solutions-pvt-ltd-hyderabad-2-to-4-years-290224501904","External — apply manually"
"job_1790855846892_dzwe9","1/10/2026, 5:27:26 pm","NAUKRI","React JS Developer","Salesquared Consulting","Hyderabad","EXTERNAL","https://www.naukri.com/job-listings-react-js-developer-sales-squad-hyderabad-0-to-1-years-280524501277","https://www.naukri.com/job-listings-react-js-developer-sales-squad-hyderabad-0-to-1-years-280524501277","External — apply manually"
"job_1790855846892_g4nbp","1/10/2026, 5:27:26 pm","NAUKRI","React.js developer","Tech Firefly","Hyderabad","EXTERNAL","https://www.naukri.com/job-listings-react-js-developer-tech-firefly-hyderabad-3-to-5-years-140820500658","https://www.naukri.com/job-listings-react-js-developer-tech-firefly-hyderabad-3-to-5-years-140820500658","External — apply manually"
"job_1790855846892_xwx78","1/10/2026, 5:27:26 pm","NAUKRI","React JS Developer","SoulPage IT","Hyderabad","EXTERNAL","https://www.naukri.com/job-listings-react-js-developer-soulpage-it-solutions-hyderabad-2-to-4-years-130625501340","https://www.naukri.com/job-listings-react-js-developer-soulpage-it-solutions-hyderabad-2-to-4-years-130625501340","External — apply manually"
"job_1790855846893_jhrpl","1/10/2026, 5:27:26 pm","NAUKRI","React JS Developer","3kits","Hyderabad","EXTERNAL","https://www.naukri.com/job-listings-react-js-developer-3kits-hyderabad-3-to-8-years-110925500994","https://www.naukri.com/job-listings-react-js-developer-3kits-hyderabad-3-to-8-years-110925500994","External — apply manually"
"job_1790855846893_dnr7f","1/10/2026, 5:27:26 pm","NAUKRI","React JS Developer","TAO Digital","Hyderabad","EXTERNAL","https://www.naukri.com/job-listings-react-js-developer-tao-digital-india-private-limited-hyderabad-2-to-5-years-070225508081","https://www.naukri.com/job-listings-react-js-developer-tao-digital-india-private-limited-hyderabad-2-to-5-years-070225508081","External — apply manually"
"job_1790855846893_3d8cs","1/10/2026, 5:27:26 pm","NAUKRI","React Js Developer","Digitalraiz","Hyderabad","EXTERNAL","https://www.naukri.com/job-listings-react-js-developer-digitalraiz-creative-solutions-pvt-ltd-hyderabad-1-to-4-years-070225508010","https://www.naukri.com/job-listings-react-js-developer-digitalraiz-creative-solutions-pvt-ltd-hyderabad-1-to-4-years-070225508010","External — apply manually"
"job_1790855846893_12mgq","1/10/2026, 5:27:26 pm","NAUKRI","Senior Front End React.JS Developer","Execideas","Hyderabad","EXTERNAL","https://www.naukri.com/job-listings-senior-front-end-react-js-developer-execideas-hyderabad-2-to-7-years-020821500797","https://www.naukri.com/job-listings-senior-front-end-react-js-developer-execideas-hyderabad-2-to-7-years-020821500797","External — apply manually"
"job_1790855846893_swerk","1/10/2026, 5:27:26 pm","NAUKRI","React.js Developer","iPrism Technologies","Hyderabad","EXTERNAL","https://www.naukri.com/job-listings-react-js-developer-iprism-technologies-hyderabad-2-to-4-years-120826503888","https://www.naukri.com/job-listings-react-js-developer-iprism-technologies-hyderabad-2-to-4-years-120826503888","External — apply manually"
"job_1790855846894_aorr4","1/10/2026, 5:27:26 pm","NAUKRI","REACT JS DEVELOPERS","Laddu Systems","Hyderabad","EXTERNAL","https://www.naukri.com/job-listings-react-js-developers-laddu-systems-pvt-ltd-hyderabad-2-to-8-years-121124505435","https://www.naukri.com/job-listings-react-js-developers-laddu-systems-pvt-ltd-hyderabad-2-to-8-years-121124505435","External — apply manually"
"job_1790855846894_06dem","1/10/2026, 5:27:26 pm","NAUKRI","React . js Developer","iPrism Technologies","Hyderabad","EXTERNAL","https://www.naukri.com/job-listings-react-js-developer-iprism-technologies-hyderabad-2-to-7-years-030225501274","https://www.naukri.com/job-listings-react-js-developer-iprism-technologies-hyderabad-2-to-7-years-030225501274","External — apply manually"
"job_1790855846894_96drx","1/10/2026, 5:27:26 pm","NAUKRI","React JS Developer","Robestek Solutions","Hyderabad, Mumbai, Kolkata, New Delhi, Pune, Chennai, Bengaluru","EXTERNAL","https://www.naukri.com/job-listings-react-js-developer-robestek-solutions-private-limited-kolkata-mumbai-new-delhi-hyderabad-pune-chennai-bengaluru-6-to-11-years-260224503054","https://www.naukri.com/job-listings-react-js-developer-robestek-solutions-private-limited-kolkata-mumbai-new-delhi-hyderabad-pune-chennai-bengaluru-6-to-11-years-260224503054","External — apply manually"
"job_1790855846894_8ano1","1/10/2026, 5:27:26 pm","NAUKRI","React Developer","Idea Infinity It Solutions","Bengaluru","EXTERNAL","https://www.naukri.com/job-listings-react-developer-ideas-infinity-bengaluru-2-to-6-years-140926501064","https://www.naukri.com/job-listings-react-developer-ideas-infinity-bengaluru-2-to-6-years-140926501064","External — apply manually"
"job_1790855846894_azuj9","1/10/2026, 5:27:26 pm","NAUKRI","React Developer","TCP Corporate Solution","Bengaluru","EXTERNAL","https://www.naukri.com/job-listings-react-developer-tcp-corps-outsourcing-llc-bengaluru-2-to-6-years-100826504087","https://www.naukri.com/job-listings-react-developer-tcp-corps-outsourcing-llc-bengaluru-2-to-6-years-100826504087","External — apply manually"
"job_1790855846894_emzfj","1/10/2026, 5:27:26 pm","NAUKRI","Senior React Developer","BCE Global Technology Centre","Bengaluru","EXTERNAL","https://www.naukri.com/job-listings-senior-react-developer-bce-global-technology-centre-private-limited-bengaluru-3-to-5-years-240726506304","https://www.naukri.com/job-listings-senior-react-developer-bce-global-technology-centre-private-limited-bengaluru-3-to-5-years-240726506304","External — apply manually"
"job_1790855846895_1jj17","1/10/2026, 5:27:26 pm","NAUKRI","React Developer","ModeFinServer","Bengaluru","EXTERNAL","https://www.naukri.com/job-listings-react-developer-modefinserver-private-limited-bengaluru-3-to-6-years-181225501218","https://www.naukri.com/job-listings-react-developer-modefinserver-private-limited-bengaluru-3-to-6-years-181225501218","External — apply manually"
"job_1790855846895_5n89i","1/10/2026, 5:27:26 pm","NAUKRI","React Developer","Bigwelt Infotech","Bengaluru","EXTERNAL","https://www.naukri.com/job-listings-react-developer-bigwelt-infotech-pvt-ltd-bengaluru-1-to-2-years-170925501782","https://www.naukri.com/job-listings-react-developer-bigwelt-infotech-pvt-ltd-bengaluru-1-to-2-years-170925501782","External — apply manually"
"job_1790855846895_1h10y","1/10/2026, 5:27:26 pm","NAUKRI","React Developer","Bicsom Technologies","Bengaluru","EXTERNAL","https://www.naukri.com/job-listings-react-developer-bicsom-technologies-pvt-ltd-bengaluru-2-to-3-years-131025500250","https://www.naukri.com/job-listings-react-developer-bicsom-technologies-pvt-ltd-bengaluru-2-to-3-years-131025500250","External — apply manually"
"job_1790855846895_bbd65","1/10/2026, 5:27:26 pm","NAUKRI","React Developer","Gether","Bengaluru","EXTERNAL","https://www.naukri.com/job-listings-react-developer-gether-bengaluru-2-to-7-years-011225502483","https://www.naukri.com/job-listings-react-developer-gether-bengaluru-2-to-7-years-011225502483","External — apply manually"
"job_1790855846895_45s1l","1/10/2026, 5:27:26 pm","NAUKRI","React Developer","Leadstocompany","Bengaluru","EXTERNAL","https://www.naukri.com/job-listings-react-developer-leads-to-company-bengaluru-2-to-6-years-130826502841","https://www.naukri.com/job-listings-react-developer-leads-to-company-bengaluru-2-to-6-years-130826502841","External — apply manually"
"job_1790855846896_mr6o7","1/10/2026, 5:27:26 pm","NAUKRI","React Developers","Alamance It Solutions","Bengaluru","EXTERNAL","https://www.naukri.com/job-listings-react-developers-alamance-it-solutions-llp-bengaluru-0-to-3-years-030822501191","https://www.naukri.com/job-listings-react-developers-alamance-it-solutions-llp-bengaluru-0-to-3-years-030822501191","External — apply manually"
"job_1790855846896_4fvu8","1/10/2026, 5:27:26 pm","NAUKRI","Senior React Developer","Nexon Software Solutions","Bengaluru","EXTERNAL","https://www.naukri.com/job-listings-senior-react-developer-nexon-software-solutions-bengaluru-5-to-10-years-100626505551","https://www.naukri.com/job-listings-senior-react-developer-nexon-software-solutions-bengaluru-5-to-10-years-100626505551","External — apply manually"
"job_1790855846896_t3tsi","1/10/2026, 5:27:26 pm","NAUKRI","React Developer","SAS Research and Development (SAS R&D)","Pune","EXTERNAL","https://www.naukri.com/job-listings-react-developer-sas-research-and-developement-india-pvt-ltd-pune-2-to-4-years-090926501550","https://www.naukri.com/job-listings-react-developer-sas-research-and-developement-india-pvt-ltd-pune-2-to-4-years-090926501550","External — apply manually"
"job_1790855846896_p7g2i","1/10/2026, 5:27:26 pm","NAUKRI","React Developer","Mpiric Web Service","Ahmedabad","EXTERNAL","https://www.naukri.com/job-listings-react-developer-mpiric-software-ahmedabad-2-to-5-years-140926501049","https://www.naukri.com/job-listings-react-developer-mpiric-software-ahmedabad-2-to-5-years-140926501049","External — apply manually"
"job_1790855846897_e05hy","1/10/2026, 5:27:26 pm","NAUKRI","React Developer","RNF Technologies","Noida","EXTERNAL","https://www.naukri.com/job-listings-react-developer-rnf-technologies-pvt-ltd-noida-2-to-3-years-110926501655","https://www.naukri.com/job-listings-react-developer-rnf-technologies-pvt-ltd-noida-2-to-3-years-110926501655","External — apply manually"
"job_1790855846897_suyaj","1/10/2026, 5:27:26 pm","NAUKRI","React Developer","Maestro Technology Services","Coimbatore","EXTERNAL","https://www.naukri.com/job-listings-react-developer-maestro-technology-service-coimbatore-1-to-2-years-140926503639","https://www.naukri.com/job-listings-react-developer-maestro-technology-service-coimbatore-1-to-2-years-140926503639","External — apply manually"
"job_1790855846897_bdeff","1/10/2026, 5:27:26 pm","NAUKRI","React Developer","Avivdigital","Kozhikode","EXTERNAL","https://www.naukri.com/job-listings-react-developer-avivdigital-kozhikode-2-to-5-years-080926502570","https://www.naukri.com/job-listings-react-developer-avivdigital-kozhikode-2-to-5-years-080926502570","External — apply manually"
"job_1790855846897_qz8mb","1/10/2026, 5:27:26 pm","NAUKRI","Custom Software Engineer","Accenture","Navi Mumbai","EXTERNAL","https://www.naukri.com/job-listings-custom-software-engineer-accenture-solutions-pvt-ltd-navi-mumbai-2-to-5-years-140926915317","https://www.naukri.com/job-listings-custom-software-engineer-accenture-solutions-pvt-ltd-navi-mumbai-2-to-5-years-140926915317","External — apply manually"
"job_1790855846898_68lu2","1/10/2026, 5:27:26 pm","NAUKRI","Full-Stack Developer (React + Node.js)","INA Webtech","Remote","EXTERNAL","https://www.naukri.com/job-listings-full-stack-developer-react-node-js-ina-webtech-remote-2-to-4-years-090926504433","https://www.naukri.com/job-listings-full-stack-developer-react-node-js-ina-webtech-remote-2-to-4-years-090926504433","External — apply manually"
"job_1790855846898_ssyqf","1/10/2026, 5:27:26 pm","NAUKRI","Custom Software Engineer","Accenture","Hyderabad","EXTERNAL","https://www.naukri.com/job-listings-custom-software-engineer-accenture-solutions-pvt-ltd-hyderabad-2-to-7-years-100926922465","https://www.naukri.com/job-listings-custom-software-engineer-accenture-solutions-pvt-ltd-hyderabad-2-to-7-years-100926922465","External — apply manually"
"job_1790855846898_29npy","1/10/2026, 5:27:26 pm","NAUKRI","Custom Software Engineer","Accenture","Hyderabad","EXTERNAL","https://www.naukri.com/job-listings-custom-software-engineer-accenture-solutions-pvt-ltd-hyderabad-2-to-5-years-090926922918","https://www.naukri.com/job-listings-custom-software-engineer-accenture-solutions-pvt-ltd-hyderabad-2-to-5-years-090926922918","External — apply manually"
"job_1790855846898_dotii","1/10/2026, 5:27:26 pm","NAUKRI","UI Developer","Flairdeck","Hyderabad","EXTERNAL","https://www.naukri.com/job-listings-ui-developer-flairdeck-hyderabad-2-to-5-years-100926503310","https://www.naukri.com/job-listings-ui-developer-flairdeck-hyderabad-2-to-5-years-100926503310","External — apply manually"
"job_1790855846898_2o804","1/10/2026, 5:27:26 pm","NAUKRI","UI Developer","Plexcel Info Systems","Hyderabad","EXTERNAL","https://www.naukri.com/job-listings-ui-developer-plexcel-info-systems-hyderabad-2-to-8-years-060624502885","https://www.naukri.com/job-listings-ui-developer-plexcel-info-systems-hyderabad-2-to-8-years-060624502885","External — apply manually"
"job_1790855846898_q9p0i","1/10/2026, 5:27:26 pm","NAUKRI","UI Developer - Next.js","ECS ME","Hyderabad","EXTERNAL","https://www.naukri.com/job-listings-ui-developer-next-js-ecs-me-llc-hyderabad-5-to-7-years-270126502124","https://www.naukri.com/job-listings-ui-developer-next-js-ecs-me-llc-hyderabad-5-to-7-years-270126502124","External — apply manually"
"job_1790855846898_wqx03","1/10/2026, 5:27:26 pm","NAUKRI","UI Developer","Squircle IT","Hyderabad","EXTERNAL","https://www.naukri.com/job-listings-ui-developer-squircle-it-consulting-services-pvt-ltd-hyderabad-4-to-7-years-210126501406","https://www.naukri.com/job-listings-ui-developer-squircle-it-consulting-services-pvt-ltd-hyderabad-4-to-7-years-210126501406","External — apply manually"
"job_1790855846899_sf3qm","1/10/2026, 5:27:26 pm","NAUKRI","UI Developer","IDESLABS","Hyderabad","EXTERNAL","https://www.naukri.com/job-listings-ui-developer-ideslabs-private-limited-hyderabad-4-to-6-years-081223501102","https://www.naukri.com/job-listings-ui-developer-ideslabs-private-limited-hyderabad-4-to-6-years-081223501102","External — apply manually"
"job_1790855846899_9x260","1/10/2026, 5:27:26 pm","NAUKRI","Angular4 UI Developer","Loopin It Solutions","Hyderabad","EXTERNAL","https://www.naukri.com/job-listings-angular4-ui-developer-loopin-it-solutions-hyderabad-4-to-5-years-190719502007","https://www.naukri.com/job-listings-angular4-ui-developer-loopin-it-solutions-hyderabad-4-to-5-years-190719502007","External — apply manually"
"job_1790855846899_krr4m","1/10/2026, 5:27:26 pm","NAUKRI","UI Developer","Micro1","Hyderabad, Mumbai, Kolkata, New Delhi, Pune, Chennai, Bengaluru","EXTERNAL","https://www.naukri.com/job-listings-ui-developer-micro1-kolkata-mumbai-new-delhi-hyderabad-pune-chennai-bengaluru-2-to-5-years-310725500864","https://www.naukri.com/job-listings-ui-developer-micro1-kolkata-mumbai-new-delhi-hyderabad-pune-chennai-bengaluru-2-to-5-years-310725500864","External — apply manually"
"job_1790855846899_2mv0t","1/10/2026, 5:27:26 pm","NAUKRI","UI Developer","Micro1","Hyderabad, Mumbai, Kolkata, New Delhi, Pune, Chennai, Bengaluru","EXTERNAL","https://www.naukri.com/job-listings-ui-developer-micro1-kolkata-mumbai-new-delhi-hyderabad-pune-chennai-bengaluru-2-to-5-years-300625500251","https://www.naukri.com/job-listings-ui-developer-micro1-kolkata-mumbai-new-delhi-hyderabad-pune-chennai-bengaluru-2-to-5-years-300625500251","External — apply manually"
"job_1790855846899_d6v9w","1/10/2026, 5:27:26 pm","NAUKRI","UI Developer","Micro1","Hyderabad, Mumbai, Kolkata, New Delhi, Pune, Chennai, Bengaluru","EXTERNAL","https://www.naukri.com/job-listings-ui-developer-micro1-kolkata-mumbai-new-delhi-hyderabad-pune-chennai-bengaluru-2-to-5-years-040825501718","https://www.naukri.com/job-listings-ui-developer-micro1-kolkata-mumbai-new-delhi-hyderabad-pune-chennai-bengaluru-2-to-5-years-040825501718","External — apply manually"
"job_1790855846899_v8n8f","1/10/2026, 5:27:26 pm","NAUKRI","UI Developer","Radancy","Bengaluru","EXTERNAL","https://www.naukri.com/job-listings-ui-developer-radancy-bengaluru-2-to-7-years-100926502673","https://www.naukri.com/job-listings-ui-developer-radancy-bengaluru-2-to-7-years-100926502673","External — apply manually"
"job_1790855846899_anbo9","1/10/2026, 5:27:26 pm","NAUKRI","UI Developer","Squircle IT","Bengaluru","EXTERNAL","https://www.naukri.com/job-listings-ui-developer-squircle-it-consulting-services-pvt-ltd-bengaluru-5-to-9-years-140126503285","https://www.naukri.com/job-listings-ui-developer-squircle-it-consulting-services-pvt-ltd-bengaluru-5-to-9-years-140126503285","External — apply manually"
"job_1790855846899_x3mq5","1/10/2026, 5:27:26 pm","NAUKRI","Ui Developer","Jalattics Technologies","Bengaluru","EXTERNAL","https://www.naukri.com/job-listings-ui-developer-jalattics-technologies-bengaluru-2-to-5-years-310317501835","https://www.naukri.com/job-listings-ui-developer-jalattics-technologies-bengaluru-2-to-5-years-310317501835","External — apply manually"
"job_1790855846899_2c1kd","1/10/2026, 5:27:26 pm","NAUKRI","UI Developer ( Angular / React )","Avohi Infotech","Bengaluru","EXTERNAL","https://www.naukri.com/job-listings-ui-developer-angular-react-avohi-bengaluru-1-to-5-years-250325505035","https://www.naukri.com/job-listings-ui-developer-angular-react-avohi-bengaluru-1-to-5-years-250325505035","External — apply manually"
"job_1790855846900_awjhj","1/10/2026, 5:27:26 pm","NAUKRI","UI Developer","Squircle IT","Bengaluru","EXTERNAL","https://www.naukri.com/job-listings-ui-developer-squircle-it-consulting-services-pvt-ltd-bengaluru-2-to-6-years-150126502893","https://www.naukri.com/job-listings-ui-developer-squircle-it-consulting-services-pvt-ltd-bengaluru-2-to-6-years-150126502893","External — apply manually"
"job_1790855846900_jew05","1/10/2026, 5:27:26 pm","NAUKRI","UI developer","Squircle IT","Bengaluru","EXTERNAL","https://www.naukri.com/job-listings-ui-developer-squircle-it-consulting-services-pvt-ltd-bengaluru-2-to-6-years-140126502346","https://www.naukri.com/job-listings-ui-developer-squircle-it-consulting-services-pvt-ltd-bengaluru-2-to-6-years-140126502346","External — apply manually"
"job_1790855846900_koay1","1/10/2026, 5:27:26 pm","NAUKRI","UTAF - ( UI Developer / API Developer )","Allime Tech Solutions","Bengaluru","EXTERNAL","https://www.naukri.com/job-listings-utaf-ui-developer-api-developer-allime-tech-solutions-bengaluru-2-to-6-years-120826504611","https://www.naukri.com/job-listings-utaf-ui-developer-api-developer-allime-tech-solutions-bengaluru-2-to-6-years-120826504611","External — apply manually"
"job_1790855846900_6e0qv","1/10/2026, 5:27:26 pm","NAUKRI","UI Developer","Gforce Consulting Solutions","Bengaluru","EXTERNAL","https://www.naukri.com/job-listings-ui-developer-gforce-consulting-solutions-bengaluru-2-to-6-years-120523502836","https://www.naukri.com/job-listings-ui-developer-gforce-consulting-solutions-bengaluru-2-to-6-years-120523502836","External — apply manually"
"job_1790855846900_7q1sc","1/10/2026, 5:27:26 pm","NAUKRI","UI Developer","Weinvest","Bengaluru","EXTERNAL","https://www.naukri.com/job-listings-ui-developer-weinvest-bengaluru-2-to-5-years-100826501139","https://www.naukri.com/job-listings-ui-developer-weinvest-bengaluru-2-to-5-years-100826501139","External — apply manually"
"job_1790855846900_bscn5","1/10/2026, 5:27:26 pm","NAUKRI","UI Developer","PH7","Bengaluru","EXTERNAL","https://www.naukri.com/job-listings-ui-developer-ph7-bengaluru-2-to-5-years-280126503299","https://www.naukri.com/job-listings-ui-developer-ph7-bengaluru-2-to-5-years-280126503299","External — apply manually"
"job_1790855846900_1gvmk","1/10/2026, 5:27:26 pm","NAUKRI","UI Developer","Plexcel Info Systems","Bengaluru","EXTERNAL","https://www.naukri.com/job-listings-ui-developer-plexcel-info-systems-bengaluru-2-to-8-years-220526504913","https://www.naukri.com/job-listings-ui-developer-plexcel-info-systems-bengaluru-2-to-8-years-220526504913","External — apply manually"
"job_1790855846901_0gxp8","1/10/2026, 5:27:26 pm","NAUKRI","UI Developer","Acme Services","Bengaluru","EXTERNAL","https://www.naukri.com/job-listings-ui-developer-acme-services-bengaluru-2-to-7-years-210223503769","https://www.naukri.com/job-listings-ui-developer-acme-services-bengaluru-2-to-7-years-210223503769","External — apply manually"
"job_1790855846901_ogibs","1/10/2026, 5:27:26 pm","NAUKRI","UI Developer","Budli Internet Pvt. Ltd.","Bengaluru, Bengaluru","EXTERNAL","https://www.naukri.com/job-listings-ui-developer-budli-internet-pvt-ltd-bengaluru-bengaluru-4-to-9-years-250915500682","https://www.naukri.com/job-listings-ui-developer-budli-internet-pvt-ltd-bengaluru-bengaluru-4-to-9-years-250915500682","External — apply manually"
"job_1790855846901_ei9iy","1/10/2026, 5:27:26 pm","NAUKRI","Associate Principal Engineer, Frontend React","Nagarro","Bengaluru","EXTERNAL","https://www.naukri.com/job-listings-associate-principal-engineer-frontend-react-nagarro-software-pvt-ltd-bengaluru-0-to-3-years-291025503104","https://www.naukri.com/job-listings-associate-principal-engineer-frontend-react-nagarro-software-pvt-ltd-bengaluru-0-to-3-years-291025503104","External — apply manually"
"job_1790855846901_bvu7p","1/10/2026, 5:27:26 pm","NAUKRI","Front End Engineer","IBU Consulting","Bengaluru","EXTERNAL","https://www.naukri.com/job-listings-front-end-engineer-ibu-consulting-bengaluru-3-to-6-years-100726508803","https://www.naukri.com/job-listings-front-end-engineer-ibu-consulting-bengaluru-3-to-6-years-100726508803","External — apply manually"
"job_1790855846901_c64op","1/10/2026, 5:27:26 pm","NAUKRI","Engineer, Frontend React","Nagarro","Bengaluru","EXTERNAL","https://www.naukri.com/job-listings-engineer-frontend-react-nagarro-software-pvt-ltd-bengaluru-2-to-7-years-291025501402","https://www.naukri.com/job-listings-engineer-frontend-react-nagarro-software-pvt-ltd-bengaluru-2-to-7-years-291025501402","External — apply manually"
"job_1790855846901_7r2iy","1/10/2026, 5:27:26 pm","NAUKRI","Backend Node.js Developer","Csrhat","Hyderabad","EXTERNAL","https://www.naukri.com/job-listings-backend-node-js-developer-csrhat-hyderabad-2-to-4-years-110926500844","https://www.naukri.com/job-listings-backend-node-js-developer-csrhat-hyderabad-2-to-4-years-110926500844","External — apply manually"
"job_1790855846902_uyc80","1/10/2026, 5:27:26 pm","NAUKRI","Backend Developer","Mocktheta","Hyderabad","EXTERNAL","https://www.naukri.com/job-listings-backend-developer-mocktheta-hyderabad-2-to-3-years-230821501056","https://www.naukri.com/job-listings-backend-developer-mocktheta-hyderabad-2-to-3-years-230821501056","External — apply manually"
"job_1790855846902_e6whp","1/10/2026, 5:27:26 pm","NAUKRI","Backend Developer","Acme Services","Hyderabad","EXTERNAL","https://www.naukri.com/job-listings-backend-developer-acme-services-hyderabad-1-to-4-years-210223503692","https://www.naukri.com/job-listings-backend-developer-acme-services-hyderabad-1-to-4-years-210223503692","External — apply manually"
"job_1790855846902_eyw52","1/10/2026, 5:27:26 pm","NAUKRI","Backend Developer","Xmachines","Hyderabad","EXTERNAL","https://www.naukri.com/job-listings-backend-developer-xmachines-hyderabad-1-to-2-years-190624501590","https://www.naukri.com/job-listings-backend-developer-xmachines-hyderabad-1-to-2-years-190624501590","External — apply manually"
"job_1790855846902_q0thp","1/10/2026, 5:27:26 pm","NAUKRI","Backend Developer","Kautech Consulting","Hyderabad","EXTERNAL","https://www.naukri.com/job-listings-backend-developer-kautech-consulting-hyderabad-1-to-3-years-110923501244","https://www.naukri.com/job-listings-backend-developer-kautech-consulting-hyderabad-1-to-3-years-110923501244","External — apply manually"
"job_1790855846902_7veif","1/10/2026, 5:27:26 pm","NAUKRI","Backend Developer","Cyrrup","Hyderabad","EXTERNAL","https://www.naukri.com/job-listings-backend-developer-cyrrup-solution-hyderabad-1-to-6-years-100323502200","https://www.naukri.com/job-listings-backend-developer-cyrrup-solution-hyderabad-1-to-6-years-100323502200","External — apply manually"
"job_1790855846903_y6t6e","1/10/2026, 5:27:26 pm","NAUKRI","Backend Developer","Idea Elan","Hyderabad, Mumbai, Kolkata, New Delhi, Pune, Chennai, Bengaluru","EXTERNAL","https://www.naukri.com/job-listings-backend-developer-idea-elan-kolkata-mumbai-new-delhi-hyderabad-pune-chennai-bengaluru-4-to-6-years-110425503152","https://www.naukri.com/job-listings-backend-developer-idea-elan-kolkata-mumbai-new-delhi-hyderabad-pune-chennai-bengaluru-4-to-6-years-110425503152","External — apply manually"
"job_1790855846903_5axf2","1/10/2026, 5:27:26 pm","NAUKRI","Software Engineer (Backend Developer)","Humanetics Innovative","Hyderabad, Mumbai, Kolkata, New Delhi, Pune, Chennai, Bengaluru","EXTERNAL","https://www.naukri.com/job-listings-software-engineer-backend-developer-humanetics-kolkata-mumbai-new-delhi-hyderabad-pune-chennai-bengaluru-1-to-3-years-170124502018","https://www.naukri.com/job-listings-software-engineer-backend-developer-humanetics-kolkata-mumbai-new-delhi-hyderabad-pune-chennai-bengaluru-1-to-3-years-170124502018","External — apply manually"
"job_1790855846903_rdvww","1/10/2026, 5:27:26 pm","NAUKRI","Backend Developer - Node.js","Santa Browser","Hyderabad","EXTERNAL","https://www.naukri.com/job-listings-backend-developer-node-js-santa-browser-hyderabad-3-to-5-years-080926500996","https://www.naukri.com/job-listings-backend-developer-node-js-santa-browser-hyderabad-3-to-5-years-080926500996","External — apply manually"
"job_1790855846903_48bz9","1/10/2026, 5:27:26 pm","NAUKRI","Backend Developer (Node.js + Typescript)","Yotta Techports","Hyderabad","EXTERNAL","https://www.naukri.com/job-listings-backend-developer-node-js-typescript-yotta-techports-pvt-ltd-hyderabad-3-to-8-years-020626502646","https://www.naukri.com/job-listings-backend-developer-node-js-typescript-yotta-techports-pvt-ltd-hyderabad-3-to-8-years-020626502646","External — apply manually"
"job_1790855846904_kk00q","1/10/2026, 5:27:26 pm","NAUKRI","AEM Developer Backend Developer (Apple)","Krazy Mantra It","Hyderabad, Mumbai, Bhubaneswar, Pune, Chennai, Bengaluru","EXTERNAL","https://www.naukri.com/job-listings-aem-developer-backend-developer-apple-krazy-mantra-group-of-companies-bhubaneswar-mumbai-hyderabad-pune-chennai-bengaluru-2-to-7-years-230925502003","https://www.naukri.com/job-listings-aem-developer-backend-developer-apple-krazy-mantra-group-of-companies-bhubaneswar-mumbai-hyderabad-pune-chennai-bengaluru-2-to-7-years-230925502003","External — apply manually"
"job_1790855846904_ua10z","1/10/2026, 5:27:26 pm","NAUKRI","Backend Developer","Navatech Group","Bengaluru","EXTERNAL","https://www.naukri.com/job-listings-backend-developer-navatech-group-bengaluru-2-to-3-years-140926503674","https://www.naukri.com/job-listings-backend-developer-navatech-group-bengaluru-2-to-3-years-140926503674","External — apply manually"
"job_1790855846904_54g3o","1/10/2026, 5:27:26 pm","NAUKRI","BTP + CAPM (Backend Developer)","IBU Consulting","Bengaluru","EXTERNAL","https://www.naukri.com/job-listings-btp-capm-backend-developer-ibu-consulting-bengaluru-1-to-4-years-090926502554","https://www.naukri.com/job-listings-btp-capm-backend-developer-ibu-consulting-bengaluru-1-to-4-years-090926502554","External — apply manually"
"job_1790855846904_9g7at","1/10/2026, 5:27:26 pm","NAUKRI","Backend Developer","Quoqo","Bengaluru","EXTERNAL","https://www.naukri.com/job-listings-backend-developer-quoqo-technologies-p-bengaluru-3-to-8-years-170826502607","https://www.naukri.com/job-listings-backend-developer-quoqo-technologies-p-bengaluru-3-to-8-years-170826502607","External — apply manually"
"job_1790855846905_yprgb","1/10/2026, 5:27:26 pm","NAUKRI","Backend Developer","Openstream.ai","Bengaluru","EXTERNAL","https://www.naukri.com/job-listings-backend-developer-openstream-bengaluru-7-to-12-years-010926505960","https://www.naukri.com/job-listings-backend-developer-openstream-bengaluru-7-to-12-years-010926505960","External — apply manually"
"job_1790855846905_w92q8","1/10/2026, 5:27:26 pm","NAUKRI","Backend Developer AI","eka.care","Bengaluru","EXTERNAL","https://www.naukri.com/job-listings-backend-developer-ai-eka-care-bengaluru-2-to-4-years-280426501498","https://www.naukri.com/job-listings-backend-developer-ai-eka-care-bengaluru-2-to-4-years-280426501498","External — apply manually"
"job_1790855846905_5cwm0","1/10/2026, 5:27:26 pm","NAUKRI","Backend developer","Oobi","Bengaluru","EXTERNAL","https://www.naukri.com/job-listings-backend-developer-oobi-bengaluru-3-to-7-years-220818500276","https://www.naukri.com/job-listings-backend-developer-oobi-bengaluru-3-to-7-years-220818500276","External — apply manually"
"job_1790855846905_nwmw3","1/10/2026, 5:27:26 pm","NAUKRI","Backend Developer","Talent Anywhere","Bengaluru","EXTERNAL","https://www.naukri.com/job-listings-backend-developer-talent-anywhere-bengaluru-1-to-4-years-181121500855","https://www.naukri.com/job-listings-backend-developer-talent-anywhere-bengaluru-1-to-4-years-181121500855","External — apply manually"
"job_1790855846905_3jp9s","1/10/2026, 5:27:26 pm","NAUKRI","Backend Developer FastAPI","Scimplify","Bengaluru","EXTERNAL","https://www.naukri.com/job-listings-backend-developer-fastapi-scimplify-bengaluru-3-to-8-years-180825503016","https://www.naukri.com/job-listings-backend-developer-fastapi-scimplify-bengaluru-3-to-8-years-180825503016","External — apply manually"
"job_1790855846905_7txwf","1/10/2026, 5:27:26 pm","NAUKRI","backend developer","Routematic","Bengaluru","EXTERNAL","https://www.naukri.com/job-listings-backend-developer-routematic-bengaluru-0-to-3-years-121125500441","https://www.naukri.com/job-listings-backend-developer-routematic-bengaluru-0-to-3-years-121125500441","External — apply manually"
"job_1790855846906_ldtcs","1/10/2026, 5:27:26 pm","NAUKRI","Backend Developer","Kuku Fm","Bengaluru","EXTERNAL","https://www.naukri.com/job-listings-backend-developer-kuku-fm-bengaluru-1-to-2-years-210826502092","https://www.naukri.com/job-listings-backend-developer-kuku-fm-bengaluru-1-to-2-years-210826502092","External — apply manually"
"job_1790855846906_alppx","1/10/2026, 5:27:26 pm","NAUKRI","Backend Developer","Wolftain Agency","Bengaluru","EXTERNAL","https://www.naukri.com/job-listings-backend-developer-wolftain-agency-bengaluru-2-to-3-years-250121501224","https://www.naukri.com/job-listings-backend-developer-wolftain-agency-bengaluru-2-to-3-years-250121501224","External — apply manually"
"job_1790855846906_u1vs0","1/10/2026, 5:27:26 pm","NAUKRI","Offshore Backend Developer","Redolent","Bengaluru","EXTERNAL","https://www.naukri.com/job-listings-offshore-backend-developer-redolent-inc-bengaluru-2-to-6-years-220726501199","https://www.naukri.com/job-listings-offshore-backend-developer-redolent-inc-bengaluru-2-to-6-years-220726501199","External — apply manually"
"job_1790855846906_ugl35","1/10/2026, 5:27:26 pm","NAUKRI","Backend Developer","Nysha Technologies","Bengaluru","EXTERNAL","https://www.naukri.com/job-listings-backend-developer-nysha-technologies-bengaluru-2-to-7-years-211124507588","https://www.naukri.com/job-listings-backend-developer-nysha-technologies-bengaluru-2-to-7-years-211124507588","External — apply manually"
"job_1790855846906_biu1n","1/10/2026, 5:27:26 pm","NAUKRI","Backend Developer","Rits Consulting & Technologies","Bengaluru","EXTERNAL","https://www.naukri.com/job-listings-backend-developer-rits-consulting-technologies-private-limited-bengaluru-3-to-4-years-081025500037","https://www.naukri.com/job-listings-backend-developer-rits-consulting-technologies-private-limited-bengaluru-3-to-4-years-081025500037","External — apply manually"
"job_1790855846906_gj1ak","1/10/2026, 5:27:26 pm","NAUKRI","BackEnd Developer","IDESLABS","Bengaluru","EXTERNAL","https://www.naukri.com/job-listings-backend-developer-ideslabs-private-limited-bengaluru-3-to-7-years-061223502046","https://www.naukri.com/job-listings-backend-developer-ideslabs-private-limited-bengaluru-3-to-7-years-061223502046","External — apply manually"
"job_1790855846907_8ms0a","1/10/2026, 5:27:26 pm","NAUKRI","Backend Developer","Fittbot","Bengaluru","EXTERNAL","https://www.naukri.com/job-listings-backend-developer-fymbleapp-bengaluru-3-to-8-years-050826502421","https://www.naukri.com/job-listings-backend-developer-fymbleapp-bengaluru-3-to-8-years-050826502421","External — apply manually"
"job_1790855846907_ym79k","1/10/2026, 5:27:26 pm","NAUKRI","Backend Developer","Halliburton","Bengaluru","EXTERNAL","https://www.naukri.com/job-listings-backend-developer-halliburton-bengaluru-4-to-9-years-180626500045","https://www.naukri.com/job-listings-backend-developer-halliburton-bengaluru-4-to-9-years-180626500045","External — apply manually"
"job_1790855846907_g7700","1/10/2026, 5:27:26 pm","NAUKRI","Backend Developers","Acme Services","Bengaluru","EXTERNAL","https://www.naukri.com/job-listings-backend-developers-acme-services-bengaluru-1-to-5-years-210223503111","https://www.naukri.com/job-listings-backend-developers-acme-services-bengaluru-1-to-5-years-210223503111","External — apply manually"
"job_1790855846907_a8o1g","1/10/2026, 5:27:26 pm","NAUKRI","Backend Developer","Healthflex","Bengaluru","EXTERNAL","https://www.naukri.com/job-listings-backend-developer-healthflex-bengaluru-8-to-13-years-300425506849","https://www.naukri.com/job-listings-backend-developer-healthflex-bengaluru-8-to-13-years-300425506849","External — apply manually"
"job_1790855846907_vevtt","1/10/2026, 5:27:26 pm","NAUKRI","BackEnd Developer","Levels N Curves Creative Studios","Chennai","EXTERNAL","https://www.naukri.com/job-listings-backend-developer-levels-n-curves-creative-studios-chennai-1-to-5-years-100926500996","https://www.naukri.com/job-listings-backend-developer-levels-n-curves-creative-studios-chennai-1-to-5-years-100926500996","External — apply manually"
"job_1790855846907_y0hvk","1/10/2026, 5:27:26 pm","NAUKRI","Backend Developer","Manifest Infotech","Indore","EXTERNAL","https://www.naukri.com/job-listings-backend-developer-manifest-infotech-indore-1-to-5-years-090926502591","https://www.naukri.com/job-listings-backend-developer-manifest-infotech-indore-1-to-5-years-090926502591","External — apply manually"
"job_1790855846908_6ki6l","1/10/2026, 5:27:26 pm","NAUKRI","Backend Developer","Creuto","Bhubaneswar","EXTERNAL","https://www.naukri.com/job-listings-backend-developer-creuto-cloud-private-limited-bhubaneswar-2-to-5-years-080926505734","https://www.naukri.com/job-listings-backend-developer-creuto-cloud-private-limited-bhubaneswar-2-to-5-years-080926505734","External — apply manually"
"job_1790855846908_eo41r","1/10/2026, 5:27:26 pm","NAUKRI","Backend Developer","FT Nexavvy Next-gen Digital. Savvy Results.","Ahmedabad","EXTERNAL","https://www.naukri.com/job-listings-backend-developer-ft-nexavvy-private-limited-ahmedabad-0-to-4-years-080926502222","https://www.naukri.com/job-listings-backend-developer-ft-nexavvy-private-limited-ahmedabad-0-to-4-years-080926502222","External — apply manually"
"job_1790855846908_2k7ig","1/10/2026, 5:27:26 pm","NAUKRI","BACKEND DEVELOPER","Stegpearl","Jaipur","EXTERNAL","https://www.naukri.com/job-listings-backend-developer-stegpearl-technologies-pvt-ltd-jaipur-0-to-2-years-140926500937","https://www.naukri.com/job-listings-backend-developer-stegpearl-technologies-pvt-ltd-jaipur-0-to-2-years-140926500937","External — apply manually"
"job_1790855846908_ck829","1/10/2026, 5:27:26 pm","NAUKRI","Web Backend Developer","Mindnotix","Remote","EXTERNAL","https://www.naukri.com/job-listings-web-backend-developer-mindnotix-remote-2-to-7-years-080926505752","https://www.naukri.com/job-listings-web-backend-developer-mindnotix-remote-2-to-7-years-080926505752","External — apply manually"
"job_1790855846908_t4aj8","1/10/2026, 5:27:26 pm","NAUKRI","Nodejs Backend Developer","Flairdeck","Gurugram","EXTERNAL","https://www.naukri.com/job-listings-nodejs-backend-developer-flairdeck-gurugram-1-to-4-years-100926502577","https://www.naukri.com/job-listings-nodejs-backend-developer-flairdeck-gurugram-1-to-4-years-100926502577","External — apply manually"
"job_1790855846909_s0su9","1/10/2026, 5:27:26 pm","NAUKRI","Backend Developer","Termgrid","Remote","EXTERNAL","https://www.naukri.com/job-listings-backend-developer-termgrid-remote-2-to-5-years-280526500399","https://www.naukri.com/job-listings-backend-developer-termgrid-remote-2-to-5-years-280526500399","External — apply manually"
"job_1790855846909_y3vq8","1/10/2026, 5:27:26 pm","NAUKRI","Backend Developer","Zorba Ai","Remote","EXTERNAL","https://www.naukri.com/job-listings-backend-developer-zorba-ai-remote-3-to-6-years-050826502381","https://www.naukri.com/job-listings-backend-developer-zorba-ai-remote-3-to-6-years-050826502381","External — apply manually"
"job_1790855846909_63g1s","1/10/2026, 5:27:26 pm","NAUKRI","Backend Developer","The Fast Way","Navi Mumbai","EXTERNAL","https://www.naukri.com/job-listings-backend-developer-the-fast-way-navi-mumbai-0-to-2-years-301225505178","https://www.naukri.com/job-listings-backend-developer-the-fast-way-navi-mumbai-0-to-2-years-301225505178","External — apply manually"
"job_1790855846909_e1b56","1/10/2026, 5:27:26 pm","NAUKRI","Backend Developer","Tab32","Remote","EXTERNAL","https://www.naukri.com/job-listings-backend-developer-tab32-remote-3-to-5-years-291122500045","https://www.naukri.com/job-listings-backend-developer-tab32-remote-3-to-5-years-291122500045","External — apply manually"
"job_1790855846910_kl4lp","1/10/2026, 5:27:26 pm","NAUKRI","Backend Developer","Rejolut","Navi Mumbai","EXTERNAL","https://www.naukri.com/job-listings-backend-developer-rejolut-a-genai-web-30-company-navi-mumbai-1-to-3-years-280526502143","https://www.naukri.com/job-listings-backend-developer-rejolut-a-genai-web-30-company-navi-mumbai-1-to-3-years-280526502143","External — apply manually"
"job_1790855846910_375ob","1/10/2026, 5:27:26 pm","NAUKRI","Backend Developer","Rejolut","Mumbai","EXTERNAL","https://www.naukri.com/job-listings-backend-developer-rejolut-a-genai-web-30-company-mumbai-1-to-3-years-271221500820","https://www.naukri.com/job-listings-backend-developer-rejolut-a-genai-web-30-company-mumbai-1-to-3-years-271221500820","External — apply manually"
"job_1790855846910_6y6ou","1/10/2026, 5:27:26 pm","NAUKRI","Backend Developer","Sunrays Image Technology","Remote","EXTERNAL","https://www.naukri.com/job-listings-backend-developer-sunrays-image-technology-private-limited-remote-1-to-3-years-251025505146","https://www.naukri.com/job-listings-backend-developer-sunrays-image-technology-private-limited-remote-1-to-3-years-251025505146","External — apply manually"
"job_1790855846910_bf5v3","1/10/2026, 5:27:26 pm","NAUKRI","Backend Developer","True Choice","Remote","EXTERNAL","https://www.naukri.com/job-listings-backend-developer-true-choice-remote-1-to-3-years-221222500537","https://www.naukri.com/job-listings-backend-developer-true-choice-remote-1-to-3-years-221222500537","External — apply manually"
"job_1790855846910_1eu8z","1/10/2026, 5:27:26 pm","NAUKRI","Backend Developer","Techweblabs","Hyderabad","EXTERNAL","https://www.naukri.com/job-listings-backend-developer-techweblabs-hyderabad-3-to-8-years-220925503766","https://www.naukri.com/job-listings-backend-developer-techweblabs-hyderabad-3-to-8-years-220925503766","External — apply manually"
"job_1790855846910_f7r74","1/10/2026, 5:27:26 pm","NAUKRI","Backend Developer","4S Advisory","Hyderabad","EXTERNAL","https://www.naukri.com/job-listings-backend-developer-4s-advisorys-hyderabad-2-to-7-years-210726503886","https://www.naukri.com/job-listings-backend-developer-4s-advisorys-hyderabad-2-to-7-years-210726503886","External — apply manually"
"job_1790855846910_uhwos","1/10/2026, 5:27:26 pm","NAUKRI","Backend Developer","Itech-mentor","Mumbai","EXTERNAL","https://www.naukri.com/job-listings-backend-developer-itechmentor-mumbai-1-to-2-years-210723502143","https://www.naukri.com/job-listings-backend-developer-itechmentor-mumbai-1-to-2-years-210723502143","External — apply manually"
"job_1790855846911_l1w29","1/10/2026, 5:27:26 pm","NAUKRI","Backend Developer","The Fast Way","Mumbai","EXTERNAL","https://www.naukri.com/job-listings-backend-developer-the-fast-way-mumbai-0-to-2-years-210526500021","https://www.naukri.com/job-listings-backend-developer-the-fast-way-mumbai-0-to-2-years-210526500021","External — apply manually"
"job_1790855846911_lam8k","1/10/2026, 5:27:26 pm","NAUKRI","BackEnd Developer","Adro It Sws","Hyderabad","EXTERNAL","https://www.naukri.com/job-listings-backend-developer-adro-it-sws-private-limited-hyderabad-1-to-4-years-200426504628","https://www.naukri.com/job-listings-backend-developer-adro-it-sws-private-limited-hyderabad-1-to-4-years-200426504628","External — apply manually"
"job_1790855846911_vxnng","1/10/2026, 5:27:26 pm","NAUKRI","Backend Developer","Zype","Remote","EXTERNAL","https://www.naukri.com/job-listings-backend-developer-zype-remote-1-to-2-years-160922502513","https://www.naukri.com/job-listings-backend-developer-zype-remote-1-to-2-years-160922502513","External — apply manually"
"job_1790855846911_brngp","1/10/2026, 5:27:26 pm","NAUKRI","Backend developer","Androcid","Remote","EXTERNAL","https://www.naukri.com/job-listings-backend-developer-androcid-remote-2-to-7-years-160126503833","https://www.naukri.com/job-listings-backend-developer-androcid-remote-2-to-7-years-160126503833","External — apply manually"
"job_1790855846911_ia38l","1/10/2026, 5:27:26 pm","NAUKRI","Backend Developer","Leadstocompany","Hyderabad","EXTERNAL","https://www.naukri.com/job-listings-backend-developer-leads-to-company-hyderabad-2-to-4-years-100826504228","https://www.naukri.com/job-listings-backend-developer-leads-to-company-hyderabad-2-to-4-years-100826504228","External — apply manually"
"job_1790855846911_lc481","1/10/2026, 5:27:26 pm","NAUKRI","SOCKET.IO/NODE.JS DEVELOPER","Etoile Info Solutions","Hyderabad, Mumbai, Kolkata, New Delhi, Pune, Chennai, Bengaluru","EXTERNAL","https://www.naukri.com/job-listings-socket-io-node-js-developer-etoile-info-solutions-pvt-ltd-kolkata-mumbai-new-delhi-hyderabad-pune-chennai-bengaluru-2-to-4-years-011019500042","https://www.naukri.com/job-listings-socket-io-node-js-developer-etoile-info-solutions-pvt-ltd-kolkata-mumbai-new-delhi-hyderabad-pune-chennai-bengaluru-2-to-4-years-011019500042","External — apply manually"
"job_1790855846911_h1vym","1/10/2026, 5:27:26 pm","NAUKRI","Node . JS Developers","Vikruthi Technologies","Hyderabad, Mumbai, Kolkata, New Delhi, Pune, Chennai, Bengaluru","EXTERNAL","https://www.naukri.com/job-listings-node-js-developers-vikruthi-technologies-kolkata-mumbai-new-delhi-hyderabad-pune-chennai-bengaluru-3-to-6-years-130624500252","https://www.naukri.com/job-listings-node-js-developers-vikruthi-technologies-kolkata-mumbai-new-delhi-hyderabad-pune-chennai-bengaluru-3-to-6-years-130624500252","External — apply manually"
"job_1790855846912_kciq8","1/10/2026, 5:27:26 pm","NAUKRI","Node.js Developer","Vedhas Technology Solutions","Hyderabad","EXTERNAL","https://www.naukri.com/job-listings-node-js-developer-vedhas-technology-solutions-llc-hyderabad-2-to-3-years-130526500362","https://www.naukri.com/job-listings-node-js-developer-vedhas-technology-solutions-llc-hyderabad-2-to-3-years-130526500362","External — apply manually"
"job_1790855846912_0po9p","1/10/2026, 5:27:26 pm","NAUKRI","React plus Node.js Developer","Technogen India","Hyderabad","EXTERNAL","https://www.naukri.com/job-listings-react-plus-node-js-developer-technogen-india-pvt-ltd-hyderabad-3-to-6-years-220526502824","https://www.naukri.com/job-listings-react-plus-node-js-developer-technogen-india-pvt-ltd-hyderabad-3-to-6-years-220526502824","External — apply manually"
"job_1790855846912_0xj64","1/10/2026, 5:27:26 pm","NAUKRI","LFC_JD_Sr_Engineer(Node-JS developer) professional","Spanbix Technologies","Hyderabad","EXTERNAL","https://www.naukri.com/job-listings-lfc-jd-sr-engineer-node-js-developer-professional-spanbix-technologies-hyderabad-3-to-6-years-190526503924","https://www.naukri.com/job-listings-lfc-jd-sr-engineer-node-js-developer-professional-spanbix-technologies-hyderabad-3-to-6-years-190526503924","External — apply manually"
"job_1790855846912_shxle","1/10/2026, 5:27:26 pm","NAUKRI","Node JS Developer","Blueberry Digital Labs","Hyderabad","EXTERNAL","https://www.naukri.com/job-listings-node-js-developer-blueberry-labs-hyderabad-3-to-8-years-240726506219","https://www.naukri.com/job-listings-node-js-developer-blueberry-labs-hyderabad-3-to-8-years-240726506219","External — apply manually"
"job_1790855846912_hgi31","1/10/2026, 5:27:26 pm","NAUKRI","Node Js Developer","Ozrit","Hyderabad","EXTERNAL","https://www.naukri.com/job-listings-node-js-developer-ozrit-hyderabad-2-to-5-years-290726500078","https://www.naukri.com/job-listings-node-js-developer-ozrit-hyderabad-2-to-5-years-290726500078","External — apply manually"
"job_1790855846912_rk11y","1/10/2026, 5:27:26 pm","NAUKRI","Node.js Developer","Anasol Consultancy Services","Hyderabad","EXTERNAL","https://www.naukri.com/job-listings-node-js-developer-anasol-consultancy-services-private-limited-hyderabad-2-to-5-years-130826502450","https://www.naukri.com/job-listings-node-js-developer-anasol-consultancy-services-private-limited-hyderabad-2-to-5-years-130826502450","External — apply manually"
"job_1790855846913_slqna","1/10/2026, 5:27:26 pm","NAUKRI","Node.js Developer","Code Connex","Hyderabad","EXTERNAL","https://www.naukri.com/job-listings-node-js-developer-code-connex-hyderabad-2-to-3-years-111124503473","https://www.naukri.com/job-listings-node-js-developer-code-connex-hyderabad-2-to-3-years-111124503473","External — apply manually"
"job_1790855846913_48a90","1/10/2026, 5:27:26 pm","NAUKRI","Node Js Developer","Digitalraiz","Hyderabad","EXTERNAL","https://www.naukri.com/job-listings-node-js-developer-digitalraiz-creative-solutions-pvt-ltd-hyderabad-2-to-3-years-070225508008","https://www.naukri.com/job-listings-node-js-developer-digitalraiz-creative-solutions-pvt-ltd-hyderabad-2-to-3-years-070225508008","External — apply manually"
"job_1790855846913_bbjat","1/10/2026, 5:27:26 pm","NAUKRI","Super Duper Senior Node Js Developer","LLP S3bglobal Technologies","Hyderabad, Mumbai, Kolkata, New Delhi, Pune, Chennai, Bengaluru","EXTERNAL","https://www.naukri.com/job-listings-super-duper-senior-node-js-developer-s3b-global-kolkata-mumbai-new-delhi-hyderabad-pune-chennai-bengaluru-15-to-20-years-210825501303","https://www.naukri.com/job-listings-super-duper-senior-node-js-developer-s3b-global-kolkata-mumbai-new-delhi-hyderabad-pune-chennai-bengaluru-15-to-20-years-210825501303","External — apply manually"
"job_1790855846913_0h9up","1/10/2026, 5:27:26 pm","NAUKRI","Node JS Developer","LLP S3bglobal Technologies","Hyderabad, Mumbai, Kolkata, New Delhi, Pune, Chennai, Bengaluru","EXTERNAL","https://www.naukri.com/job-listings-node-js-developer-s3b-global-kolkata-mumbai-new-delhi-hyderabad-pune-chennai-bengaluru-6-to-11-years-210825501306","https://www.naukri.com/job-listings-node-js-developer-s3b-global-kolkata-mumbai-new-delhi-hyderabad-pune-chennai-bengaluru-6-to-11-years-210825501306","External — apply manually"
"job_1790855846913_t60ey","1/10/2026, 5:27:26 pm","NAUKRI","Node JS Developer ((Sylvia HR POC)","Han Digital Solution","Hyderabad","EXTERNAL","https://www.naukri.com/job-listings-node-js-developer-sylvia-hr-poc-han-digital-solution-hyderabad-5-to-8-years-221125501433","https://www.naukri.com/job-listings-node-js-developer-sylvia-hr-poc-han-digital-solution-hyderabad-5-to-8-years-221125501433","External — apply manually"
"job_1790855846913_y9wnh","1/10/2026, 5:27:26 pm","NAUKRI","Senior Node Js Developer","Mind Waveai Solutions","Hyderabad","EXTERNAL","https://www.naukri.com/job-listings-senior-node-js-developer-mind-waveai-solutions-private-limited-hyderabad-5-to-8-years-150726504867","https://www.naukri.com/job-listings-senior-node-js-developer-mind-waveai-solutions-private-limited-hyderabad-5-to-8-years-150726504867","External — apply manually"
"job_1790855846914_l7hs5","1/10/2026, 5:27:26 pm","NAUKRI","Node.js Developer","iPrism Technologies","Hyderabad","EXTERNAL","https://www.naukri.com/job-listings-node-js-developer-iprism-technologies-hyderabad-6-to-11-years-120826503890","https://www.naukri.com/job-listings-node-js-developer-iprism-technologies-hyderabad-6-to-11-years-120826503890","External — apply manually"
"job_1790855846914_wjtwl","1/10/2026, 5:27:26 pm","NAUKRI","Node js developer react js docker,kubernate","Han Digital Solution","Hyderabad","EXTERNAL","https://www.naukri.com/job-listings-node-js-developer-react-js-docker-kubernate-han-digital-solution-hyderabad-10-to-14-years-181225504466","https://www.naukri.com/job-listings-node-js-developer-react-js-docker-kubernate-han-digital-solution-hyderabad-10-to-14-years-181225504466","External — apply manually"
"job_1790855846914_o4vv8","1/10/2026, 5:27:26 pm","NAUKRI","Node . js Developer","Fotis Technologies","Bengaluru","EXTERNAL","https://www.naukri.com/job-listings-node-js-developer-fotis-technologies-pvt-ltd-bengaluru-2-to-7-years-100726508641","https://www.naukri.com/job-listings-node-js-developer-fotis-technologies-pvt-ltd-bengaluru-2-to-7-years-100726508641","External — apply manually"
"job_1790855846914_0rr50","1/10/2026, 5:27:26 pm","NAUKRI","React, Node JS Developer","Evam Social","Bengaluru","EXTERNAL","https://www.naukri.com/job-listings-react-node-js-developer-evam-social-bengaluru-2-to-4-years-090724502106","https://www.naukri.com/job-listings-react-node-js-developer-evam-social-bengaluru-2-to-4-years-090724502106","External — apply manually"
"job_1790855846914_3yaz5","1/10/2026, 5:27:26 pm","NAUKRI","Node Js Developer","Codolin Technologies","Bengaluru","EXTERNAL","https://www.naukri.com/job-listings-node-js-developer-codolin-technologies-private-limited-bengaluru-2-to-5-years-281222500067","https://www.naukri.com/job-listings-node-js-developer-codolin-technologies-private-limited-bengaluru-2-to-5-years-281222500067","External — apply manually"
"job_1790855846915_n8pis","1/10/2026, 5:27:26 pm","NAUKRI","Node JS Developer","Appiness Interactive","Bengaluru","EXTERNAL","https://www.naukri.com/job-listings-node-js-developer-appiness-interactive-pvt-ltd-bengaluru-3-to-5-years-070426500197","https://www.naukri.com/job-listings-node-js-developer-appiness-interactive-pvt-ltd-bengaluru-3-to-5-years-070426500197","External — apply manually"
"job_1790855846915_lab8r","1/10/2026, 5:27:26 pm","NAUKRI","Full Stack Node.js Developer","Isarva Infotech","Bengaluru","EXTERNAL","https://www.naukri.com/job-listings-full-stack-node-js-developer-isarva-infotech-private-limited-bengaluru-2-to-5-years-240426501806","https://www.naukri.com/job-listings-full-stack-node-js-developer-isarva-infotech-private-limited-bengaluru-2-to-5-years-240426501806","External — apply manually"
"job_1790855846915_3mkko","1/10/2026, 5:27:26 pm","NAUKRI","Node js developer","IDESLABS","Bengaluru","EXTERNAL","https://www.naukri.com/job-listings-node-js-developer-ideslabs-private-limited-bengaluru-3-to-6-years-220124500406","https://www.naukri.com/job-listings-node-js-developer-ideslabs-private-limited-bengaluru-3-to-6-years-220124500406","External — apply manually"
"job_1790855846915_8vpcn","1/10/2026, 5:27:26 pm","NAUKRI","Node.js Developer","Logic Planet","Bengaluru","EXTERNAL","https://www.naukri.com/job-listings-node-js-developer-logicplanet-it-services-bengaluru-3-to-12-years-200226502348","https://www.naukri.com/job-listings-node-js-developer-logicplanet-it-services-bengaluru-3-to-12-years-200226502348","External — apply manually"
"job_1790855846915_t3hnb","1/10/2026, 5:27:26 pm","NAUKRI","Node.JS Developer","Bicsom Technologies","Bengaluru","EXTERNAL","https://www.naukri.com/job-listings-node-js-developer-bicsom-technologies-pvt-ltd-bengaluru-2-to-7-years-181122502372","https://www.naukri.com/job-listings-node-js-developer-bicsom-technologies-pvt-ltd-bengaluru-2-to-7-years-181122502372","External — apply manually"
"job_1790855846915_w6vte","1/10/2026, 5:27:26 pm","NAUKRI","Node . js Developer","Nexia Digital Labs","Bengaluru","EXTERNAL","https://www.naukri.com/job-listings-node-js-developer-nexia-digital-labs-bengaluru-3-to-5-years-210324501047","https://www.naukri.com/job-listings-node-js-developer-nexia-digital-labs-bengaluru-3-to-5-years-210324501047","External — apply manually"
"job_1790855846915_v2h8i","1/10/2026, 5:27:26 pm","NAUKRI","Sr. Node.JS Developer","Aritha","Bengaluru","EXTERNAL","https://www.naukri.com/job-listings-sr-node-js-developer-aritha-bengaluru-3-to-4-years-100924501778","https://www.naukri.com/job-listings-sr-node-js-developer-aritha-bengaluru-3-to-4-years-100924501778","External — apply manually"
"job_1790855846916_t3oh7","1/10/2026, 5:27:26 pm","NAUKRI","Full Stack JavaScript Developer/ Node.js Developer","Koireader Technologies","Bengaluru","EXTERNAL","https://www.naukri.com/job-listings-full-stack-javascript-developer-node-js-developer-koireader-technologies-bengaluru-2-to-6-years-091020500933","https://www.naukri.com/job-listings-full-stack-javascript-developer-node-js-developer-koireader-technologies-bengaluru-2-to-6-years-091020500933","External — apply manually"
"job_1790855846916_5a7oa","1/10/2026, 5:27:26 pm","NAUKRI","Node JS Developer","Lycadigital","Bengaluru","EXTERNAL","https://www.naukri.com/job-listings-node-js-developer-lycadigital-bengaluru-3-to-8-years-071023500246","https://www.naukri.com/job-listings-node-js-developer-lycadigital-bengaluru-3-to-8-years-071023500246","External — apply manually"
"job_1790855846916_ruvp6","1/10/2026, 5:27:26 pm","NAUKRI","Node . Js Developer","Techasoft","Bengaluru","EXTERNAL","https://www.naukri.com/job-listings-node-js-developer-techasoft-bengaluru-3-to-5-years-070826503226","https://www.naukri.com/job-listings-node-js-developer-techasoft-bengaluru-3-to-5-years-070826503226","External — apply manually"
"job_1790855846916_ng9qq","1/10/2026, 5:27:26 pm","NAUKRI","Node JS Developer","Appristine Technology","Pune","EXTERNAL","https://www.naukri.com/job-listings-node-js-developer-appristine-technology-pune-1-to-3-years-140926503314","https://www.naukri.com/job-listings-node-js-developer-appristine-technology-pune-1-to-3-years-140926503314","External — apply manually"
"job_1790855846916_pydvd","1/10/2026, 5:27:26 pm","NAUKRI","Sr React & Node.js Developer","Webtis Software Solutions","Remote","EXTERNAL","https://www.naukri.com/job-listings-sr-react-node-js-developer-webtis-software-solutions-remote-2-to-7-years-190826500723","https://www.naukri.com/job-listings-sr-react-node-js-developer-webtis-software-solutions-remote-2-to-7-years-190826500723","External — apply manually"
"job_1790855846917_lkzrg","1/10/2026, 5:27:26 pm","NAUKRI","Senior Node Js Developer","Manav It Solutions","Mumbai","EXTERNAL","https://www.naukri.com/job-listings-senior-node-js-developer-manav-it-solutions-pvt-ltd-mumbai-2-to-7-years-291025504494","https://www.naukri.com/job-listings-senior-node-js-developer-manav-it-solutions-pvt-ltd-mumbai-2-to-7-years-291025504494","External — apply manually"
"job_1790855846917_fk9of","1/10/2026, 5:27:26 pm","NAUKRI","Node.js Developer","Tekniko Global","Remote","EXTERNAL","https://www.naukri.com/job-listings-node-js-developer-tekniko-global-remote-1-to-3-years-150726502777","https://www.naukri.com/job-listings-node-js-developer-tekniko-global-remote-1-to-3-years-150726502777","External — apply manually"
"job_1790855846917_otbju","1/10/2026, 5:27:26 pm","NAUKRI","Node JS Developer","Leeway Softech","Mumbai","EXTERNAL","https://www.naukri.com/job-listings-node-js-developer-leeway-softech-pvt-ltd-mumbai-1-to-6-years-260526505909","https://www.naukri.com/job-listings-node-js-developer-leeway-softech-pvt-ltd-mumbai-1-to-6-years-260526505909","External — apply manually"
"job_1790855846918_vllxi","1/10/2026, 5:27:26 pm","NAUKRI","Node JS Developer","Ahom Technologies","Remote","EXTERNAL","https://www.naukri.com/job-listings-node-js-developer-ahom-technologies-private-limited-remote-3-to-5-years-220126504197","https://www.naukri.com/job-listings-node-js-developer-ahom-technologies-private-limited-remote-3-to-5-years-220126504197","External — apply manually"
"job_1790855846918_jhq8w","1/10/2026, 5:27:26 pm","NAUKRI","Node.js Developer","Creuto","Bhubaneswar","EXTERNAL","https://www.naukri.com/job-listings-node-js-developer-creuto-cloud-private-limited-bhubaneswar-2-to-4-years-080926505732","https://www.naukri.com/job-listings-node-js-developer-creuto-cloud-private-limited-bhubaneswar-2-to-4-years-080926505732","External — apply manually"
"job_1790855846918_jo9s2","1/10/2026, 5:27:26 pm","NAUKRI","Node JS Developer","Tier5","Remote","EXTERNAL","https://www.naukri.com/job-listings-node-js-developer-tier5-technology-solutions-pvt-ltd-remote-3-to-8-years-240826504779","https://www.naukri.com/job-listings-node-js-developer-tier5-technology-solutions-pvt-ltd-remote-3-to-8-years-240826504779","External — apply manually"
"job_1790855846918_k9yob","1/10/2026, 5:27:26 pm","NAUKRI","Node.js Developer","Connectionphase","Ahmedabad","EXTERNAL","https://www.naukri.com/job-listings-node-js-developer-connectionphase-ahmedabad-2-to-5-years-270726501971","https://www.naukri.com/job-listings-node-js-developer-connectionphase-ahmedabad-2-to-5-years-270726501971","External — apply manually"
"job_1790855846918_g3sjk","1/10/2026, 5:27:26 pm","NAUKRI","node js developer","Applogiq","Coimbatore","EXTERNAL","https://www.naukri.com/job-listings-node-js-developer-applogiq-coimbatore-1-to-2-years-070726501900","https://www.naukri.com/job-listings-node-js-developer-applogiq-coimbatore-1-to-2-years-070726501900","External — apply manually"
"job_1790855846918_ve9b6","1/10/2026, 5:27:26 pm","NAUKRI","Angular and Node Js Developer","Atdrive Group","Remote","EXTERNAL","https://www.naukri.com/job-listings-angular-and-node-js-developer-atdrive-group-remote-1-to-6-years-291225501019","https://www.naukri.com/job-listings-angular-and-node-js-developer-atdrive-group-remote-1-to-6-years-291225501019","External — apply manually"
"job_1790855846919_gxbpf","1/10/2026, 5:27:26 pm","NAUKRI","Node.js Developer","Athmin Technologies","Remote","EXTERNAL","https://www.naukri.com/job-listings-node-js-developer-athmin-remote-1-to-4-years-250626507522","https://www.naukri.com/job-listings-node-js-developer-athmin-remote-1-to-4-years-250626507522","External — apply manually"
"job_1790855846919_il9da","1/10/2026, 5:27:26 pm","NAUKRI","Node JS developer","Intermind Digital Solutions","Mumbai","EXTERNAL","https://www.naukri.com/job-listings-node-js-developer-intermind-digital-solutions-llp-mumbai-1-to-6-years-201124508674","https://www.naukri.com/job-listings-node-js-developer-intermind-digital-solutions-llp-mumbai-1-to-6-years-201124508674","External — apply manually"
"job_1790855846919_y6s4a","1/10/2026, 5:27:26 pm","NAUKRI","Senior Node.Js developer","Pyramid Global Technologies","Mumbai","EXTERNAL","https://www.naukri.com/job-listings-senior-node-js-developer-pyramid-global-technologies-mumbai-3-to-6-years-080823500248","https://www.naukri.com/job-listings-senior-node-js-developer-pyramid-global-technologies-mumbai-3-to-6-years-080823500248","External — apply manually"
"job_1790855846919_c7kc5","1/10/2026, 5:27:26 pm","NAUKRI","React and Node JS Developer","Fablead Developers Technolab","Surat","EXTERNAL","https://www.naukri.com/job-listings-react-and-node-js-developer-fablead-developers-technolab-surat-1-to-6-years-290526507610","https://www.naukri.com/job-listings-react-and-node-js-developer-fablead-developers-technolab-surat-1-to-6-years-290526507610","External — apply manually"
"job_1790855846919_dsciq","1/10/2026, 5:27:26 pm","NAUKRI","Node JS Developer","Aavatto","Ahmedabad","EXTERNAL","https://www.naukri.com/job-listings-node-js-developer-aavatto-ahmedabad-2-to-5-years-280224500641","https://www.naukri.com/job-listings-node-js-developer-aavatto-ahmedabad-2-to-5-years-280224500641","External — apply manually"
"job_1790855846920_bl8w6","1/10/2026, 5:27:26 pm","NAUKRI","Node JS Developer","Leeye-t","Kozhikode","EXTERNAL","https://www.naukri.com/job-listings-node-js-developer-leeye-t-techno-hub-kozhikode-0-to-2-years-140726501074","https://www.naukri.com/job-listings-node-js-developer-leeye-t-techno-hub-kozhikode-0-to-2-years-140726501074","External — apply manually"
"job_1790855846920_ydd9u","1/10/2026, 5:27:26 pm","NAUKRI","Full Stack Engineer","Accenture","Mumbai","EXTERNAL","https://www.naukri.com/job-listings-full-stack-engineer-accenture-solutions-pvt-ltd-mumbai-2-to-5-years-140926916150","https://www.naukri.com/job-listings-full-stack-engineer-accenture-solutions-pvt-ltd-mumbai-2-to-5-years-140926916150","External — apply manually"
"job_1790855846920_fu1nf","1/10/2026, 5:27:26 pm","NAUKRI","Full Stack Engineer","Accenture","Mumbai","EXTERNAL","https://www.naukri.com/job-listings-full-stack-engineer-accenture-solutions-pvt-ltd-mumbai-2-to-5-years-140926917301","https://www.naukri.com/job-listings-full-stack-engineer-accenture-solutions-pvt-ltd-mumbai-2-to-5-years-140926917301","External — apply manually"
"job_1790855846920_lpc94","1/10/2026, 5:27:26 pm","NAUKRI","Full Stack Engineer","Accenture","Mumbai","EXTERNAL","https://www.naukri.com/job-listings-full-stack-engineer-accenture-solutions-pvt-ltd-mumbai-2-to-5-years-140926916149","https://www.naukri.com/job-listings-full-stack-engineer-accenture-solutions-pvt-ltd-mumbai-2-to-5-years-140926916149","External — apply manually"
"job_1790855846920_n5fap","1/10/2026, 5:27:26 pm","NAUKRI","Full Stack Engineer","Accenture","Chennai","EXTERNAL","https://www.naukri.com/job-listings-full-stack-engineer-accenture-solutions-pvt-ltd-chennai-2-to-5-years-140926919487","https://www.naukri.com/job-listings-full-stack-engineer-accenture-solutions-pvt-ltd-chennai-2-to-5-years-140926919487","External — apply manually"
"job_1790855846921_dzue5","1/10/2026, 5:27:26 pm","NAUKRI","Full Stack Engineer","Accenture","Chennai","EXTERNAL","https://www.naukri.com/job-listings-full-stack-engineer-accenture-solutions-pvt-ltd-chennai-2-to-5-years-140926919486","https://www.naukri.com/job-listings-full-stack-engineer-accenture-solutions-pvt-ltd-chennai-2-to-5-years-140926919486","External — apply manually"
"job_1790855846921_np17s","1/10/2026, 5:27:26 pm","NAUKRI","Full Stack Engineer","Accenture","Mumbai","EXTERNAL","https://www.naukri.com/job-listings-full-stack-engineer-accenture-solutions-pvt-ltd-mumbai-2-to-5-years-140926915424","https://www.naukri.com/job-listings-full-stack-engineer-accenture-solutions-pvt-ltd-mumbai-2-to-5-years-140926915424","External — apply manually"
"job_1790855846921_oc883","1/10/2026, 5:27:26 pm","NAUKRI","Full Stack Engineer","Accenture","Chennai","EXTERNAL","https://www.naukri.com/job-listings-full-stack-engineer-accenture-solutions-pvt-ltd-chennai-2-to-5-years-140926919325","https://www.naukri.com/job-listings-full-stack-engineer-accenture-solutions-pvt-ltd-chennai-2-to-5-years-140926919325","External — apply manually"
"job_1790855846921_m9mao","1/10/2026, 5:27:26 pm","NAUKRI","Java Backend Developer","Sparix Global","Noida","EXTERNAL","https://www.naukri.com/job-listings-java-backend-developer-sparix-global-private-limited-noida-5-to-8-years-240426500781","https://www.naukri.com/job-listings-java-backend-developer-sparix-global-private-limited-noida-5-to-8-years-240426500781","External — apply manually"
"job_1790855846922_epy0w","1/10/2026, 5:27:26 pm","NAUKRI","Java Backend Developer","AU Small Finance Bank","Jaipur","EXTERNAL","https://www.naukri.com/job-listings-java-backend-developer-au-financiers-india-limited-jaipur-6-to-11-years-050826501070","https://www.naukri.com/job-listings-java-backend-developer-au-financiers-india-limited-jaipur-6-to-11-years-050826501070","External — apply manually"
"job_1790855846922_92gnx","1/10/2026, 5:27:26 pm","NAUKRI","Java Backend Developer","RBS Lynk","Pune","EXTERNAL","https://www.naukri.com/job-listings-java-backend-developer-worldpay-pune-6-to-11-years-210526502901","https://www.naukri.com/job-listings-java-backend-developer-worldpay-pune-6-to-11-years-210526502901","External — apply manually"
"job_1790855846922_lzj15","1/10/2026, 5:27:26 pm","NAUKRI","Full Stack Engineer","Accenture","Hyderabad","EXTERNAL","https://www.naukri.com/job-listings-full-stack-engineer-accenture-solutions-pvt-ltd-hyderabad-3-to-8-years-140926916853","https://www.naukri.com/job-listings-full-stack-engineer-accenture-solutions-pvt-ltd-hyderabad-3-to-8-years-140926916853","External — apply manually"
"job_1790855846922_9ezhm","1/10/2026, 5:27:26 pm","NAUKRI","Software Engineer, Java Developer","Infotrack Telematics","Bengaluru","EXTERNAL","https://www.naukri.com/job-listings-software-engineer-java-developer-infotrack-telematics-pte-ltd-bengaluru-2-to-4-years-100926502295","https://www.naukri.com/job-listings-software-engineer-java-developer-infotrack-telematics-pte-ltd-bengaluru-2-to-4-years-100926502295","External — apply manually"
"job_1790855846923_4ygsv","1/10/2026, 5:27:26 pm","NAUKRI","Backend JAVA Developer","Connect Global Solution","Bengaluru","EXTERNAL","https://www.naukri.com/job-listings-backend-java-developer-connect-solution-bengaluru-1-to-3-years-110826502955","https://www.naukri.com/job-listings-backend-java-developer-connect-solution-bengaluru-1-to-3-years-110826502955","External — apply manually"
"job_1790855846923_wgbgg","1/10/2026, 5:27:26 pm","NAUKRI","Senior backend Java developer","Logic Planet","Bengaluru","EXTERNAL","https://www.naukri.com/job-listings-senior-backend-java-developer-logicplanet-it-services-bengaluru-5-to-12-years-200226505368","https://www.naukri.com/job-listings-senior-backend-java-developer-logicplanet-it-services-bengaluru-5-to-12-years-200226505368","External — apply manually"
"job_1790855846923_mjyoy","1/10/2026, 5:27:26 pm","NAUKRI","Custom Software Engineer","Accenture","Mumbai","EXTERNAL","https://www.naukri.com/job-listings-custom-software-engineer-accenture-solutions-pvt-ltd-mumbai-2-to-5-years-090926922366","https://www.naukri.com/job-listings-custom-software-engineer-accenture-solutions-pvt-ltd-mumbai-2-to-5-years-090926922366","External — apply manually"
"job_1790855846923_v0wmq","1/10/2026, 5:27:26 pm","NAUKRI","Full Stack Engineer","Accenture","Hyderabad","EXTERNAL","https://www.naukri.com/job-listings-full-stack-engineer-accenture-solutions-pvt-ltd-hyderabad-2-to-5-years-140926917010","https://www.naukri.com/job-listings-full-stack-engineer-accenture-solutions-pvt-ltd-hyderabad-2-to-5-years-140926917010","External — apply manually"
"job_1790855846923_23vfz","1/10/2026, 5:27:26 pm","NAUKRI","Full Stack Engineer","Accenture","Hyderabad","EXTERNAL","https://www.naukri.com/job-listings-full-stack-engineer-accenture-solutions-pvt-ltd-hyderabad-2-to-5-years-140926917014","https://www.naukri.com/job-listings-full-stack-engineer-accenture-solutions-pvt-ltd-hyderabad-2-to-5-years-140926917014","External — apply manually"
"job_1790855846923_o5cen","1/10/2026, 5:27:26 pm","NAUKRI","Management Trainee - Fullstack","Kuku Fm","Bengaluru","EXTERNAL","https://www.naukri.com/job-listings-management-trainee-fullstack-kuku-fm-bengaluru-1-to-2-years-100926501265","https://www.naukri.com/job-listings-management-trainee-fullstack-kuku-fm-bengaluru-1-to-2-years-100926501265","External — apply manually"
"job_1790855846924_a7k4n","1/10/2026, 5:27:26 pm","NAUKRI","Full Stack Engineer","Accenture","Bengaluru","EXTERNAL","https://www.naukri.com/job-listings-full-stack-engineer-accenture-solutions-pvt-ltd-bengaluru-2-to-5-years-140926917217","https://www.naukri.com/job-listings-full-stack-engineer-accenture-solutions-pvt-ltd-bengaluru-2-to-5-years-140926917217","External — apply manually"
"job_1790855846924_egtp0","1/10/2026, 5:27:26 pm","NAUKRI","Full Stack Engineer","Accenture","Mumbai","EXTERNAL","https://www.naukri.com/job-listings-full-stack-engineer-accenture-solutions-pvt-ltd-mumbai-2-to-5-years-140926914384","https://www.naukri.com/job-listings-full-stack-engineer-accenture-solutions-pvt-ltd-mumbai-2-to-5-years-140926914384","External — apply manually"
"job_1790855846924_hir3u","1/10/2026, 5:27:26 pm","NAUKRI","Full Stack Engineer","Accenture","Mumbai","EXTERNAL","https://www.naukri.com/job-listings-full-stack-engineer-accenture-solutions-pvt-ltd-mumbai-2-to-5-years-140926914379","https://www.naukri.com/job-listings-full-stack-engineer-accenture-solutions-pvt-ltd-mumbai-2-to-5-years-140926914379","External — apply manually"
"job_1790855846924_t8wif","1/10/2026, 5:27:26 pm","NAUKRI","Custom Software Engineer","Accenture","Hyderabad","EXTERNAL","https://www.naukri.com/job-listings-custom-software-engineer-accenture-solutions-pvt-ltd-hyderabad-3-to-8-years-140926916512","https://www.naukri.com/job-listings-custom-software-engineer-accenture-solutions-pvt-ltd-hyderabad-3-to-8-years-140926916512","External — apply manually"
"job_1790855846924_86qhb","1/10/2026, 5:27:26 pm","NAUKRI","Software Engineer - Java Developer","Light & Wonder","Bengaluru","EXTERNAL","https://www.naukri.com/job-listings-software-engineer-java-developer-scientific-games-india-bengaluru-2-to-4-years-090926501193","https://www.naukri.com/job-listings-software-engineer-java-developer-scientific-games-india-bengaluru-2-to-4-years-090926501193","External — apply manually"
"job_1790855846924_r4vxs","1/10/2026, 5:27:26 pm","LINKEDIN-EXTERNAL","Full Stack Web Developer","RecruitPoolz","India (Remote)","EXTERNAL","https://www.linkedin.com/jobs/view/4467550634/","https://docs.google.com/forms/d/e/1FAIpQLSdX4IwhuoPyENAY-3rHgo7EU-Hd_dvkNXkcpovNRJ03yo0v6w/viewform","External Career Site lead captured (requires multi-step ATS completion)"
"job_1790855846925_xzlos","1/10/2026, 5:27:26 pm","LINKEDIN-EXTERNAL","Back End Developer","Nexal IIT","India (Remote)","EXTERNAL","https://www.linkedin.com/jobs/view/4467546740/","https://docs.google.com/forms/d/e/1FAIpQLSdX4IwhuoPyENAY-3rHgo7EU-Hd_dvkNXkcpovNRJ03yo0v6w/viewform","External Career Site lead captured (requires multi-step ATS completion)"
"job_1790855846925_8zmzv","1/10/2026, 5:27:26 pm","LINKEDIN-EXTERNAL","Senior Software Engineer","Pearson","Bengaluru East, Karnataka, India (Hybrid)","EXTERNAL","https://www.linkedin.com/jobs/view/4467555588/","https://pearson.jobs/bangalore-ind/senior-software-engineer/FF040D4008F14546B0F73CEB937B1778/job/?vs=1606&utm_source=LinkedIn.com-DE&utm_medium=Social%20Media&utm_campaign=LinkedIn.com","External Career Site lead captured (requires multi-step ATS completion)"
"job_1790855846925_maqff","1/10/2026, 5:27:26 pm","LINKEDIN-EXTERNAL","Backend Engineer (Go) – Endpoint Security","Pragmatike","India (Remote)","EXTERNAL","https://www.linkedin.com/jobs/view/4468638626/","https://jobs.ashbyhq.com/pragmatike/88905b50-a8c2-4615-9f92-63dd995da3fe/application?utm_source=pKPejxJ0kE","Submitted on External Portal (Pending Confirmation)"
"job_1790855846925_z5ctv","1/10/2026, 5:27:26 pm","LINKEDIN-EXTERNAL","Backend Engineer (Go) – AI Security Platform","Pragmatike","India (Remote)","EXTERNAL","https://www.linkedin.com/jobs/view/4468647529/","https://jobs.ashbyhq.com/pragmatike/65546cc8-9599-440d-903b-5297fbdca81f/application?utm_source=pKPejxJ0kE","Submitted on External Portal (Pending Confirmation)"
"job_1790855846926_hxx1r","1/10/2026, 5:27:26 pm","LINKEDIN-EXTERNAL","Principal Software Engineer","Providence India","Hyderabad, Telangana, India (Hybrid)","EXTERNAL","https://www.linkedin.com/jobs/view/4440541839/","https://careers.providence.in/job/Hyderabad-Principal-Software-Engineer-Tela/56791044/?utm_source=LINKEDIN&utm_medium=referrer","External Career Site lead captured (requires multi-step ATS completion)"
"job_1790855846926_wcbxe","1/10/2026, 5:27:26 pm","LINKEDIN-EXTERNAL","Full Stack Web Developer","internmo","India (Remote)","EXTERNAL","https://www.linkedin.com/jobs/view/4467557509/","https://docs.google.com/forms/d/e/1FAIpQLSdX4IwhuoPyENAY-3rHgo7EU-Hd_dvkNXkcpovNRJ03yo0v6w/viewform","External Career Site lead captured (requires multi-step ATS completion)"
"job_1790855846926_xij0b","1/10/2026, 5:27:26 pm","LINKEDIN-EXTERNAL","Sr Software Engineer - Airtable","Mattel, Inc.","Hyderabad, Telangana, India (On-site)","EXTERNAL","https://www.linkedin.com/jobs/view/4432457299/","https://jobs.mattel.com/en/job/hyderabad/sr-software-engineer-airtable/2015/96827245312?Codes=JOB_BOARD_78","External Career Site lead captured (requires multi-step ATS completion)"
"job_1790855846926_s343q","1/10/2026, 5:27:26 pm","LINKEDIN-EXTERNAL","Software Engineer - AI Hub","Linde","Bengaluru, Karnataka, India (On-site)","EXTERNAL","https://www.linkedin.com/jobs/view/4468647570/","https://linde.csod.com/ux/ats/careersite/25/home/requisition/33184?c=linde&source=LinkedIn","External Career Site lead captured (requires multi-step ATS completion)"
"job_1790855846926_d9lw0","1/10/2026, 5:27:26 pm","LINKEDIN-EXTERNAL","Customer-Focused Software Engineer (Backend development team)","Check Point Software","Bangalore Urban, Karnataka, India (On-site)","EXTERNAL","https://www.linkedin.com/jobs/view/4459665180/","https://careers.checkpoint.com/index.php?m=cpcareers&a=show&joborderid=5885059&source=104&mode=clear","External Career Site lead captured (requires multi-step ATS completion)"
"job_1790855846927_0nvrm","1/10/2026, 5:27:26 pm","LINKEDIN-EXTERNAL","Software Engineer II","SailPoint","Pune Division, Maharashtra, India (Hybrid)","EXTERNAL","https://www.linkedin.com/jobs/view/4468632904/","https://sailpoint.wd1.myworkdayjobs.com/SailPoint/job/Pune-India/Software-Engineer-II_R012510?source=LinkedIn","External Career Site lead captured (requires multi-step ATS completion)"
"job_1790855846927_mc62f","1/10/2026, 5:27:26 pm","LINKEDIN-EXTERNAL","Full Stack Developer I MMH260917-2","Momentum Services","Navi Mumbai, Maharashtra, India (On-site)","EXTERNAL","https://www.linkedin.com/jobs/view/4467562299/","https://momentumgroupltd-india.erecruit.co/candidateapp/Jobs/View/MMH260917-2?source=LinkedInLimitedListings&src=LinkedIn","Submitted on External Portal (Pending Confirmation)"
"job_1790855846927_2j5hc","1/10/2026, 5:27:26 pm","LINKEDIN-EXTERNAL","Full Stack Developer II MMH260917-4","Momentum Services","Navi Mumbai, Maharashtra, India (On-site)","EXTERNAL","https://www.linkedin.com/jobs/view/4467551640/","https://momentumgroupltd-india.erecruit.co/candidateapp/Jobs/View/MMH260917-4?source=LinkedInLimitedListings&src=LinkedIn","Submitted on External Portal (Pending Confirmation)"
"job_1790855846927_6bd2v","1/10/2026, 5:27:26 pm","LINKEDIN-EXTERNAL","Software Engineer – Infrastructure Services","Truveta","Hyderabad, Telangana, India (On-site)","EXTERNAL","https://www.linkedin.com/jobs/view/4437604230/","https://job-boards.greenhouse.io/truveta/jobs/6114473004","Submitted on External Portal (Pending Confirmation)"
"job_1790855846928_b8e9l","1/10/2026, 5:27:26 pm","NAUKRI","AI Developer ( Full Stack )","Avtrix Software Solutions","Hyderabad","EXTERNAL","https://www.naukri.com/job-listings-ai-developer-full-stack-avtrix-software-solutions-hyderabad-2-to-6-years-160926500219","https://www.naukri.com/job-listings-ai-developer-full-stack-avtrix-software-solutions-hyderabad-2-to-6-years-160926500219","External — apply manually"
"job_1790855846928_gvlac","1/10/2026, 5:27:26 pm","NAUKRI","Full Stack React Developer","Avtrix Software Solutions","Hyderabad","EXTERNAL","https://www.naukri.com/job-listings-full-stack-react-developer-avtrix-software-solutions-hyderabad-2-to-6-years-160926500223","https://www.naukri.com/job-listings-full-stack-react-developer-avtrix-software-solutions-hyderabad-2-to-6-years-160926500223","External — apply manually"
"job_1790855846928_oybwf","1/10/2026, 5:27:26 pm","NAUKRI","Mobile App Developer ( Full Stack )","Avtrix Software Solutions","Hyderabad","EXTERNAL","https://www.naukri.com/job-listings-mobile-app-developer-full-stack-avtrix-software-solutions-hyderabad-2-to-6-years-160926500225","https://www.naukri.com/job-listings-mobile-app-developer-full-stack-avtrix-software-solutions-hyderabad-2-to-6-years-160926500225","External — apply manually"
"job_1790855846928_m5avi","1/10/2026, 5:27:26 pm","NAUKRI","Full stack Developer","MVP Infotech","Bengaluru","EXTERNAL","https://www.naukri.com/job-listings-full-stack-developer-mvp-infotech-pvt-ltd-bengaluru-2-to-7-years-170926504813","https://www.naukri.com/job-listings-full-stack-developer-mvp-infotech-pvt-ltd-bengaluru-2-to-7-years-170926504813","External — apply manually"
"job_1790855846928_ill83","1/10/2026, 5:27:26 pm","NAUKRI","Investment Full Stack Developer","E4 Software Services","Mumbai, Bengaluru","EXTERNAL","https://www.naukri.com/job-listings-investment-full-stack-developer-e4-softwares-mumbai-bengaluru-1-to-4-years-170926501152","https://www.naukri.com/job-listings-investment-full-stack-developer-e4-softwares-mumbai-bengaluru-1-to-4-years-170926501152","External — apply manually"
"job_1790855846928_bgcr0","1/10/2026, 5:27:26 pm","NAUKRI","Full Stack Developer","Brigosha Technologies","Bengaluru","EXTERNAL","https://www.naukri.com/job-listings-full-stack-developer-brigosha-technologies-bengaluru-2-to-4-years-030926501777","https://www.naukri.com/job-listings-full-stack-developer-brigosha-technologies-bengaluru-2-to-4-years-030926501777","External — apply manually"
"job_1790855846928_bpcml","1/10/2026, 5:27:26 pm","NAUKRI","FULL STACK developer","Bugtreat Technologies","Madurai","EXTERNAL","https://www.naukri.com/job-listings-full-stack-developer-bug-treat-technologies-madurai-2-to-7-years-160926500188","https://www.naukri.com/job-listings-full-stack-developer-bug-treat-technologies-madurai-2-to-7-years-160926500188","External — apply manually"
"job_1790855846928_7ff9c","1/10/2026, 5:27:26 pm","NAUKRI","Full Stack developer (Microsoft technology stack)","Ikart Solutions","Ahmedabad","EXTERNAL","https://www.naukri.com/job-listings-full-stack-developer-microsoft-technology-stack-ikart-solutions-ahmedabad-1-to-4-years-170926503274","https://www.naukri.com/job-listings-full-stack-developer-microsoft-technology-stack-ikart-solutions-ahmedabad-1-to-4-years-170926503274","External — apply manually"
"job_1790855846929_frzqg","1/10/2026, 5:27:26 pm","NAUKRI","Full Stack Developer","Hsquare Sports","New Delhi","EXTERNAL","https://www.naukri.com/job-listings-full-stack-developer-hsquare-sports-private-limited-new-delhi-1-to-3-years-170926503900","https://www.naukri.com/job-listings-full-stack-developer-hsquare-sports-private-limited-new-delhi-1-to-3-years-170926503900","External — apply manually"
"job_1790855846929_jn47z","1/10/2026, 5:27:26 pm","NAUKRI","Full Stack Developer (Full-time)","Trusted Communities Organization","Gandhinagar","EXTERNAL","https://www.naukri.com/job-listings-full-stack-developer-full-time-trusted-communities-organization-gandhinagar-2-to-7-years-170926503108","https://www.naukri.com/job-listings-full-stack-developer-full-time-trusted-communities-organization-gandhinagar-2-to-7-years-170926503108","External — apply manually"
"job_1790855846929_58ksf","1/10/2026, 5:27:26 pm","NAUKRI","Full Stack Developer","Enlighten Schola","Vadodara","EXTERNAL","https://www.naukri.com/job-listings-full-stack-developer-enlighten-schola-ahmedabad-vadodara-2-to-4-years-170926502663","https://www.naukri.com/job-listings-full-stack-developer-enlighten-schola-ahmedabad-vadodara-2-to-4-years-170926502663","External — apply manually"
"job_1790855846929_72vqa","1/10/2026, 5:27:26 pm","NAUKRI","Full Stack Developer","Sith Solutions For It","Mumbai","EXTERNAL","https://www.naukri.com/job-listings-full-stack-developer-sith-solutions-for-it-mumbai-3-to-6-years-210824502726","https://www.naukri.com/job-listings-full-stack-developer-sith-solutions-for-it-mumbai-3-to-6-years-210824502726","External — apply manually"
"job_1790855846930_8q3zz","1/10/2026, 5:27:26 pm","NAUKRI","Java Spring Boot Developer","Infosys","Hybrid - Hyderabad, Chennai, Bengaluru","SKIPPED","https://www.naukri.com/job-listings-java-spring-boot-developer-infosys-hyderabad-chennai-bengaluru-2-to-5-years-130826022153","","unknown_state"
"job_1790855846930_m7v63","1/10/2026, 5:27:26 pm","NAUKRI","Java Backend Developer | Spring Boot | Microservices","Infosys","Hybrid - Hyderabad, Pune, Bengaluru","SKIPPED","https://www.naukri.com/job-listings-java-backend-developer-spring-boot-microservices-infosys-hyderabad-pune-bengaluru-2-to-7-years-290826005826","","chatbot_unknown"
"job_1790855846930_h2cuz","1/10/2026, 5:27:26 pm","NAUKRI","Java Full Stack Developer(React.js)","Infosys","Hybrid - Hyderabad, Kolkata, Pune","SKIPPED","https://www.naukri.com/job-listings-java-full-stack-developer-react-js-infosys-kolkata-hyderabad-pune-2-to-7-years-290826005830","","chatbot_unknown"
"job_1790855846930_fu95v","1/10/2026, 5:27:26 pm","NAUKRI","Java Full Stack Developer(React.js)","Infosys","Hybrid - Hyderabad, Kolkata, Pune","SKIPPED","https://www.naukri.com/job-listings-java-full-stack-developer-react-js-infosys-kolkata-hyderabad-pune-2-to-5-years-100826024113","","chatbot_unknown"
"job_1790855846930_q849z","1/10/2026, 5:27:26 pm","NAUKRI","Java spring boot microservices developer","Infosys","Hyderabad, Chennai, Bengaluru","SKIPPED","https://www.naukri.com/job-listings-java-spring-boot-microservices-developer-infosys-hyderabad-chennai-bengaluru-2-to-3-years-190826036811","","unknown_state"
"job_1790855846931_2koeu","1/10/2026, 5:27:26 pm","NAUKRI","Java Developer","Capgemini","Hyderabad, Mumbai, Bengaluru","SKIPPED","https://www.naukri.com/job-listings-java-developer-capgemini-technology-services-india-limited-mumbai-hyderabad-bengaluru-0-to-5-years-190826931524","","unknown_state"
"job_1790855846931_vdbo2","1/10/2026, 5:27:26 pm","NAUKRI","Java Developer-S","Infosys","Hybrid - Hyderabad, Pune, Bengaluru","SKIPPED","https://www.naukri.com/job-listings-java-developer-s-infosys-hyderabad-pune-bengaluru-2-to-7-years-240826031458","","chatbot_unknown"
"job_1790855846931_fo68e","1/10/2026, 5:27:26 pm","NAUKRI","Java Full Stack Developer - Pune","Infosys","Hyderabad, Mumbai (All Areas), Pune","SKIPPED","https://www.naukri.com/job-listings-java-full-stack-developer-pune-infosys-hyderabad-pune-mumbai-all-areas-2-to-7-years-200826026386","","chatbot_unknown"
"job_1790855846931_vw2p1","1/10/2026, 5:27:26 pm","NAUKRI","Java Full Stack Developer","Highradius","Hyderabad","SKIPPED","https://www.naukri.com/job-listings-java-full-stack-developer-highradius-hyderabad-1-to-3-years-310826012253","","chatbot_unknown"
"job_1790855846931_b0i9j","1/10/2026, 5:27:26 pm","NAUKRI","Java Developer","Infosys","Hyderabad, Mumbai (All Areas), Bengaluru","SKIPPED","https://www.naukri.com/job-listings-java-developer-infosys-hyderabad-bengaluru-mumbai-all-areas-1-to-2-years-290826009251","","unknown_state"
"job_1790855846931_1wg36","1/10/2026, 5:27:26 pm","NAUKRI","SFCC full stack developer","Infosys","Hyderabad","SKIPPED","https://www.naukri.com/job-listings-sfcc-full-stack-developer-infosys-limited-hyderabad-2-to-3-years-040826909459","","unknown_state"
"job_1790855846931_cd46u","1/10/2026, 5:27:26 pm","NAUKRI","Software-Java Developer","Creative Hands HR","Hyderabad, Chennai, Bengaluru","SKIPPED","https://www.naukri.com/job-listings-software-java-developer-creative-hands-hr-hyderabad-chennai-bengaluru-0-to-5-years-310826002991","","unknown_state"
"job_1790855846931_norr8","1/10/2026, 5:27:26 pm","NAUKRI","Java Backend Developer | Spring Boot | Microservices","Infosys","Hybrid - Hyderabad, Pune, Bengaluru","SKIPPED","https://www.naukri.com/job-listings-java-backend-developer-spring-boot-microservices-infosys-hyderabad-pune-bengaluru-5-to-8-years-190826038436","","chatbot_unknown"
"job_1790855846932_t4x4s","1/10/2026, 5:27:26 pm","NAUKRI","Java Backend Developer | Spring Boot | Microservices","Infosys","Hybrid - Hyderabad, Pune, Bengaluru","SKIPPED","https://www.naukri.com/job-listings-java-backend-developer-spring-boot-microservices-infosys-hyderabad-pune-bengaluru-5-to-8-years-190826038373","","chatbot_unknown"
"job_1790855846932_7c5ar","1/10/2026, 5:27:26 pm","NAUKRI","Java Spring Boot, microservices Developer-s","Infosys","Hybrid - Hyderabad, Pune, Bengaluru","SKIPPED","https://www.naukri.com/job-listings-java-spring-boot-microservices-developer-s-infosys-hyderabad-pune-bengaluru-5-to-9-years-240826031410","","chatbot_unknown"
"job_1790855846932_z2797","1/10/2026, 5:27:26 pm","NAUKRI","CNA Developer","Logic Planet","Hyderabad, Mumbai, Kolkata, New Delhi, Pune, Chennai, Bengaluru","SKIPPED","https://www.naukri.com/job-listings-cna-developer-logicplanet-it-services-kolkata-mumbai-new-delhi-hyderabad-pune-chennai-bengaluru-5-to-15-years-200226504906","","already_applied"
"job_1790855846932_417qf","1/10/2026, 5:27:26 pm","NAUKRI","Developer","tekskill","Hyderabad","SKIPPED","https://www.naukri.com/job-listings-developer-tekskills-hyderabad-4-to-9-years-180826938941","","unknown_state"
"job_1790855846932_cv8yw","1/10/2026, 5:27:26 pm","NAUKRI","Node.js","Billmart Fintech","Hyderabad, Mumbai, Kolkata, New Delhi, Pune, Chennai, Bengaluru","SKIPPED","https://www.naukri.com/job-listings-node-js-billmart-finttech-private-limited-kolkata-mumbai-new-delhi-hyderabad-pune-chennai-bengaluru-1-to-5-years-191124503342","","already_applied"
"job_1790855846933_fsx7u","1/10/2026, 5:27:26 pm","NAUKRI","Full Stack Developer","Netlink Software","Hyderabad, Mumbai, Kolkata, New Delhi, Pune, Chennai, Bengaluru","SKIPPED","https://www.naukri.com/job-listings-full-stack-developer-netlink-software-group-america-inc-kolkata-mumbai-new-delhi-hyderabad-pune-chennai-bengaluru-0-to-5-years-150125501603","","already_applied"
"job_1790855846933_qte0n","1/10/2026, 5:27:26 pm","NAUKRI","Full Stack Developer- Java8/Spring Boot/Kafka","Knowledge Capital Services","Hyderabad","SKIPPED","https://www.naukri.com/job-listings-full-stack-developer-java8-spring-boot-kafka-knowledge-capital-services-pvt-ltd-hyderabad-3-to-8-years-010221501579","","already_applied"
"job_1790855846933_p8myo","1/10/2026, 5:27:26 pm","NAUKRI","Java Full Stack Developer","Erudio Technologies","Hybrid - Hyderabad, Chennai, Bengaluru","SKIPPED","https://www.naukri.com/job-listings-java-full-stack-developer-erudio-technologies-hyderabad-chennai-bengaluru-3-to-8-years-190826033239","","unknown_state"
"job_1790855846933_lgtqk","1/10/2026, 5:27:26 pm","NAUKRI","SAP BRIM","Tech Stalwart Solution","Hyderabad, Mumbai, Kolkata, New Delhi, Pune, Chennai, Bengaluru","SKIPPED","https://www.naukri.com/job-listings-sap-brim-tech-stalwart-solution-private-limited-kolkata-mumbai-new-delhi-hyderabad-pune-chennai-bengaluru-3-to-7-years-200325505266","","already_applied"
"job_1790855846933_lh10a","1/10/2026, 5:27:26 pm","NAUKRI","Java Full Stack Developer (Angular.Js)","Infosys","Hybrid - Hyderabad, Chennai, Bengaluru","SKIPPED","https://www.naukri.com/job-listings-java-full-stack-developer-angular-js-infosys-hyderabad-chennai-bengaluru-5-to-8-years-100826024124","","chatbot_unknown"
"job_1790855846934_04csr","1/10/2026, 5:27:26 pm","NAUKRI","Java Spring Boot Angular Developer","Tata Consultancy Services","Hyderabad, Pune, Chennai","SKIPPED","https://www.naukri.com/job-listings-java-spring-boot-angular-developer-tata-consultancy-services-hyderabad-pune-chennai-7-to-10-years-130826034430","","chatbot_unknown"
"job_1790855846934_pptj4","1/10/2026, 5:27:26 pm","NAUKRI","Java Full Stack Developer","Trigent Software,","Hyderabad","SKIPPED","https://www.naukri.com/job-listings-java-full-stack-developer-trigent-software-hyderabad-5-to-7-years-180826045988","","chatbot_unknown"
"job_1790855846934_z3pd9","1/10/2026, 5:27:26 pm","NAUKRI","Java Full Stack Developer 3 To 10 years","CONFIDENTIAL","Hybrid - Hyderabad, Chennai, Bengaluru","SKIPPED","https://www.naukri.com/job-listings-java-full-stack-developer-3-to-10-years-integel-institute-of-technology-tamil-nadu-hyderabad-chennai-bengaluru-3-to-8-years-110826015662","","unknown_state"
"job_1790855846934_quurv","1/10/2026, 5:27:26 pm","NAUKRI","Java Spring Boot Microservices Developer","Leading Client","Hyderabad","SKIPPED","https://www.naukri.com/job-listings-java-spring-boot-microservices-developer-tekskills-india-private-limited-hyderabad-5-to-10-years-210826917435","","unknown_state"
"job_1790855846935_okjjj","1/10/2026, 5:27:26 pm","NAUKRI","Java Full Stack Developer","Infosys","Hyderabad, Chennai, Bengaluru","SKIPPED","https://www.naukri.com/job-listings-java-full-stack-developer-infosys-hyderabad-chennai-bengaluru-2-to-3-years-190826037067","","unknown_state"
"job_1790855846935_2blrl","1/10/2026, 5:27:26 pm","NAUKRI","Software Engineer - DevSecOps","CGI","Hyderabad","SKIPPED","https://www.naukri.com/job-listings-software-engineer-devsecops-cgi-information-systems-and-management-consultants-hyderabad-3-to-6-years-270826919773","","unknown_state"
"job_1790855846935_bzmd3","1/10/2026, 5:27:26 pm","NAUKRI","Java + Angular Developer (2-3yrs)","Infosys","Hybrid - Hyderabad, Pune, Bengaluru","SKIPPED","https://www.naukri.com/job-listings-java-angular-developer-2-3yrs-infosys-hyderabad-pune-bengaluru-2-to-3-years-200826026958","","unknown_state"
"job_1790855846935_rplnq","1/10/2026, 5:27:26 pm","NAUKRI","Java + Angular Developer","Infosys","Hybrid - Hyderabad, Chennai, Bengaluru","SKIPPED","https://www.naukri.com/job-listings-java-angular-developer-infosys-hyderabad-chennai-bengaluru-2-to-3-years-200826026820","","unknown_state"
"job_1790855846936_kyzzt","1/10/2026, 5:27:26 pm","NAUKRI","Fircosoft Developer","Amakshar Technology","Hyderabad","SKIPPED","https://www.naukri.com/job-listings-fircosoft-developer-amakshar-technology-hyderabad-5-to-10-years-160426501048","","unknown_state"
"job_1790855846936_ma1sx","1/10/2026, 5:27:26 pm","NAUKRI","Java Full Stack Developer","Infosys","Hyderabad, Mumbai (All Areas), Bengaluru","SKIPPED","https://www.naukri.com/job-listings-java-full-stack-developer-infosys-hyderabad-bengaluru-mumbai-all-areas-2-to-5-years-020726005307","","already_applied"
"job_1790855846936_5aacl","1/10/2026, 5:27:26 pm","NAUKRI","Java Developer","Grid Dynamics","Hyderabad, Chennai, Bengaluru","SKIPPED","https://www.naukri.com/job-listings-java-developer-grid-dynamics-private-limited-hyderabad-chennai-bengaluru-1-to-6-years-190826931753","","unknown_state"
"job_1790855846936_e6f32","1/10/2026, 5:27:26 pm","NAUKRI","Full Stack Developer Java jQuery AI-Assisted Development","Quess Corp","Hyderabad, Chennai, Bengaluru","SKIPPED","https://www.naukri.com/job-listings-full-stack-developer-java-jquery-ai-assisted-development-quess-hyderabad-chennai-bengaluru-3-to-5-years-020926005578","","unknown_state"
"job_1790855846936_0mmzc","1/10/2026, 5:27:26 pm","NAUKRI","Java Full Stack Developer","TechBlocks","Hyderabad, Ahmedabad","SKIPPED","https://www.naukri.com/job-listings-java-full-stack-developer-techblocks-hyderabad-ahmedabad-8-to-14-years-310826002631","","chatbot_unknown"
"job_1790855846937_kbi5g","1/10/2026, 5:27:26 pm","NAUKRI","Java Developer","Mingledorffs Tech Private Ltd","Hyderabad","SKIPPED","https://www.naukri.com/job-listings-java-developer-mingledorffs-tech-private-ltd-hyderabad-3-to-8-years-010926017906","","unknown_state"
"job_1790855846937_4bzvj","1/10/2026, 5:27:26 pm","NAUKRI","Walk-in || Java Developer (React) - Immediate Joiner","ADP Private Limited","Hybrid - Hyderabad","SKIPPED","https://www.naukri.com/job-listings-java-developer-react-immediate-joiner-adp-private-limited-hyderabad-3-to-6-years-010926016286","","no_apply_button"
"job_1790855846937_4dhmb","1/10/2026, 5:27:26 pm","NAUKRI","Java Spring Boot with AWS_ Virtual drive in Week days","Tata Consultancy Services","Hyderabad","SKIPPED","https://www.naukri.com/job-listings-java-spring-boot-with-aws-virtual-drive-in-week-days-tata-consultancy-services-hyderabad-6-to-11-years-310826027737","","unknown_state"
"job_1790855846937_2326j","1/10/2026, 5:27:26 pm","NAUKRI","Opening For Java Spring Boot API Developer","Tekskills India Pvt ltd","Hyderabad","SKIPPED","https://www.naukri.com/job-listings-opening-for-java-spring-boot-api-developer-tekskills-hyderabad-8-to-12-years-180826927133","","unknown_state"
"job_1790855846937_0difd","1/10/2026, 5:27:26 pm","NAUKRI","Java Full Stack Developer(Angular)","Infosys","Hybrid - Hyderabad, Chennai, Bengaluru","SKIPPED","https://www.naukri.com/job-listings-java-full-stack-developer-angular-infosys-hyderabad-chennai-bengaluru-2-to-5-years-020726025175","","unknown_state"
"job_1790855846938_bknli","1/10/2026, 5:27:26 pm","NAUKRI","Java Full Stack Developer-INF (2 To 8 YRS)","Infosys","Hyderabad, Chennai, Bengaluru","SKIPPED","https://www.naukri.com/job-listings-java-full-stack-developer-inf-2-to-8-yrs-infosys-hyderabad-chennai-bengaluru-2-to-7-years-100826023694","","unknown_state"
"job_1790855846938_dmegv","1/10/2026, 5:27:26 pm","NAUKRI","Java + React Developer_2-3 yrs","Infosys","Hybrid - Hyderabad, Chennai, Bengaluru","SKIPPED","https://www.naukri.com/job-listings-java-react-developer-2-3-yrs-infosys-hyderabad-chennai-bengaluru-2-to-3-years-200826030649","","unknown_state"
"job_1790855846938_ut30r","1/10/2026, 5:27:26 pm","NAUKRI","Java + Angular Developer_2-3 yrs","Infosys","Hybrid - Hyderabad, Chennai, Bengaluru","SKIPPED","https://www.naukri.com/job-listings-java-angular-developer-2-3-yrs-infosys-hyderabad-chennai-bengaluru-2-to-3-years-200826030274","","unknown_state"
"job_1790855846938_asjzc","1/10/2026, 5:27:26 pm","NAUKRI","Java Back End Developer","Infosys","Hybrid - Hyderabad, Pune, Bengaluru","SKIPPED","https://www.naukri.com/job-listings-java-back-end-developer-infosys-hyderabad-pune-bengaluru-5-to-10-years-290826005860","","unknown_state"
"job_1790855846938_iowqf","1/10/2026, 5:27:26 pm","NAUKRI","Java Developer-S","Infosys","Hybrid - Hyderabad, Pune, Bengaluru","SKIPPED","https://www.naukri.com/job-listings-java-developer-s-infosys-hyderabad-pune-bengaluru-5-to-8-years-180826048533","","unknown_state"
"job_1790855846939_bfech","1/10/2026, 5:27:26 pm","NAUKRI","Java Spring Boot and Microservices Developer","Tata Consultancy Services","Hyderabad, Chennai, Bengaluru","SKIPPED","https://www.naukri.com/job-listings-java-spring-boot-and-microservices-developer-tata-consultancy-services-hyderabad-chennai-bengaluru-6-to-10-years-150826001960","","unknown_state"
"job_1790855846939_rcvvg","1/10/2026, 5:27:26 pm","NAUKRI","Java React FullStack Developer","Deloitte US-India Offices","Hybrid - Hyderabad, Chennai, Bengaluru","SKIPPED","https://www.naukri.com/job-listings-java-react-fullstack-developer-deloitte-us-india-offices-hyderabad-chennai-bengaluru-3-to-8-years-021225021467","","unknown_state"
"job_1790855846939_1tcm1","1/10/2026, 5:27:26 pm","NAUKRI","Java Full Stack Developer","Orcapod Consulting Services Private Limited","Hyderabad, Mumbai, Bengaluru","SKIPPED","https://www.naukri.com/job-listings-java-full-stack-developer-orcapod-consulting-services-mumbai-hyderabad-bengaluru-6-to-10-years-120526012609","","unknown_state"
"job_1790855846939_le62u","1/10/2026, 5:27:26 pm","NAUKRI","Java Full Stack Developer(angular)3-5 years(only female)","Infosys","Hybrid - Hyderabad","SKIPPED","https://www.naukri.com/job-listings-java-full-stack-developer-angular-3-5-years-only-female-infosys-hyderabad-3-to-5-years-030326031451","","unknown_state"
"job_1790855846939_vi0jp","1/10/2026, 5:27:26 pm","NAUKRI","Java Developer-Azure Cloud","Infosys","Hybrid - Hyderabad, Chennai, Bengaluru","SKIPPED","https://www.naukri.com/job-listings-java-developer-azure-cloud-infosys-hyderabad-chennai-bengaluru-2-to-3-years-120826000217","","unknown_state"
"job_1790855846939_f6fbc","1/10/2026, 5:27:26 pm","NAUKRI","Java Back End Developer | Springboot | Microservices","Infosys","Hyderabad, Chennai, Bengaluru","SKIPPED","https://www.naukri.com/job-listings-java-back-end-developer-springboot-microservices-infosys-hyderabad-chennai-bengaluru-3-to-6-years-110826000033","","unknown_state"
"job_1790855846940_ohdyd","1/10/2026, 5:27:26 pm","NAUKRI","Java Full Stack Developer (React JS)","Tata Consultancy Services","Hyderabad, Chennai, Bengaluru","SKIPPED","https://www.naukri.com/job-listings-java-full-stack-developer-react-js-tata-consultancy-services-hyderabad-chennai-bengaluru-8-to-12-years-310826003026","","unknown_state"
"job_1790855846940_betc7","1/10/2026, 5:27:26 pm","NAUKRI","Java Full Stack Developer","Infosys","Hyderabad, Chennai, Bengaluru","SKIPPED","https://www.naukri.com/job-listings-java-full-stack-developer-infosys-hyderabad-chennai-bengaluru-7-to-12-years-270726030695","","unknown_state"
"job_1790855846940_4bpad","1/10/2026, 5:27:26 pm","NAUKRI","Java Full Stack Developer","Infosys","Hyderabad, Pune, Bengaluru","SKIPPED","https://www.naukri.com/job-listings-java-full-stack-developer-infosys-hyderabad-pune-bengaluru-5-to-10-years-150626020046","","unknown_state"
"job_1790855846940_w6xys","1/10/2026, 5:27:26 pm","NAUKRI","Java Full Stack Developer","Experis","Hybrid - Hyderabad, Chennai, Bengaluru","SKIPPED","https://www.naukri.com/job-listings-java-full-stack-developer-experis-hyderabad-chennai-bengaluru-6-to-10-years-020926009137","","unknown_state"
"job_1790855846940_p7ng7","1/10/2026, 5:27:26 pm","NAUKRI","Lead Java Full Stack Developer","CGI","Hybrid - Hyderabad","SKIPPED","https://www.naukri.com/job-listings-lead-java-full-stack-developer-cgi-hyderabad-7-to-12-years-010926035479","","unknown_state"
"job_1790855846940_w9xuz","1/10/2026, 5:27:26 pm","NAUKRI","Java Full Stack Developer","Cloudxtreme","Hyderabad, Bengaluru","SKIPPED","https://www.naukri.com/job-listings-java-full-stack-developer-cloudxtreme-hyderabad-bengaluru-5-to-9-years-010926031768","","unknown_state"
"job_1790855846941_hun37","1/10/2026, 5:27:26 pm","NAUKRI","AWS Java Full Stack Developer with Angular","Tata Consultancy Services","Hyderabad, Chennai, Bengaluru","SKIPPED","https://www.naukri.com/job-listings-aws-java-full-stack-developer-with-angular-tata-consultancy-services-hyderabad-chennai-bengaluru-8-to-10-years-120826042228","","unknown_state"
"job_1790855846941_b4v0p","1/10/2026, 5:27:26 pm","NAUKRI","NBBL - Senior Associate Application Development (Java Developer )","National Payments Corporation of India (NPCI)","Hyderabad(Narsingi), Mumbai (All Areas)(Goregaon), Chennai(Siruseri Sipcot IT Park)","SKIPPED","https://www.naukri.com/job-listings-nbbl-senior-associate-application-development-java-developer-national-payments-corporation-of-india-npci-hyderabad-chennai-mumbai-all-areas-3-to-5-years-140826029511","","unknown_state"
"job_1790855846941_g9gi8","1/10/2026, 5:27:26 pm","NAUKRI","Java Developer (3 To 8 years)","Erudio Technologies","Hybrid - Hyderabad, Chennai, Bengaluru","SKIPPED","https://www.naukri.com/job-listings-java-developer-3-to-8-years-erudio-technologies-hyderabad-chennai-bengaluru-3-to-8-years-110826013926","","unknown_state"
"job_1790855846941_zav30","1/10/2026, 5:27:26 pm","NAUKRI","Java Developer","Infosys","Hybrid - Hyderabad, Chennai, Bengaluru","SKIPPED","https://www.naukri.com/job-listings-java-developer-infosys-hyderabad-chennai-bengaluru-2-to-7-years-310826024045","","unknown_state"
"job_1790855846941_nd6mf","1/10/2026, 5:27:26 pm","NAUKRI","Java Developer-INF (3 -5 YRS)","Infosys","Hyderabad, Chennai, Bengaluru","SKIPPED","https://www.naukri.com/job-listings-java-developer-inf-3-5-yrs-infosys-hyderabad-chennai-bengaluru-3-to-6-years-100826023702","","unknown_state"
"job_1790855846941_zne3p","1/10/2026, 5:27:26 pm","NAUKRI","Senior Java Developer","Crisil","Hyderabad, Mumbai (All Areas), Pune","SKIPPED","https://www.naukri.com/job-listings-senior-java-developer-crisil-hyderabad-pune-mumbai-all-areas-8-to-9-years-010926025648","","unknown_state"
"job_1790855846942_ozwil","1/10/2026, 5:27:26 pm","NAUKRI","Java full stack Architect-STG","Infosys","Hyderabad, Kolkata, Pune","SKIPPED","https://www.naukri.com/job-listings-java-full-stack-architect-stg-infosys-kolkata-hyderabad-pune-10-to-15-years-240726031741","","unknown_state"
"job_1790855846942_rdm6t","1/10/2026, 5:27:26 pm","NAUKRI","Java full stack architect","Infosys","Hyderabad, Chennai, Bengaluru","SKIPPED","https://www.naukri.com/job-listings-java-full-stack-architect-infosys-hyderabad-chennai-bengaluru-5-to-10-years-240726031579","","unknown_state"
"job_1790855846942_afa47","1/10/2026, 5:27:26 pm","NAUKRI","Java Developer","AurumData Solutions","Hyderabad","SKIPPED","https://www.naukri.com/job-listings-java-developer-aurum-data-solutions-hyderabad-6-to-10-years-010926035038","","unknown_state"
"job_1790855846942_5u9av","1/10/2026, 5:27:26 pm","NAUKRI","Java Full Stack Developer","Infosys","Hyderabad, Mumbai (All Areas), Bengaluru","SKIPPED","https://www.naukri.com/job-listings-java-full-stack-developer-infosys-hyderabad-bengaluru-mumbai-all-areas-5-to-10-years-290826009663","","unknown_state"
"job_1790855846942_a5hvo","1/10/2026, 5:27:26 pm","NAUKRI","Java Full Stack Developer","KRG Technologies","Hybrid - Hyderabad","SKIPPED","https://www.naukri.com/job-listings-java-full-stack-developer-krg-technologies-hyderabad-5-to-10-years-260826031534","","unknown_state"
"job_1790855846943_t6tlr","1/10/2026, 5:27:26 pm","NAUKRI","Java Full Stack Developer","Radiant Digital Solutions","Hybrid - Hyderabad","SKIPPED","https://www.naukri.com/job-listings-java-full-stack-developer-radiant-digital-solutions-hyderabad-10-to-20-years-260826023241","","unknown_state"
"job_1790855846943_u1zpf","1/10/2026, 5:27:26 pm","NAUKRI","Java Full Stack Developer","Sonata Software","Hybrid - Hyderabad, Chennai, Bengaluru","SKIPPED","https://www.naukri.com/job-listings-java-full-stack-developer-sonata-software-hyderabad-chennai-bengaluru-6-to-11-years-210126043373","","unknown_state"
"job_1790855846943_wgy4a","1/10/2026, 5:27:26 pm","NAUKRI","Java Full Stack Developer","State Street","Hybrid - Hyderabad","SKIPPED","https://www.naukri.com/job-listings-java-full-stack-developer-10-to-17-years-160726037287","","unknown_state"
"job_1790855846943_24tq5","1/10/2026, 5:27:26 pm","NAUKRI","Java Developer** Infosys","Infosys","Hybrid - Hyderabad, Pune, Bengaluru","SKIPPED","https://www.naukri.com/job-listings-java-developer-infosys-infosys-hyderabad-pune-bengaluru-3-to-8-years-300525031601","","unknown_state"
"job_1790855846943_udij2","1/10/2026, 5:27:26 pm","NAUKRI","Java Backend Developer (3 To 10 Years)","Erudio Technologies","Hybrid - Hyderabad, Chennai, Bengaluru","SKIPPED","https://www.naukri.com/job-listings-java-backend-developer-3-to-10-years-erudio-technologies-hyderabad-chennai-bengaluru-3-to-8-years-280826008505","","unknown_state"
"job_1790855846944_cqsu5","1/10/2026, 5:27:26 pm","NAUKRI","Java Developer -((PAN INDIA))","Infosys","Hybrid - Hyderabad, Chennai, Bengaluru","SKIPPED","https://www.naukri.com/job-listings-java-developer-pan-india-infosys-hyderabad-chennai-bengaluru-3-to-8-years-270525019631","","unknown_state"
"job_1790855846944_8kiew","1/10/2026, 5:27:26 pm","NAUKRI","Java Developer ( PAN INDIA )","Infosys","Hybrid - Hyderabad, Chandigarh, Bengaluru","SKIPPED","https://www.naukri.com/job-listings-java-developer-pan-india-infosys-chandigarh-hyderabad-bengaluru-3-to-8-years-270525019429","","unknown_state"
"job_1790855846944_uvrjb","1/10/2026, 5:27:26 pm","NAUKRI","Java fullstack Angular-S","Infosys","Hybrid - Hyderabad, Chennai, Bengaluru","SKIPPED","https://www.naukri.com/job-listings-java-fullstack-angular-s-infosys-hyderabad-chennai-bengaluru-2-to-7-years-240826031604","","unknown_state"
"job_1790855846944_luyui","1/10/2026, 5:27:26 pm","NAUKRI","Java Fullstack (Angular) Developer","Infosys","Hyderabad","SKIPPED","https://www.naukri.com/job-listings-java-fullstack-angular-developer-infosys-hyderabad-3-to-5-years-240826012335","","unknown_state"
"job_1790855846944_8bdcw","1/10/2026, 5:27:26 pm","NAUKRI","Java + Spring boot Developer_2-3yrs","Infosys","Hybrid - Hyderabad, Chennai, Bengaluru","SKIPPED","https://www.naukri.com/job-listings-java-spring-boot-developer-2-3yrs-infosys-hyderabad-chennai-bengaluru-2-to-3-years-200826032888","","unknown_state"
"job_1790855846944_oibbp","1/10/2026, 5:27:26 pm","NAUKRI","AVP-java-Payment System","BharatHire.Com Private Limited","Hyderabad, Navi Mumbai, Mumbai (All Areas)","SKIPPED","https://www.naukri.com/job-listings-avp-java-system-bharathire-com-private-limited-hyderabad-navi-mumbai-mumbai-all-areas-12-to-19-years-310826913602","","unknown_state"
"job_1790855846945_uaigh","1/10/2026, 5:27:26 pm","NAUKRI","NBBL - Application Development (Java Developer)","National Payments Corporation of India (NPCI)","Hyderabad(Narsingi), Mumbai (All Areas)(Goregaon), Chennai(Siruseri Sipcot IT Park)","SKIPPED","https://www.naukri.com/job-listings-nbbl-application-development-java-developer-national-payments-corporation-of-india-npci-hyderabad-chennai-mumbai-all-areas-11-to-16-years-300826004327","","unknown_state"
"job_1790855846945_2eets","1/10/2026, 5:27:26 pm","NAUKRI","Java Developer (H)","Infosys","Hybrid - Hyderabad, Pune, Bengaluru","SKIPPED","https://www.naukri.com/job-listings-java-developer-h-infosys-hyderabad-pune-bengaluru-3-to-8-years-160525041452","","unknown_state"
"job_1790855846945_9nsbv","1/10/2026, 5:27:26 pm","NAUKRI","Java Backend Developer-S","Infosys","Hybrid - Hyderabad, Pune, Bengaluru","SKIPPED","https://www.naukri.com/job-listings-java-backend-developer-s-infosys-hyderabad-pune-bengaluru-8-to-13-years-240826031648","","unknown_state"
"job_1790855846945_iihbk","1/10/2026, 5:27:26 pm","NAUKRI","Java Spring Boot + SQL Developer","Arohak Technologies","Hyderabad","SKIPPED","https://www.naukri.com/job-listings-java-spring-boot-sql-developer-arohak-technologies-hyderabad-6-to-10-years-150826000218","","unknown_state"
"job_1790855846946_llr9q","1/10/2026, 5:27:26 pm","NAUKRI","Java Full Stack Developer","Infosys","Hyderabad","SKIPPED","https://www.naukri.com/job-listings-java-full-stack-developer-infosys-limited-hyderabad-3-to-5-years-170826920007","","unknown_state"
"job_1790855846946_3ergn","1/10/2026, 5:27:26 pm","NAUKRI","Java Full Stack Developer","NTT DATA BUSINESS SOLUTIONS","Hyderabad, Bengaluru","SKIPPED","https://www.naukri.com/job-listings-java-full-stack-developer-ntt-data-services-india-private-limited-hyderabad-bengaluru-2-to-5-years-210826924612","","unknown_state"
"job_1790855846946_qjqgh","1/10/2026, 5:27:26 pm","NAUKRI","Java Full Stack Developer","Zensar","Hybrid - Hyderabad, Pune, Bengaluru","SKIPPED","https://www.naukri.com/job-listings-java-full-stack-developer-zensar-hyderabad-pune-bengaluru-2-to-4-years-190826013089","","unknown_state"
"job_1790855846946_u4zb8","1/10/2026, 5:27:26 pm","NAUKRI","Java Full Stack Developer","Kumaran Systems","Hybrid - Hyderabad","SKIPPED","https://www.naukri.com/job-listings-java-full-stack-developer-kumaran-systems-hyderabad-3-to-8-years-100726009347","","unknown_state"
"job_1790855846947_g9zjz","1/10/2026, 5:27:26 pm","NAUKRI","Java Full Stack Developer","Infosys","Hybrid - Hyderabad, Pune, Bengaluru","SKIPPED","https://www.naukri.com/job-listings-java-full-stack-developer-infosys-hyderabad-pune-bengaluru-2-to-3-years-070826009036","","unknown_state"
"job_1790855846947_zz9wl","1/10/2026, 5:27:26 pm","NAUKRI","Java Full Stack Developer","Infosys","Hyderabad, Chennai, Bengaluru","SKIPPED","https://www.naukri.com/job-listings-java-full-stack-developer-infosys-hyderabad-chennai-bengaluru-3-to-7-years-310526004062","","unknown_state"
"job_1790855846947_ea8nn","1/10/2026, 5:27:26 pm","NAUKRI","Java Full Stack Developer","Leading Client","Hyderabad","SKIPPED","https://www.naukri.com/job-listings-java-full-stack-developer-tekskills-india-private-limited-hyderabad-6-to-11-years-210826910781","","unknown_state"
"job_1790855846948_k7icf","1/10/2026, 5:27:26 pm","NAUKRI","Java Full Stack Developer - Java + React","Cognizant","Hybrid - Hyderabad, Bengaluru","SKIPPED","https://www.naukri.com/job-listings-java-full-stack-developer-java-react-cognizant-hyderabad-bengaluru-6-to-10-years-171025019773","","unknown_state"
"job_1790855846948_aihul","1/10/2026, 5:27:26 pm","NAUKRI","Java Full Stack Developer with React,","Teksystems","Hyderabad, Bengaluru","SKIPPED","https://www.naukri.com/job-listings-java-full-stack-developer-with-react-teksystems-global-services-hyderabad-bengaluru-10-to-15-years-060726027430","","unknown_state"
"job_1790855846948_f2ba9","1/10/2026, 5:27:26 pm","NAUKRI","Java Full Stack Developer - Pune","Infosys","Hyderabad, Mumbai (All Areas), Pune","SKIPPED","https://www.naukri.com/job-listings-java-full-stack-developer-pune-infosys-hyderabad-pune-mumbai-all-areas-5-to-8-years-051225037950","","unknown_state"
"job_1790855846948_kdl5f","1/10/2026, 5:27:26 pm","NAUKRI","Java Full Stack Developer","Infosys","Hybrid - Hyderabad, Chennai, Bengaluru","SKIPPED","https://www.naukri.com/job-listings-java-full-stack-developer-infosys-hyderabad-chennai-bengaluru-2-to-5-years-280726035387","","unknown_state"
"job_1790855846949_w905h","1/10/2026, 5:27:26 pm","NAUKRI","Java Full Stack Developer","Avk Tech Solutions","Hybrid - Hyderabad(Kondapur)","SKIPPED","https://www.naukri.com/job-listings-java-full-stack-developer-avk-tech-solutions-hyderabad-3-to-7-years-130826018259","","unknown_state"
"job_1790855846949_nx0lq","1/10/2026, 5:27:26 pm","NAUKRI","Java Full Stack Developer","Infosys","Hyderabad, Kolkata, Bengaluru","SKIPPED","https://www.naukri.com/job-listings-java-full-stack-developer-infosys-kolkata-hyderabad-bengaluru-2-to-3-years-120826009552","","unknown_state"
"job_1790855846949_5t86p","1/10/2026, 5:27:26 pm","NAUKRI","Java Full Stack Developer(React js)-INF","Infosys","Hyderabad, Chennai, Bengaluru","SKIPPED","https://www.naukri.com/job-listings-java-full-stack-developer-react-js-inf-infosys-hyderabad-chennai-bengaluru-3-to-8-years-060726001596","","already_applied"
"job_1790855846949_v0b9f","1/10/2026, 5:27:26 pm","NAUKRI","Java Full Stack Developer","Infosys","Hybrid - Hyderabad, Chennai, Bengaluru","SKIPPED","https://www.naukri.com/job-listings-java-full-stack-developer-infosys-hyderabad-chennai-bengaluru-2-to-3-years-030826024423","","unknown_state"
"job_1790855846949_pcvw1","1/10/2026, 5:27:26 pm","NAUKRI","Java Full Stack Developer- PAN INDIA","Infosys","Hybrid - Hyderabad, Chennai, Bengaluru","SKIPPED","https://www.naukri.com/job-listings-java-full-stack-developer-pan-india-infosys-hyderabad-chennai-bengaluru-3-to-5-years-100826004361","","unknown_state"
"job_1790855846949_zcti8","1/10/2026, 5:27:26 pm","NAUKRI","JAVA Fullstack Developer","Zennial Pro","Hyderabad, Noida, Pune","SKIPPED","https://www.naukri.com/job-listings-java-fullstack-developer-zennial-pro-noida-hyderabad-pune-6-to-11-years-130826911744","","unknown_state"
"job_1790855846949_5hz82","1/10/2026, 5:27:26 pm","NAUKRI","Java Full Stack Developer","LTM","Hyderabad","SKIPPED","https://www.naukri.com/job-listings-java-full-stack-developer-ltm-hyderabad-5-to-8-years-310826027377","","unknown_state"
"job_1790855846950_ixaa4","1/10/2026, 5:27:26 pm","NAUKRI","Java Full Stack Developer","SBASE Technologies","Hybrid - Hyderabad, Pune","SKIPPED","https://www.naukri.com/job-listings-java-full-stack-developer-sbase-technologies-hyderabad-pune-5-to-8-years-310826014362","","unknown_state"
"job_1790855846950_vcgu7","1/10/2026, 5:27:26 pm","NAUKRI","Java Full Stack Developer - H","Tata Consultancy Services","Hyderabad, Pune, Bengaluru","SKIPPED","https://www.naukri.com/job-listings-java-full-stack-developer-h-tata-consultancy-services-hyderabad-pune-bengaluru-5-to-10-years-310826007462","","unknown_state"
"job_1790855846950_7jrtj","1/10/2026, 5:27:26 pm","NAUKRI","Java Full Stack Developer","Infosys","Hyderabad, Chennai, Bengaluru","SKIPPED","https://www.naukri.com/job-listings-java-full-stack-developer-infosys-hyderabad-chennai-bengaluru-5-to-10-years-301225031256","","unknown_state"
"job_1790855846950_lpywp","1/10/2026, 5:27:26 pm","NAUKRI","Java Full Stack Developer","Capgemini","Hybrid - Hyderabad, Pune, Bengaluru","SKIPPED","https://www.naukri.com/job-listings-java-full-stack-developer-capgemini-hyderabad-pune-bengaluru-4-to-9-years-290726016309","","unknown_state"
"job_1790855846950_s7cu9","1/10/2026, 5:27:26 pm","NAUKRI","Java Full Stack Developer","Infosys","Hyderabad, Kolkata, Bengaluru","SKIPPED","https://www.naukri.com/job-listings-java-full-stack-developer-infosys-kolkata-hyderabad-bengaluru-5-to-10-years-181225035851","","unknown_state"
"job_1790855846950_7fvjn","1/10/2026, 5:27:26 pm","NAUKRI","Java Full Stack Developer","Infosys","Hyderabad, Chennai, Bengaluru","SKIPPED","https://www.naukri.com/job-listings-java-full-stack-developer-infosys-hyderabad-chennai-bengaluru-5-to-8-years-171225035098","","unknown_state"
"job_1790855846950_szc7x","1/10/2026, 5:27:26 pm","NAUKRI","Java Full Stack Developer - React","LTM","Hybrid - Hyderabad, Pune, Chennai","SKIPPED","https://www.naukri.com/job-listings-java-full-stack-developer-react-ltm-hyderabad-pune-chennai-6-to-10-years-150626032071","","unknown_state"
"job_1790855846950_p3k57","1/10/2026, 5:27:26 pm","NAUKRI","Java Full Stack Developer","Infosys","Hyderabad, Chennai, Bengaluru","SKIPPED","https://www.naukri.com/job-listings-java-full-stack-developer-infosys-hyderabad-chennai-bengaluru-9-to-14-years-090226028076","","unknown_state"
"job_1790855846951_qx7qv","1/10/2026, 5:27:26 pm","NAUKRI","Java Full Stack Developer","Infosys","Hyderabad, Pune, Bengaluru","SKIPPED","https://www.naukri.com/job-listings-java-full-stack-developer-infosys-hyderabad-pune-bengaluru-8-to-13-years-090226028041","","unknown_state"
"job_1790855846951_lumfq","1/10/2026, 5:27:26 pm","NAUKRI","Java Full Stack Developer","Cloudxtreme","Hyderabad, Bengaluru","SKIPPED","https://www.naukri.com/job-listings-java-full-stack-developer-cloudxtreme-hyderabad-bengaluru-5-to-10-years-030826013689","","unknown_state"
"job_1790855846951_0idao","1/10/2026, 5:27:26 pm","NAUKRI","Java Full Stack Developer","Epam Systems","Hybrid - Hyderabad, Pune, Chennai","SKIPPED","https://www.naukri.com/job-listings-java-full-stack-developer-epam-systems-hyderabad-pune-chennai-6-to-11-years-010926036903","","unknown_state"
"job_1790855846951_6paen","1/10/2026, 5:27:26 pm","NAUKRI","Java Full Stack Developer","Tata Consultancy Services","Hyderabad, Chennai, Bengaluru","SKIPPED","https://www.naukri.com/job-listings-java-full-stack-developer-tata-consultancy-services-hyderabad-chennai-bengaluru-5-to-10-years-010926036029","","unknown_state"
"job_1790855846951_jvk6o","1/10/2026, 5:27:26 pm","NAUKRI","Java Full Stack Developer","Hackajob","Hybrid - Hyderabad, Pune, Bengaluru","SKIPPED","https://www.naukri.com/job-listings-java-full-stack-developer-hackajob-hyderabad-pune-bengaluru-6-to-11-years-010926018293","","unknown_state"
"job_1790855846951_m7kh0","1/10/2026, 5:27:26 pm","NAUKRI","Java Full Stack Developer","Tata Consultancy Services","Hyderabad, Chennai, Bengaluru","SKIPPED","https://www.naukri.com/job-listings-java-full-stack-developer-tata-consultancy-services-hyderabad-chennai-bengaluru-5-to-10-years-160826003008","","unknown_state"
"job_1790855846951_u8y4a","1/10/2026, 5:27:26 pm","NAUKRI","Java Developer","IBM","Hybrid - Hyderabad, Chennai, Bengaluru","SKIPPED","https://www.naukri.com/job-listings-java-developer-platly-infotech-hyderabad-chennai-bengaluru-3-to-8-years-140826032200","","unknown_state"
"job_1790855846952_6bfex","1/10/2026, 5:27:26 pm","NAUKRI","Java Developer","CGI","Hyderabad","SKIPPED","https://www.naukri.com/job-listings-java-developer-cgi-information-systems-and-management-consultants-hyderabad-1-to-6-years-060826934844","","unknown_state"
"job_1790855846952_nohwz","1/10/2026, 5:27:26 pm","NAUKRI","Senior Python Engineer - AI & AWS","CGI","Hyderabad","SKIPPED","https://www.naukri.com/job-listings-senior-python-engineer-ai-aws-cgi-information-systems-and-management-consultants-hyderabad-3-to-7-years-060826934800","","unknown_state"
"job_1790855846952_9jei4","1/10/2026, 5:27:26 pm","NAUKRI",".Net+React JS Senior Developer","Infosys","Hyderabad","SKIPPED","https://www.naukri.com/job-listings-net-react-js-senior-developer-infosys-limited-hyderabad-3-to-5-years-010726930209","","unknown_state"
"job_1790855846952_w5mzy","1/10/2026, 5:27:26 pm","NAUKRI","Java Springboot Engineer","LTM","Hyderabad, Mumbai, Bengaluru","SKIPPED","https://www.naukri.com/job-listings-java-springboot-engineer-ltm-mumbai-hyderabad-bengaluru-5-to-12-years-010926036697","","unknown_state"
"job_1790855846952_4nv1o","1/10/2026, 5:27:26 pm","NAUKRI","Senior Full Stack Developer (Java, Node.js, JavaScript & Python)","Tata Consultancy Services","Hyderabad, Chennai, Bengaluru","SKIPPED","https://www.naukri.com/job-listings-senior-full-stack-developer-java-node-js-javascript-python-tata-consultancy-services-hyderabad-chennai-bengaluru-7-to-10-years-310826016571","","unknown_state"
"job_1790855846952_inpii","1/10/2026, 5:27:26 pm","NAUKRI","Java GCP Developer","People Prime Worldwide","Hyderabad","SKIPPED","https://www.naukri.com/job-listings-java-gcp-developer-people-prime-worldwide-hyderabad-7-to-12-years-230726014810","","unknown_state"
"job_1790855846953_swuci","1/10/2026, 5:27:26 pm","NAUKRI","Java Full Stack Developer","Infosys","Hyderabad, Mumbai (All Areas), Bengaluru","SKIPPED","https://www.naukri.com/job-listings-java-full-stack-developer-infosys-hyderabad-bengaluru-mumbai-all-areas-5-to-10-years-290826009694","","unknown_state"
"job_1790855846953_ybj45","1/10/2026, 5:27:26 pm","NAUKRI","Java Full Stack Developer","Infosys","Hybrid - Hyderabad, Chennai, Bengaluru","SKIPPED","https://www.naukri.com/job-listings-java-full-stack-developer-infosys-hyderabad-chennai-bengaluru-9-to-14-years-300826003471","","unknown_state"
"job_1790855846953_9yrip","1/10/2026, 5:27:26 pm","NAUKRI","Java Full Stack Developer","Cloudxtreme","Hyderabad, Chennai, Jaipur","SKIPPED","https://www.naukri.com/job-listings-java-full-stack-developer-cloudxtreme-hyderabad-chennai-jaipur-6-to-8-years-300426013255","","unknown_state"
"job_1790855846953_4py5j","1/10/2026, 5:27:26 pm","NAUKRI","Java Full Stack Developer","Cloudxtreme","Hyderabad, Bengaluru","SKIPPED","https://www.naukri.com/job-listings-java-full-stack-developer-cloudxtreme-hyderabad-bengaluru-5-to-10-years-290826008622","","unknown_state"
"job_1790855846953_mhxy3","1/10/2026, 5:27:26 pm","NAUKRI","Java + Azure _2-3yrs","Infosys","Hyderabad, Chennai, Bengaluru","SKIPPED","https://www.naukri.com/job-listings-java-azure-2-3yrs-infosys-hyderabad-chennai-bengaluru-2-to-3-years-200826033673","","unknown_state"
"job_1790855846954_e72z8","1/10/2026, 5:27:26 pm","NAUKRI","Java Developer - {PAN INDIA}","Infosys","Hybrid - Hyderabad, Pune, Bengaluru","SKIPPED","https://www.naukri.com/job-listings-java-developer-pan-india-infosys-hyderabad-pune-bengaluru-2-to-6-years-210325021182","","unknown_state"
"job_1790855846954_slbu8","1/10/2026, 5:27:26 pm","NAUKRI","JAVA Springboot Microservices -INF (2-9)YRS","Infosys","Hyderabad, Chennai, Bengaluru","SKIPPED","https://www.naukri.com/job-listings-java-springboot-microservices-inf-2-9-yrs-infosys-hyderabad-chennai-bengaluru-2-to-7-years-200826033407","","unknown_state"
"job_1790855846954_t6ufi","1/10/2026, 5:27:26 pm","NAUKRI","Java + Azure Developer (2-3 yrs)","Infosys","Hybrid - Hyderabad, Pune, Bengaluru","SKIPPED","https://www.naukri.com/job-listings-java-azure-developer-2-3-yrs-infosys-hyderabad-pune-bengaluru-2-to-3-years-200826032872","","unknown_state"
"job_1790855846954_2a7cz","1/10/2026, 5:27:26 pm","NAUKRI","Java Developer__INFOSYS__","Infosys","Hybrid - Hyderabad, Kolkata, Bengaluru","SKIPPED","https://www.naukri.com/job-listings-java-developer-infosys-infosys-kolkata-hyderabad-bengaluru-3-to-8-years-060625028149","","unknown_state"
"job_1790855846954_lymib","1/10/2026, 5:27:26 pm","NAUKRI","Fullstack Developer","Radiant Digital Solutions","Hybrid - Hyderabad","SKIPPED","https://www.naukri.com/job-listings-fullstack-developer-radiant-digital-solutions-hyderabad-8-to-12-years-260826011268","","unknown_state"
"job_1790855846954_ehphd","1/10/2026, 5:27:26 pm","NAUKRI","AWS Java Microservices | MNC | 5+ yrs!!","India's Largest IT Service Provider","Hyderabad, Chennai","SKIPPED","https://www.naukri.com/job-listings-aws-java-microservices-mnc-5-yrs-sp-staffing-hyderabad-chennai-5-to-10-years-250826027548","","unknown_state"
"job_1790855846954_clx6m","1/10/2026, 5:27:26 pm","NAUKRI","Specialist Programmer JAVA FULL STACK","Infosys","Hybrid - Hyderabad, Chennai, Bengaluru","SKIPPED","https://www.naukri.com/job-listings-specialist-programmer-java-full-stack-infosys-hyderabad-chennai-bengaluru-5-to-8-years-120826027845","","unknown_state"
"job_1790855846955_o04z9","1/10/2026, 5:27:26 pm","NAUKRI","Java Full Stack Developer","Infosys","Hyderabad","SKIPPED","https://www.naukri.com/job-listings-java-full-stack-developer-infosys-hyderabad-2-to-4-years-120226011477","","unknown_state"
"job_1790855846955_a1w14","1/10/2026, 5:27:26 pm","NAUKRI","Java Fullstack Developer","Infosys","Hyderabad, Mumbai (All Areas), Bengaluru","SKIPPED","https://www.naukri.com/job-listings-java-fullstack-developer-infosys-hyderabad-bengaluru-mumbai-all-areas-5-to-10-years-200726021397","","unknown_state"
"job_1790855846955_gffqu","1/10/2026, 5:27:26 pm","NAUKRI","Java fullstack/Springboot/java leads/developers/Managers & Architects","Fortune 500 IT MNC","Hybrid - Hyderabad, Mumbai (All Areas), Pune, Chennai, Bengaluru, Delhi / NCR","SKIPPED","https://www.naukri.com/job-listings-java-fullstack-springboot-java-leads-developers-managers-architects-mukul-consultants-hyderabad-pune-chennai-bengaluru-delhi-ncr-mumbai-all-areas-6-to-11-years-271225014703","","unknown_state"
"job_1790855846955_llr4e","1/10/2026, 5:27:26 pm","NAUKRI","Java Full Stack Developer/Lead","Hexaware Technologies","Hybrid - Hyderabad, Pune, Chennai","SKIPPED","https://www.naukri.com/job-listings-java-full-stack-developer-lead-hexaware-technologies-hyderabad-pune-chennai-6-to-11-years-060526013998","","unknown_state"
"job_1790855846955_n3jvr","1/10/2026, 5:27:26 pm","NAUKRI","Java Full Stack Developer + AWS","Tata Consultancy Services","Hyderabad, Indore, Pune","SKIPPED","https://www.naukri.com/job-listings-java-full-stack-developer-aws-tata-consultancy-services-indore-hyderabad-pune-6-to-10-years-150526008580","","unknown_state"
"job_1790855846955_x0utm","1/10/2026, 5:27:26 pm","NAUKRI","Java Fullstack (Angular) Developer","Infosys","Hyderabad","SKIPPED","https://www.naukri.com/job-listings-java-fullstack-angular-developer-infosys-limited-hyderabad-3-to-5-years-290626928169","","unknown_state"
"job_1790855846955_ff7jy","1/10/2026, 5:27:26 pm","NAUKRI","Java Developer (Bangalore)-H","Infosys","Hybrid - Hyderabad, Chennai, Bengaluru","SKIPPED","https://www.naukri.com/job-listings-java-developer-bangalore-h-infosys-hyderabad-chennai-bengaluru-3-to-8-years-280325021051","","unknown_state"
"job_1790855846955_tj9bn","1/10/2026, 5:27:26 pm","NAUKRI","Java Backend Developer - 3 To 20 years","CONFIDENTIAL","Hybrid - Hyderabad, Chennai, Bengaluru","SKIPPED","https://www.naukri.com/job-listings-java-backend-developer-3-to-20-years-integel-institute-of-technology-tamil-nadu-hyderabad-chennai-bengaluru-3-to-8-years-240826032806","","unknown_state"
"job_1790855846955_64ona","1/10/2026, 5:27:26 pm","NAUKRI","Full Stack Developer","Leading Client","Hyderabad","SKIPPED","https://www.naukri.com/job-listings-full-stack-developer-tekskills-india-private-limited-hyderabad-1-to-6-years-210826912011","","unknown_state"
"job_1790855846956_78w2b","1/10/2026, 5:27:26 pm","NAUKRI","Fresher Openings","Qualinsys Technologies","Hybrid - Hyderabad","SKIPPED","https://www.naukri.com/job-listings-fresher-openings-qualinsys-technologies-hyderabad-0-to-1-years-120425007722","","unknown_state"
"job_1790855846956_2dkbo","1/10/2026, 5:27:26 pm","NAUKRI","NBBL - Lead/Senior Lead Application Development(Java Developer)","National Payments Corporation of India (NPCI)","Hyderabad(Narsingi), Mumbai (All Areas)(Goregaon), Chennai(Siruseri Sipcot IT Park)","SKIPPED","https://www.naukri.com/job-listings-nbbl-lead-senior-lead-application-development-java-developer-national-payments-corporation-of-india-npci-hyderabad-chennai-mumbai-all-areas-9-to-14-years-210826016723","","unknown_state"
"job_1790855846956_zgcw9","1/10/2026, 5:27:26 pm","NAUKRI","Java fullstack Angular (3-5 years)","Infosys","Hybrid - Hyderabad","SKIPPED","https://www.naukri.com/job-listings-java-fullstack-angular-3-5-years-infosys-hyderabad-3-to-5-years-020326030107","","unknown_state"
"job_1790855846956_366ni","1/10/2026, 5:27:26 pm","NAUKRI","Technical Lead Java Fullstack (Cassandra, NodeJS)","Leading Client","Hyderabad","SKIPPED","https://www.naukri.com/job-listings-technical-lead-java-fullstack-cassandra-nodejs-tekskills-india-private-limited-hyderabad-6-to-11-years-210826917493","","unknown_state"
"job_1790855846957_07obe","1/10/2026, 5:27:26 pm","NAUKRI","Java Developer","Leading Client","Hyderabad","SKIPPED","https://www.naukri.com/job-listings-java-developer-tekskills-india-private-limited-hyderabad-8-to-13-years-210826910893","","unknown_state"
"job_1790855846957_agg3c","1/10/2026, 5:27:26 pm","NAUKRI","Senior full stack (Java + React) Developer","Tata Consultancy Services","Hyderabad, Pune, Bengaluru","SKIPPED","https://www.naukri.com/job-listings-senior-full-stack-java-react-developer-tata-consultancy-services-hyderabad-pune-bengaluru-7-to-11-years-210826004285","","unknown_state"
"job_1790855846957_k55fi","1/10/2026, 5:27:26 pm","NAUKRI","Java Full Stack Developer","Infosys","Hybrid - Hyderabad, Chennai, Bengaluru","SKIPPED","https://www.naukri.com/job-listings-java-full-stack-developer-infosys-hyderabad-chennai-bengaluru-2-to-5-years-280726035371","","unknown_state"
"job_1790855846957_nwt2c","1/10/2026, 5:27:26 pm","NAUKRI","Java Full Stack Developer","Infosys","Hybrid - Hyderabad, Chennai, Bengaluru","SKIPPED","https://www.naukri.com/job-listings-java-full-stack-developer-infosys-hyderabad-chennai-bengaluru-2-to-3-years-070826008746","","unknown_state"
"job_1790855846957_m5sj3","1/10/2026, 5:27:26 pm","NAUKRI","Java Full Stack Developer","Infosys","Hybrid - Hyderabad, Chennai, Bengaluru","SKIPPED","https://www.naukri.com/job-listings-java-full-stack-developer-infosys-hyderabad-chennai-bengaluru-2-to-3-years-060826037106","","unknown_state"
"job_1790855846957_2a2y7","1/10/2026, 5:27:26 pm","NAUKRI","Java Full Stack Developer","Infosys","Hybrid - Hyderabad, Chennai, Bengaluru","SKIPPED","https://www.naukri.com/job-listings-java-full-stack-developer-infosys-hyderabad-chennai-bengaluru-2-to-4-years-060826036449","","unknown_state"
"job_1790855846957_2v3et","1/10/2026, 5:27:26 pm","NAUKRI","Java Full Stack Developer -Hyderabad -g ( 3-5 yrs)","Infosys","Hybrid - Hyderabad, Chennai, Bengaluru","SKIPPED","https://www.naukri.com/job-listings-java-full-stack-developer-hyderabad-g-3-5-yrs-infosys-hyderabad-chennai-bengaluru-3-to-5-years-270426034007","","unknown_state"
"job_1790855846957_th09o","1/10/2026, 5:27:26 pm","NAUKRI","Java Full Stack Developer-INF (2 To 8 YRS)","Infosys","Hyderabad, Chennai, Bengaluru","SKIPPED","https://www.naukri.com/job-listings-java-full-stack-developer-inf-2-to-8-yrs-infosys-hyderabad-chennai-bengaluru-2-to-7-years-110826008302","","unknown_state"
"job_1790855846957_bu59f","1/10/2026, 5:27:26 pm","NAUKRI","Java Full Stack Developer-PAN INDIA","Infosys","Hybrid - Hyderabad, Pune, Chennai","SKIPPED","https://www.naukri.com/job-listings-java-full-stack-developer-pan-india-infosys-hyderabad-pune-chennai-2-to-3-years-100826023017","","unknown_state"
"job_1790855846958_a9wwh","1/10/2026, 5:27:26 pm","NAUKRI","Java Full Stack Developer","Infosys","Hyderabad, Chennai, Bengaluru","SKIPPED","https://www.naukri.com/job-listings-java-full-stack-developer-infosys-hyderabad-chennai-bengaluru-3-to-8-years-080826015529","","unknown_state"
"job_1790855846958_tthdh","1/10/2026, 5:27:26 pm","NAUKRI","Java Full Stack Developer- B","Infosys","Hybrid - Hyderabad, Chennai, Bengaluru","SKIPPED","https://www.naukri.com/job-listings-java-full-stack-developer-b-infosys-hyderabad-chennai-bengaluru-3-to-8-years-010526021546","","unknown_state"
"job_1790855846958_mkrna","1/10/2026, 5:27:26 pm","NAUKRI","Java Full Stack Developer","Aliqan Services","Hyderabad","SKIPPED","https://www.naukri.com/job-listings-java-full-stack-developer-aliqan-services-hyderabad-6-to-10-years-180826025996","","unknown_state"
"job_1790855846958_nn10q","1/10/2026, 5:27:26 pm","NAUKRI","Java Full Stack Developer","Alike Thoughts Infosystems","Hybrid - Hyderabad, Pune, Chennai","SKIPPED","https://www.naukri.com/job-listings-java-full-stack-developer-alike-thoughts-hyderabad-pune-chennai-5-to-8-years-210825042967","","unknown_state"
"job_1790855846958_sxqj3","1/10/2026, 5:27:26 pm","NAUKRI","Java Full Stack Developer","Coforge","Hybrid - Hyderabad","SKIPPED","https://www.naukri.com/job-listings-java-full-stack-developer-coforge-hyderabad-5-to-7-years-010926037428","","unknown_state"
"job_1790855846958_xwpln","1/10/2026, 5:27:26 pm","NAUKRI","Java Full Stack Developer -N","Tata Consultancy Services","Hyderabad, Pune, Bengaluru","SKIPPED","https://www.naukri.com/job-listings-java-full-stack-developer-n-tata-consultancy-services-hyderabad-pune-bengaluru-4-to-8-years-010926034636","","unknown_state"
"job_1790855846958_wid7q","1/10/2026, 5:27:26 pm","NAUKRI","Java Full Stack Developer","3Shool Technology Consultants","Hyderabad, Chennai, Bengaluru","SKIPPED","https://www.naukri.com/job-listings-java-full-stack-developer-3shool-technology-consultants-hyderabad-chennai-bengaluru-6-to-11-years-010926027886","","unknown_state"
"job_1790855846959_lurwy","1/10/2026, 5:27:26 pm","NAUKRI","Java Full Stack Developer- Java 17,Springboot,Rest API and SQL","Tata Consultancy Services","Hybrid - Hyderabad","SKIPPED","https://www.naukri.com/job-listings-java-full-stack-developer-java-17-springboot-rest-api-and-sql-tata-consultancy-services-hyderabad-6-to-10-years-280726034576","","unknown_state"
"job_1790855846959_kp5zt","1/10/2026, 5:27:26 pm","NAUKRI","Software Development Engineer 2","Nxtwave Disruptive Technologies","Hyderabad","SKIPPED","https://www.naukri.com/job-listings-software-development-engineer-2-nxtwave-disruptive-technologies-hyderabad-3-to-5-years-210726020059","","unknown_state"
"job_1790855846959_1awf5","1/10/2026, 5:27:26 pm","NAUKRI","Java Developer","Infosys","Hyderabad, Bengaluru, Delhi / NCR","SKIPPED","https://www.naukri.com/job-listings-java-developer-infosys-hyderabad-bengaluru-delhi-ncr-2-to-5-years-290826009326","","unknown_state"
"job_1790855846959_dvjgz","1/10/2026, 5:27:26 pm","NAUKRI","Java Developer","Infosys","Hyderabad, Chennai, Bengaluru","SKIPPED","https://www.naukri.com/job-listings-java-developer-infosys-hyderabad-chennai-bengaluru-2-to-7-years-190626004678","","unknown_state"
"job_1790855846959_mlpjd","1/10/2026, 5:27:26 pm","NAUKRI","Java GCP Developer","Infosys","Hyderabad, Pune, Bengaluru","SKIPPED","https://www.naukri.com/job-listings-java-gcp-developer-infosys-hyderabad-pune-bengaluru-2-to-5-years-280826012181","","unknown_state"
"job_1790855846959_ioyfq","1/10/2026, 5:27:26 pm","NAUKRI","Java + Springboot Developer","Infosys","Hybrid - Hyderabad, Chennai, Bengaluru","SKIPPED","https://www.naukri.com/job-listings-java-springboot-developer-infosys-hyderabad-chennai-bengaluru-2-to-3-years-200826029442","","unknown_state"
"job_1790855846960_kgktt","1/10/2026, 5:27:26 pm","NAUKRI","Java Developer","Infosys","Hybrid - Hyderabad, Chennai, Bengaluru","SKIPPED","https://www.naukri.com/job-listings-java-developer-infosys-hyderabad-chennai-bengaluru-2-to-3-years-290726034443","","unknown_state"
"job_1790855846960_kq18s","1/10/2026, 5:27:26 pm","NAUKRI","Java Developer","Infosys","Hybrid - Hyderabad, Chennai, Bengaluru","SKIPPED","https://www.naukri.com/job-listings-java-developer-infosys-hyderabad-chennai-bengaluru-2-to-3-years-280726035422","","unknown_state"
"job_1790855846960_mz4jk","1/10/2026, 5:27:26 pm","NAUKRI","Java Developer","Experian","Hyderabad","SKIPPED","https://www.naukri.com/job-listings-java-developer-experian-services-india-private-limited-hyderabad-2-to-7-years-170826927529","","unknown_state"
"job_1790855846960_m071i","1/10/2026, 5:27:26 pm","NAUKRI","Java Developer","Infosys","Hyderabad, Pune, Bengaluru","SKIPPED","https://www.naukri.com/job-listings-java-developer-infosys-hyderabad-pune-bengaluru-2-to-3-years-170826028998","","unknown_state"
"job_1790855846960_y8gkh","1/10/2026, 5:27:26 pm","NAUKRI","Java Developer","Persistent","Hyderabad","SKIPPED","https://www.naukri.com/job-listings-java-developer-persistent-hyderabad-2-to-4-years-140826013650","","unknown_state"
"job_1790855846960_j9ti5","1/10/2026, 5:27:26 pm","NAUKRI","Java Developer + React","Infosys","Hybrid - Hyderabad, Pune, Chennai","SKIPPED","https://www.naukri.com/job-listings-java-developer-react-infosys-hyderabad-pune-chennai-2-to-3-years-170826025516","","unknown_state"
"job_1790855846960_d6sig","1/10/2026, 5:27:26 pm","NAUKRI","Java Developer","Leading Client","Hyderabad","SKIPPED","https://www.naukri.com/job-listings-java-developer-tekskills-india-private-limited-hyderabad-3-to-8-years-210826912070","","unknown_state"
"job_1790855846961_wy2f5","1/10/2026, 5:27:26 pm","NAUKRI","Java Developer-N","Infosys","Hyderabad, Chennai, Bengaluru","SKIPPED","https://www.naukri.com/job-listings-java-developer-n-infosys-hyderabad-chennai-bengaluru-3-to-8-years-300726010971","","unknown_state"
"job_1790855846961_yo8ou","1/10/2026, 5:27:26 pm","NAUKRI","Java GCP Developer","Infosys","Hyderabad, Pune, Bengaluru","SKIPPED","https://www.naukri.com/job-listings-java-gcp-developer-infosys-hyderabad-pune-bengaluru-3-to-5-years-280826012171","","unknown_state"
"job_1790855846961_tj35i","1/10/2026, 5:27:26 pm","NAUKRI","JAVA Developer @ Infosys","Infosys","Hyderabad, Pune, Bengaluru","SKIPPED","https://www.naukri.com/job-listings-java-developer-infosys-infosys-hyderabad-pune-bengaluru-3-to-8-years-010125001796","","unknown_state"
"job_1790855846961_i80g8","1/10/2026, 5:27:26 pm","NAUKRI","Java Developer- Infosys","Infosys","Hyderabad, Chennai, Bengaluru","SKIPPED","https://www.naukri.com/job-listings-java-developer-infosys-infosys-hyderabad-chennai-bengaluru-5-to-9-years-290125014694","","unknown_state"
"job_1790855846961_vapd1","1/10/2026, 5:27:26 pm","NAUKRI","Java Developer","Capgemini","Hybrid - Hyderabad, Pune","SKIPPED","https://www.naukri.com/job-listings-java-developer-capgemini-hyderabad-pune-6-to-11-years-190826016914","","unknown_state"
"job_1790855846961_ogtli","1/10/2026, 5:27:26 pm","NAUKRI","Java Developer @ Infosys","Infosys","Hybrid - Hyderabad, Pune, Bengaluru","SKIPPED","https://www.naukri.com/job-listings-java-developer-infosys-infosys-hyderabad-pune-bengaluru-5-to-9-years-090126000731","","unknown_state"
"job_1790855846962_cgpbx","1/10/2026, 5:27:26 pm","NAUKRI","Java Developer -(3- 8 Years)-H","Infosys","Hybrid - Hyderabad, Kolkata, Chandigarh","SKIPPED","https://www.naukri.com/job-listings-java-developer-3-8-years-h-infosys-kolkata-chandigarh-hyderabad-5-to-9-years-230525013264","","unknown_state"
"job_1790855846962_l7r8h","1/10/2026, 5:27:26 pm","NAUKRI","Java Developer @ Infosys","Infosys","Hybrid - Hyderabad, Pune, Bengaluru","SKIPPED","https://www.naukri.com/job-listings-java-developer-infosys-infosys-hyderabad-pune-bengaluru-4-to-9-years-290925001313","","unknown_state"
"job_1790855846962_4w1qb","1/10/2026, 5:27:26 pm","NAUKRI","Java Developer","Tata Consultancy Services","Hyderabad, Pune, Chennai","SKIPPED","https://www.naukri.com/job-listings-java-developer-tata-consultancy-services-hyderabad-pune-chennai-5-to-9-years-170826020612","","unknown_state"
"job_1790855846962_je720","1/10/2026, 5:27:26 pm","NAUKRI","Java Developer","Jugla Technologies","Remote","SKIPPED","https://www.naukri.com/job-listings-java-developer-jugla-technologies-hyderabad-0-to-1-years-080826011701","","unknown_state"
"job_1790855846962_0nhl9","1/10/2026, 5:27:26 pm","NAUKRI","Java Developer -(3-8 yrs) -RA@ Infosys","Infosys","Hybrid - Hyderabad, Pune, Bengaluru","SKIPPED","https://www.naukri.com/job-listings-java-developer-3-8-yrs-ra-infosys-infosys-hyderabad-pune-bengaluru-3-to-8-years-270525024843","","unknown_state"
"job_1790855846962_61b9l","1/10/2026, 5:27:26 pm","NAUKRI","Java developer-- PAN INDIA","Infosys","Hybrid - Hyderabad, Chennai, Bengaluru","SKIPPED","https://www.naukri.com/job-listings-java-developer-pan-india-infosys-hyderabad-chennai-bengaluru-3-to-6-years-100826022832","","unknown_state"
"job_1790855846962_7ud3r","1/10/2026, 5:27:26 pm","NAUKRI","Java Developer- Pan India","Infosys","Hybrid - Hyderabad, Pune, Chennai","SKIPPED","https://www.naukri.com/job-listings-java-developer-pan-india-infosys-hyderabad-pune-chennai-3-to-5-years-100826004271","","unknown_state"
"job_1790855846963_dqool","1/10/2026, 5:27:26 pm","NAUKRI","Java Developer- B","Infosys","Hybrid - Hyderabad, Chennai, Bengaluru","SKIPPED","https://www.naukri.com/job-listings-java-developer-b-infosys-hyderabad-chennai-bengaluru-3-to-8-years-230426034588","","unknown_state"
"job_1790855846963_ky85f","1/10/2026, 5:27:26 pm","NAUKRI","Java Developer + React","Infosys","Hybrid - Hyderabad, Chennai, Bengaluru","SKIPPED","https://www.naukri.com/job-listings-java-developer-react-infosys-hyderabad-chennai-bengaluru-2-to-3-years-170826025391","","unknown_state"
"job_1790855846963_108vz","1/10/2026, 5:27:26 pm","NAUKRI","Java developer-","Infosys","Hybrid - Hyderabad, Chennai, Bengaluru","SKIPPED","https://www.naukri.com/job-listings-java-developer-infosys-hyderabad-chennai-bengaluru-2-to-3-years-290726009237","","unknown_state"
"job_1790855846963_i85vj","1/10/2026, 5:27:26 pm","NAUKRI","Java Developer","Persistent","Hyderabad","SKIPPED","https://www.naukri.com/job-listings-java-developer-persistent-systems-limited-hyderabad-4-to-8-years-171024012592","","unknown_state"
"job_1790855846964_id0c7","1/10/2026, 5:27:26 pm","NAUKRI","Java Developer","Nisum","Hyderabad","SKIPPED","https://www.naukri.com/job-listings-java-developer-nisum-hyderabad-8-to-13-years-310826012172","","unknown_state"
"job_1790855846964_u594b","1/10/2026, 5:27:26 pm","NAUKRI","Hiring For Java Developer at Hyderabad","Epam Systems","Hyderabad","SKIPPED","https://www.naukri.com/job-listings-hiring-for-java-developer-at-hyderabad-epam-systems-hyderabad-6-to-11-years-300826004317","","unknown_state"
"job_1790855846964_93f57","1/10/2026, 5:27:26 pm","NAUKRI","Java Developer - Pan India","Infosys","Hybrid - Hyderabad, Pune, Bengaluru","SKIPPED","https://www.naukri.com/job-listings-java-developer-pan-india-infosys-hyderabad-pune-bengaluru-5-to-9-years-010825021289","","unknown_state"
"job_1790855846965_ta2em","1/10/2026, 5:27:26 pm","NAUKRI","Hiring For Java Developer at CGI!","CGI","Hybrid - Hyderabad, Chennai, Bengaluru","SKIPPED","https://www.naukri.com/job-listings-hiring-for-java-developer-at-cgi-cgi-hyderabad-chennai-bengaluru-4-to-9-years-310826027127","","unknown_state"
"job_1790855846965_piigu","1/10/2026, 5:27:26 pm","NAUKRI","Java Developer","Nisum","Hyderabad","SKIPPED","https://www.naukri.com/job-listings-java-developer-nisum-hyderabad-8-to-13-years-310826008943","","unknown_state"
"job_1790855846965_l2nvj","1/10/2026, 5:27:26 pm","NAUKRI","Java Developer - H","Tata Consultancy Services","Hyderabad, Bengaluru","SKIPPED","https://www.naukri.com/job-listings-java-developer-h-tata-consultancy-services-hyderabad-bengaluru-5-to-10-years-310826007238","","unknown_state"
"job_1790855846965_jif3v","1/10/2026, 5:27:26 pm","NAUKRI","Java Developer","CGI","Hybrid - Hyderabad, Chennai, Bengaluru","SKIPPED","https://www.naukri.com/job-listings-java-developer-cgi-hyderabad-chennai-bengaluru-4-to-9-years-010726011514","","unknown_state"
"job_1790855846965_vsdcc","1/10/2026, 5:27:26 pm","NAUKRI","Java Developer-Bangalore-5-10 Yrs","Infosys","Hyderabad, Chennai, Bengaluru","SKIPPED","https://www.naukri.com/job-listings-java-developer-bangalore-5-10-yrs-infosys-hyderabad-chennai-bengaluru-5-to-9-years-300625021175","","unknown_state"
"job_1790855846966_fbese","1/10/2026, 5:27:26 pm","NAUKRI","Java Developer","Epam Systems","Hyderabad, Chennai, Coimbatore","SKIPPED","https://www.naukri.com/job-listings-java-developer-epam-systems-hyderabad-chennai-coimbatore-5-to-10-years-270826027465","","unknown_state"
"job_1790855846966_m5kef","1/10/2026, 5:27:26 pm","NAUKRI","Java Developer","Crescendo Global Leadership Hiring India","Hyderabad, Chennai, Bengaluru","SKIPPED","https://www.naukri.com/job-listings-java-developer-crescendo-global-leadership-hiring-india-hyderabad-chennai-bengaluru-6-to-11-years-050826007057","","unknown_state"
"job_1790855846966_jnwsg","1/10/2026, 5:27:26 pm","NAUKRI","Java Developer","Jarus Technologies","Hyderabad","SKIPPED","https://www.naukri.com/job-listings-java-developer-jarus-technologies-hyderabad-5-to-10-years-280726031157","","unknown_state"
"job_1790855846966_1ghjn","1/10/2026, 5:27:26 pm","NAUKRI","Java Developer","Tata Consultancy Services","Hyderabad, Chennai, Bengaluru","SKIPPED","https://www.naukri.com/job-listings-java-developer-tata-consultancy-services-hyderabad-chennai-bengaluru-5-to-10-years-240826001370","","unknown_state"
"job_1790855846966_aciyw","1/10/2026, 5:27:26 pm","NAUKRI","Java Developer","Leading Client","Hyderabad","SKIPPED","https://www.naukri.com/job-listings-java-developer-tekskills-india-private-limited-hyderabad-5-to-10-years-210826910769","","unknown_state"
"job_1790855846967_6xd5e","1/10/2026, 5:27:26 pm","NAUKRI","Walk-in || Java Developer || Hyderabad","Tata Consultancy Services","Hyderabad","SKIPPED","https://www.naukri.com/job-listings-java-developer-hyderabad-tata-consultancy-services-hyderabad-5-to-8-years-310826026270","","no_apply_button"
"job_1790855846967_26efp","1/10/2026, 5:27:26 pm","NAUKRI","Java Developer","Tata Consultancy Services","Hyderabad, Chennai, Bengaluru","SKIPPED","https://www.naukri.com/job-listings-java-developer-tata-consultancy-services-hyderabad-chennai-bengaluru-5-to-8-years-010926028353","","unknown_state"
"job_1790855846967_da52z","1/10/2026, 5:27:26 pm","NAUKRI","Java Developer","Tekskills india pvt ltd","Hybrid - Hyderabad, Pune, Bengaluru","SKIPPED","https://www.naukri.com/job-listings-java-developer-tekskills-hyderabad-pune-bengaluru-10-to-16-years-310826001802","","unknown_state"
"job_1790855846968_hv7d8","1/10/2026, 5:27:26 pm","NAUKRI","Java Developer","Adecco India","Hybrid - Hyderabad, Noida, Bengaluru","SKIPPED","https://www.naukri.com/job-listings-java-developer-adecco-india-noida-hyderabad-bengaluru-10-to-20-years-010926011650","","unknown_state"
"job_1790855846968_3uxab","1/10/2026, 5:27:26 pm","NAUKRI","Java Developer with Devops","Cyber Identity Solutions","Hybrid - Hyderabad, Chennai, Bengaluru","SKIPPED","https://www.naukri.com/job-listings-java-developer-with-devops-cyber-identity-solutions-hyderabad-chennai-bengaluru-3-to-8-years-010826012016","","unknown_state"
"job_1790855846968_6nl02","1/10/2026, 5:27:26 pm","NAUKRI","Java Developer","Infosys","Hyderabad, Bengaluru, Delhi / NCR","SKIPPED","https://www.naukri.com/job-listings-java-developer-infosys-hyderabad-bengaluru-delhi-ncr-5-to-10-years-290826009341","","unknown_state"
"job_1790855846968_ky22c","1/10/2026, 5:27:26 pm","NAUKRI","Java Developer","Epam Systems","Hybrid - Hyderabad, Pune, Bengaluru","SKIPPED","https://www.naukri.com/job-listings-java-developer-epam-systems-hyderabad-pune-bengaluru-6-to-11-years-260826031424","","unknown_state"
"job_1790855846968_zucbl","1/10/2026, 5:27:26 pm","NAUKRI","Java Developer","EdgeVerve Systems","Hybrid - Hyderabad, Chennai, Bengaluru","SKIPPED","https://www.naukri.com/job-listings-java-developer-edgeverve-systems-hyderabad-chennai-bengaluru-5-to-7-years-220626000051","","unknown_state"
"job_1790855846969_allal","1/10/2026, 5:27:26 pm","NAUKRI","Java Developer - MongoDB","Cloudxtreme","Hyderabad","SKIPPED","https://www.naukri.com/job-listings-java-developer-mongodb-cloudxtreme-hyderabad-5-to-10-years-190826010601","","unknown_state"
"job_1790855846969_hymm5","1/10/2026, 5:27:26 pm","NAUKRI","Java Developer","Infosys","Hyderabad, Chennai, Bengaluru","SKIPPED","https://www.naukri.com/job-listings-java-developer-infosys-hyderabad-chennai-bengaluru-4-to-7-years-080826015516","","unknown_state"
"job_1790855846969_wkaoy","1/10/2026, 5:27:26 pm","NAUKRI","Hiring For Java Developer","Epam Systems","Hyderabad","SKIPPED","https://www.naukri.com/job-listings-hiring-for-java-developer-epam-systems-hyderabad-5-to-10-years-140826032697","","unknown_state"
"job_1790855846969_1reu7","1/10/2026, 5:27:26 pm","NAUKRI","Hiring For Java Developer","Epam Systems","Hyderabad","SKIPPED","https://www.naukri.com/job-listings-hiring-for-java-developer-epam-systems-hyderabad-5-to-10-years-140826032680","","unknown_state"
"job_1790855846969_z6px7","1/10/2026, 5:27:26 pm","NAUKRI","Java Developer","Infosys","Hyderabad, Kolkata, Bengaluru","SKIPPED","https://www.naukri.com/job-listings-java-developer-infosys-kolkata-hyderabad-bengaluru-5-to-9-years-110226013902","","unknown_state"
"job_1790855846969_dqyj0","1/10/2026, 5:27:26 pm","NAUKRI","Walkin Inperson Drive-8th Aug-JAVA Developer-6 To 12 Yrs","Tata Consultancy Services","Hyderabad","SKIPPED","https://www.naukri.com/job-listings-walkin-inperson-drive-8th-aug-java-developer-6-to-12-yrs-tata-consultancy-services-hyderabad-6-to-11-years-060826019711","","unknown_state"
"job_1790855846970_u2cxd","1/10/2026, 5:27:26 pm","NAUKRI","Java Developer","Info Edge","Hyderabad, New Delhi, Chennai","SKIPPED","https://www.naukri.com/job-listings-java-developer-info-edge-new-delhi-hyderabad-chennai-5-to-8-years-250826024962","","unknown_state"
"job_1790855846970_iy1y7","1/10/2026, 5:27:26 pm","NAUKRI","Java Developer","Leading Client","Hyderabad","SKIPPED","https://www.naukri.com/job-listings-java-developer-tekskills-india-private-limited-hyderabad-8-to-13-years-210826906942","","unknown_state"
"job_1790855846970_kildz","1/10/2026, 5:27:26 pm","NAUKRI","Java Developer","LTM","Hyderabad, Pune, Bengaluru","SKIPPED","https://www.naukri.com/job-listings-java-developer-ltm-hyderabad-pune-bengaluru-4-to-5-years-010926033916","","unknown_state"
"job_1790855846970_opilz","1/10/2026, 5:27:26 pm","NAUKRI","Java Developer","CGI","Hyderabad","SKIPPED","https://www.naukri.com/job-listings-java-developer-talent21-hyderabad-6-to-10-years-010926011612","","unknown_state"
"job_1790855846970_ssteq","1/10/2026, 5:27:26 pm","NAUKRI","Java Developer-8 years-Bangalore","Crescendo Global","Hyderabad, Chennai, Bengaluru","SKIPPED","https://www.naukri.com/job-listings-java-developer-8-years-bangalore-crescendo-global-leadership-hiring-india-hyderabad-chennai-bengaluru-10-to-20-years-120826030707","","unknown_state"
"job_1790855846970_edct8","1/10/2026, 5:27:26 pm","NAUKRI","Java Developer","CGI","Hybrid - Hyderabad, Chennai, Bengaluru","SKIPPED","https://www.naukri.com/job-listings-java-developer-cgi-hyderabad-chennai-bengaluru-4-to-9-years-210826038043","","unknown_state"
"job_1790855846971_syb5g","1/10/2026, 5:27:26 pm","NAUKRI","Java Developer -ENG-DN","Infosys","Hybrid - Hyderabad, Chennai, Bengaluru","SKIPPED","https://www.naukri.com/job-listings-java-developer-eng-dn-infosys-hyderabad-chennai-bengaluru-5-to-9-years-210825013669","","unknown_state"
"job_1790855846971_y73oe","1/10/2026, 5:27:26 pm","NAUKRI","Java Developer","Tech Mahindra","Hybrid - Hyderabad","SKIPPED","https://www.naukri.com/job-listings-java-developer-tech-mahindra-hyderabad-7-to-10-years-200826027079","","unknown_state"
"job_1790855846971_vp4cd","1/10/2026, 5:27:26 pm","NAUKRI","Hiring For Java Developer","Epam Systems","Hyderabad, Bengaluru","SKIPPED","https://www.naukri.com/job-listings-hiring-for-java-developer-epam-systems-hyderabad-bengaluru-5-to-9-years-200826017487","","unknown_state"
"job_1790855846971_05dq2","1/10/2026, 5:27:26 pm","NAUKRI","Java Developer","Capgemini","Hybrid - Hyderabad, Pune, Bengaluru","SKIPPED","https://www.naukri.com/job-listings-java-developer-capgemini-hyderabad-pune-bengaluru-5-to-10-years-180826016551","","unknown_state"
"job_1790855846971_7t2em","1/10/2026, 5:27:26 pm","NAUKRI","Java Developer","Infosys","Hybrid - Hyderabad, Chennai, Bengaluru","SKIPPED","https://www.naukri.com/job-listings-java-developer-infosys-hyderabad-chennai-bengaluru-5-to-9-years-180226009872","","unknown_state"
"job_1790855846971_sz9ly","1/10/2026, 5:27:26 pm","NAUKRI","Java Developer - Kafka, React","Cloudxtreme","Hyderabad, Bengaluru","SKIPPED","https://www.naukri.com/job-listings-java-developer-kafka-react-cloudxtreme-hyderabad-bengaluru-6-to-9-years-160726009029","","unknown_state"
"job_1790855846972_yf5cb","1/10/2026, 5:27:26 pm","NAUKRI","Java Developer","Infosys","Hybrid - Hyderabad, Chennai, Bengaluru","SKIPPED","https://www.naukri.com/job-listings-java-developer-infosys-hyderabad-chennai-bengaluru-5-to-9-years-230226022985","","unknown_state"
"job_1790855846972_84ej7","1/10/2026, 5:27:26 pm","NAUKRI","Java Developer(PAN India).","Infosys","Hyderabad, Chennai, Bengaluru","SKIPPED","https://www.naukri.com/job-listings-java-developer-pan-india-infosys-hyderabad-chennai-bengaluru-5-to-9-years-120325005221","","unknown_state"
"job_1790855846972_az1vc","1/10/2026, 5:27:26 pm","NAUKRI","Java Developer","Leading Client","Hyderabad","SKIPPED","https://www.naukri.com/job-listings-java-developer-tekskills-india-private-limited-hyderabad-9-to-14-years-200826928253","","unknown_state"
"job_1790855846972_g8p72","1/10/2026, 5:27:26 pm","NAUKRI","Java Developer","Apolis Consulting","Hyderabad, Chennai, Bengaluru","SKIPPED","https://www.naukri.com/job-listings-java-developer-apolis-consulting-hyderabad-chennai-bengaluru-8-to-12-years-190826020302","","unknown_state"
"job_1790855846973_l7h44","1/10/2026, 5:27:26 pm","NAUKRI","Java Developer","Tek Skills","Hyderabad","SKIPPED","https://www.naukri.com/job-listings-java-developer-tekskills-hyderabad-7-to-12-years-180826929542","","unknown_state"
"job_1790855846973_u3n1f","1/10/2026, 5:27:26 pm","NAUKRI","Java Developer","EY","Hyderabad, Bengaluru, Delhi / NCR","SKIPPED","https://www.naukri.com/job-listings-java-developer-ey-hyderabad-bengaluru-delhi-ncr-4-to-12-years-010926020955","","unknown_state"
"job_1790855846973_lmzy9","1/10/2026, 5:27:26 pm","NAUKRI","Java Developer walk IN Hyderabad","Tata Consultancy Services","Hyderabad","SKIPPED","https://www.naukri.com/job-listings-java-developer-walk-in-hyderabad-tata-consultancy-services-hyderabad-4-to-8-years-010926009940","","unknown_state"
"job_1790855846973_9ygkd","1/10/2026, 5:27:26 pm","NAUKRI","Java + MSB + Kubernetes Developer","Leading Client","Hyderabad","SKIPPED","https://www.naukri.com/job-listings-java-msb-kubernetes-developer-tekskills-india-private-limited-hyderabad-7-to-12-years-210826916739","","unknown_state"
"job_1790855846974_6xty6","1/10/2026, 5:27:26 pm","NAUKRI","Java Developer","Cloudxtreme","Hyderabad, Bengaluru","SKIPPED","https://www.naukri.com/job-listings-java-developer-cloudxtreme-hyderabad-bengaluru-5-to-8-years-270826024176","","unknown_state"
"job_1790855846974_891fg","1/10/2026, 5:27:26 pm","NAUKRI","Java Developer - Kafka, MongoDB","Cloudxtreme","Hyderabad, Bengaluru","SKIPPED","https://www.naukri.com/job-listings-java-developer-kafka-mongodb-cloudxtreme-hyderabad-bengaluru-6-to-10-years-260526020204","","unknown_state"
"job_1790855846974_gfcjw","1/10/2026, 5:27:26 pm","NAUKRI","Java Developer Walk in drive","Tata Consultancy Services","Hyderabad","SKIPPED","https://www.naukri.com/job-listings-java-developer-walk-in-drive-tata-consultancy-services-hyderabad-5-to-10-years-250826010604","","unknown_state"
"job_1790855846975_ou3bb","1/10/2026, 5:27:26 pm","NAUKRI","Java Developer","Cloudxtreme","Hyderabad, Bengaluru","SKIPPED","https://www.naukri.com/job-listings-java-developer-cloudxtreme-hyderabad-bengaluru-15-to-19-years-210826004901","","unknown_state"
"job_1790855846975_9w1fq","1/10/2026, 5:27:26 pm","NAUKRI","Java Developer","Capgemini","Hyderabad","SKIPPED","https://www.naukri.com/job-listings-java-developer-capgemini-hyderabad-9-to-13-years-180826036872","","unknown_state"
"job_1790855846975_yorjc","1/10/2026, 5:27:26 pm","NAUKRI","Java Developer - MongoDB","Cloudxtreme","Hyderabad, Bengaluru","SKIPPED","https://www.naukri.com/job-listings-java-developer-mongodb-cloudxtreme-hyderabad-bengaluru-6-to-9-years-160726014277","","unknown_state"
"job_1790855846975_s8uhg","1/10/2026, 5:27:26 pm","NAUKRI","Java Developer","Infosys","Hybrid - Hyderabad, Chennai, Bengaluru","SKIPPED","https://www.naukri.com/job-listings-java-developer-infosys-hyderabad-chennai-bengaluru-5-to-9-years-160326015164","","unknown_state"
"job_1790855846975_fgg1u","1/10/2026, 5:27:26 pm","NAUKRI","Java Developer - Gen AI with any AI tool","Cloudxtreme","Hyderabad, Bengaluru","SKIPPED","https://www.naukri.com/job-listings-java-developer-gen-ai-with-any-ai-tool-cloudxtreme-hyderabad-bengaluru-7-to-12-years-080626001612","","unknown_state"
"job_1790855846976_xdl7g","1/10/2026, 5:27:26 pm","NAUKRI","Java Developer - Kafka","Cloudxtreme","Hyderabad, Bengaluru","SKIPPED","https://www.naukri.com/job-listings-java-developer-kafka-cloudxtreme-hyderabad-bengaluru-7-to-9-years-010626001444","","unknown_state"
"job_1790855846976_w388w","1/10/2026, 5:27:26 pm","NAUKRI","Java Developer","Tata Consultancy Services","Hyderabad, Chennai, Bengaluru","SKIPPED","https://www.naukri.com/job-listings-java-developer-tata-consultancy-services-hyderabad-chennai-bengaluru-5-to-10-years-240826001440","","unknown_state"
"job_1790855846976_qo2ki","1/10/2026, 5:27:26 pm","NAUKRI","Java Developer","Infosys","Hyderabad, Pune, Bengaluru","SKIPPED","https://www.naukri.com/job-listings-java-developer-infosys-hyderabad-pune-bengaluru-5-to-9-years-240726030868","","unknown_state"
"job_1790855846976_gl5mb","1/10/2026, 5:27:26 pm","NAUKRI","Java developer / Java Technical Lead","AurumData Solutions","Hyderabad","SKIPPED","https://www.naukri.com/job-listings-java-developer-java-technical-lead-aurum-data-solutions-hyderabad-5-to-9-years-250826010104","","unknown_state"
"job_1790855846976_hwqe6","1/10/2026, 5:27:26 pm","NAUKRI","Java Developer - React","Leading Client","Hyderabad","SKIPPED","https://www.naukri.com/job-listings-java-developer-react-tekskills-india-private-limited-hyderabad-6-to-10-years-210826918249","","unknown_state"
"job_1790855846977_lsmq1","1/10/2026, 5:27:26 pm","NAUKRI","Urgent Hiring For JAVA DEVELOPER !! PAN INDIA","Covetus Technologies","Hyderabad, Pune, Bengaluru","SKIPPED","https://www.naukri.com/job-listings-urgent-hiring-for-java-developer-pan-india-covetus-technologies-hyderabad-pune-bengaluru-4-to-8-years-210826037520","","unknown_state"
"job_1790855846977_5n4ih","1/10/2026, 5:27:26 pm","NAUKRI","Java Developer","Tekskills india pvt ltd","Hyderabad","SKIPPED","https://www.naukri.com/job-listings-java-developer-tekskills-hyderabad-6-to-11-years-180826936671","","unknown_state"
"job_1790855846977_i0ror","1/10/2026, 5:27:26 pm","NAUKRI","Java Developer + React","Leading Client","Hyderabad","SKIPPED","https://www.naukri.com/job-listings-java-developer-react-tekskills-hyderabad-6-to-10-years-180826930399","","unknown_state"
"job_1790855846977_06r4e","1/10/2026, 5:27:26 pm","NAUKRI","Java Developer","Highradius","Hyderabad","SKIPPED","https://www.naukri.com/job-listings-java-developer-highradius-hyderabad-4-to-7-years-310826024415","","unknown_state"
"job_1790855846978_3spd5","1/10/2026, 5:27:26 pm","NAUKRI","Java Developer","EdgeVerve Systems","Hyderabad, Chennai, Bengaluru","SKIPPED","https://www.naukri.com/job-listings-java-developer-edgeverve-systems-hyderabad-chennai-bengaluru-8-to-12-years-280826005483","","unknown_state"
"job_1790855846978_791u7","1/10/2026, 5:27:26 pm","NAUKRI","Java Developer","Crisil","Hyderabad, Pune","SKIPPED","https://www.naukri.com/job-listings-java-developer-crisil-hyderabad-pune-6-to-10-years-260826029472","","unknown_state"
"job_1790855846978_zjzud","1/10/2026, 5:27:26 pm","NAUKRI","Java Developer With Banking Domain Exp","Tekskills","Hyderabad","SKIPPED","https://www.naukri.com/job-listings-java-developer-with-banking-domain-exp-tekskills-hyderabad-9-to-14-years-270826022007","","unknown_state"
"job_1790855846978_s8ef3","1/10/2026, 5:27:26 pm","NAUKRI","Java Developer","Nisum","Hyderabad","SKIPPED","https://www.naukri.com/job-listings-java-developer-nisum-hyderabad-7-to-12-years-240826016602","","unknown_state"
"job_1790855846979_w8wea","1/10/2026, 5:27:26 pm","NAUKRI","Hiring For Java Developer + React","Cognizant","Hyderabad, Chennai, Bengaluru","SKIPPED","https://www.naukri.com/job-listings-hiring-for-java-developer-react-cognizant-hyderabad-chennai-bengaluru-7-to-12-years-190826014220","","unknown_state"
"job_1790855846979_8xhyc","1/10/2026, 5:27:26 pm","NAUKRI","Java React Developer(3-5 yrs)-Pan India","Infosys","Hybrid - Hyderabad, Pune, Bengaluru","SKIPPED","https://www.naukri.com/job-listings-java-react-developer-3-5-yrs-pan-india-infosys-hyderabad-pune-bengaluru-3-to-5-years-030726032204","","unknown_state"
"job_1790855846979_h0txx","1/10/2026, 5:27:26 pm","NAUKRI","Java Developer + AI","Leading Client","Hyderabad","SKIPPED","https://www.naukri.com/job-listings-java-developer-ai-tekskills-india-private-limited-hyderabad-6-to-11-years-210826917891","","unknown_state"
"job_1790855846979_lhuvx","1/10/2026, 5:27:26 pm","NAUKRI","Java Developer","IBM","Hyderabad","SKIPPED","https://www.naukri.com/job-listings-java-developer-dynpro-hyderabad-6-to-11-years-210826021444","","unknown_state"
"job_1790855846979_ojsrx","1/10/2026, 5:27:26 pm","NAUKRI","Java Developer","Tetskills","Hyderabad","SKIPPED","https://www.naukri.com/job-listings-java-developer-tekskills-india-hyderabad-5-to-10-years-180826940666","","unknown_state"
"job_1790855846980_gfd6g","1/10/2026, 5:27:26 pm","NAUKRI","Java Developer","tekskills india","Hybrid - Hyderabad","SKIPPED","https://www.naukri.com/job-listings-java-developer-tekskills-hyderabad-6-to-8-years-180826937400","","unknown_state"
"job_1790855846980_z399f","1/10/2026, 5:27:26 pm","NAUKRI","Java Developer","Tekskills India","Hyderabad","SKIPPED","https://www.naukri.com/job-listings-java-developer-tekskills-hyderabad-6-to-10-years-180826936896","","unknown_state"
"job_1790855846980_tkor6","1/10/2026, 5:27:26 pm","NAUKRI","Java Developer","Tekskills India","Hyderabad","SKIPPED","https://www.naukri.com/job-listings-java-developer-tekskills-hyderabad-6-to-11-years-180826936878","","unknown_state"
"job_1790855846981_81p59","1/10/2026, 5:27:26 pm","NAUKRI","Java Developer","Tekskills","Hyderabad","SKIPPED","https://www.naukri.com/job-listings-java-developer-tekskills-hyderabad-8-to-11-years-180826933922","","unknown_state"
"job_1790855846981_c570t","1/10/2026, 5:27:26 pm","NAUKRI","Java Developer","tekskill","Hyderabad, India","SKIPPED","https://www.naukri.com/job-listings-java-developer-tekskills-hyderabad-india-6-to-11-years-180826933423","","unknown_state"
"job_1790855846981_dj265","1/10/2026, 5:27:26 pm","NAUKRI","Java Developer","Tekskill","Hyderabad","SKIPPED","https://www.naukri.com/job-listings-java-developer-tekskills-hyderabad-6-to-11-years-180826932102","","unknown_state"
"job_1790855846981_k6ygr","1/10/2026, 5:27:26 pm","NAUKRI","Java Developer","Leading Client","Hyderabad","SKIPPED","https://www.naukri.com/job-listings-java-developer-tekskills-india-private-limited-hyderabad-6-to-11-years-180826931647","","unknown_state"
"job_1790855846981_3t1ri","1/10/2026, 5:27:26 pm","NAUKRI","Java Developer","Tekskills india","Hyderabad","SKIPPED","https://www.naukri.com/job-listings-java-developer-tekskills-hyderabad-4-to-9-years-180826927848","","unknown_state"
"job_1790855846982_ih0pa","1/10/2026, 5:27:26 pm","NAUKRI","java developer","tekskills india","Hybrid - Hyderabad","SKIPPED","https://www.naukri.com/job-listings-java-developer-tekskills-hyderabad-8-to-13-years-180826927732","","unknown_state"
"job_1790855846982_trkp7","1/10/2026, 5:27:26 pm","NAUKRI","Java Developer","tekskills india pvt ltd","Hyderabad","SKIPPED","https://www.naukri.com/job-listings-java-developer-tekskills-hyderabad-4-to-5-years-180826927460","","unknown_state"
"job_1790855846982_vfs7h","1/10/2026, 5:27:26 pm","NAUKRI","Hiring Java Developer with AWS_Hyderabad","V-Soft consulting","Hyderabad","SKIPPED","https://www.naukri.com/job-listings-hiring-java-developer-with-aws-hyderabad-v-soft-consulting-hyderabad-9-to-14-years-010226003019","","unknown_state"
"job_1790855846982_n7u43","1/10/2026, 5:27:26 pm","NAUKRI","Java Developer","Virtusa","Hybrid - Hyderabad, Pune, Chennai","SKIPPED","https://www.naukri.com/job-listings-java-developer-virtusa-hyderabad-pune-chennai-7-to-9-years-250826016701","","unknown_state"
"job_1790855846982_ftbw7","1/10/2026, 5:27:26 pm","NAUKRI","java developer with AI","tekskills india","Hybrid - Hyderabad","SKIPPED","https://www.naukri.com/job-listings-java-developer-with-ai-tekskills-hyderabad-6-to-10-years-180826937729","","unknown_state"
"job_1790855846983_s8wbg","1/10/2026, 5:27:26 pm","NAUKRI","Java Developer","TEKSKILLS","Hyderabad","SKIPPED","https://www.naukri.com/job-listings-java-developer-tekskills-hyderabad-10-to-17-years-180826928850","","unknown_state"
"job_1790855846983_wausg","1/10/2026, 5:27:26 pm","NAUKRI","Java Developer","Hns Recruitment Solutions","Hyderabad","SKIPPED","https://www.naukri.com/job-listings-java-developer-hns-recruitment-solutions-hyderabad-4-to-13-years-260826016859","","unknown_state"
"job_1790855846983_06xf5","1/10/2026, 5:27:26 pm","NAUKRI","Java Developer","Tata Consultancy Services","Hyderabad, Bengaluru, Delhi / NCR","SKIPPED","https://www.naukri.com/job-listings-java-developer-tata-consultancy-services-hyderabad-bengaluru-delhi-ncr-5-to-10-years-250826027224","","unknown_state"
"job_1790855846983_s9xj6","1/10/2026, 5:27:26 pm","NAUKRI","Java Developer","LTM","Hybrid - Hyderabad","SKIPPED","https://www.naukri.com/job-listings-java-developer-ltm-hyderabad-6-to-9-years-250826024940","","unknown_state"
"job_1790855846983_yw711","1/10/2026, 5:27:26 pm","NAUKRI","Java Developer","Cloudxtreme","Hyderabad, Bengaluru, Delhi / NCR","SKIPPED","https://www.naukri.com/job-listings-java-developer-cloudxtreme-hyderabad-bengaluru-delhi-ncr-7-to-12-years-240826023592","","unknown_state"
"job_1790855846983_3jtzw","1/10/2026, 5:27:26 pm","NAUKRI","Java Developer","Valuelabs","Hyderabad","SKIPPED","https://www.naukri.com/job-listings-java-developer-valuelabs-hyderabad-4-to-8-years-210826009067","","unknown_state"
"job_1790855846983_5f3mq","1/10/2026, 5:27:26 pm","NAUKRI","Java Developer","Virtusa","Hyderabad, Chennai, Bengaluru","SKIPPED","https://www.naukri.com/job-listings-java-developer-virtusa-hyderabad-chennai-bengaluru-6-to-11-years-180826040971","","unknown_state"
"job_1790855846983_yot4z","1/10/2026, 5:27:26 pm","NAUKRI","Job Opening//TCS//Java Developer-6 To 12 Yrs","Tata Consultancy Services","Hyderabad, Noida, Bengaluru","SKIPPED","https://www.naukri.com/job-listings-opening-tcs-java-developer-6-to-12-yrs-tata-consultancy-services-noida-hyderabad-bengaluru-6-to-11-years-200826026624","","unknown_state"
"job_1790855846984_g94tu","1/10/2026, 5:27:26 pm","NAUKRI","Java Developer","Tata Consultancy Services","Hyderabad, India, Bengaluru","SKIPPED","https://www.naukri.com/job-listings-java-developer-tata-consultancy-services-hyderabad-bengaluru-india-8-to-12-years-200826008280","","unknown_state"
"job_1790855846984_glpjh","1/10/2026, 5:27:26 pm","NAUKRI","Java Developer","Tekskills","Hybrid - Hyderabad","SKIPPED","https://www.naukri.com/job-listings-java-developer-tekskills-hyderabad-4-to-9-years-180826935246","","unknown_state"
"job_1790855846984_28yqr","1/10/2026, 5:27:26 pm","NAUKRI","Java Developer","Tekskills india pvt ltd","Hyderabad","SKIPPED","https://www.naukri.com/job-listings-java-developer-tekskills-hyderabad-6-to-11-years-180826934647","","unknown_state"
"job_1790855846984_2n62e","1/10/2026, 5:27:26 pm","NAUKRI","Java Developer (Vulnerability Remediation Pod)","The Glove","Hyderabad, India","SKIPPED","https://www.naukri.com/job-listings-java-developer-vulnerability-remediation-pod-the-glove-hyderabad-india-4-to-9-years-250826011816","","unknown_state"
"job_1790855846984_ivkzh","1/10/2026, 5:27:26 pm","NAUKRI","Java Developer","Multinational Company","Hyderabad, Pune","SKIPPED","https://www.naukri.com/job-listings-java-developer-advance-career-solutions-hyderabad-pune-6-to-11-years-190826021470","","unknown_state"
"job_1790855846984_focpi","1/10/2026, 5:27:26 pm","NAUKRI","Java Developer","Leading Client","Hyderabad","SKIPPED","https://www.naukri.com/job-listings-java-developer-purview-india-consulting-and-services-llp-hyderabad-7-to-12-years-180826915119","","unknown_state"
"job_1790855846984_7u2xi","1/10/2026, 5:27:26 pm","NAUKRI","Java Developer","Isoft Services Noida","Hyderabad, Pune, Chennai","SKIPPED","https://www.naukri.com/job-listings-java-developer-isoft-services-noida-hyderabad-pune-chennai-6-to-12-years-240826006285","","unknown_state"
"job_1790855846985_fw2n8","1/10/2026, 5:27:26 pm","NAUKRI","Java developer (Only Immediate joiners)","tekskills india","Hyderabad","SKIPPED","https://www.naukri.com/job-listings-java-developer-only-immediate-joiners-tekskills-hyderabad-6-to-11-years-180826929154","","unknown_state"
"job_1790855846985_warpz","1/10/2026, 5:27:26 pm","NAUKRI","Java Developer","Fortune India 500 IT Services Company","Hyderabad","SKIPPED","https://www.naukri.com/job-listings-java-developer-tekskills-hyderabad-4-to-8-years-180826933777","","unknown_state"
"job_1790855846985_x06xw","1/10/2026, 5:27:26 pm","NAUKRI","Java Developer","Tekskills India","Hyderabad","SKIPPED","https://www.naukri.com/job-listings-java-developer-tekskills-hyderabad-6-to-11-years-180826932698","","unknown_state"
"job_1790855846985_6bj90","1/10/2026, 5:27:26 pm","NAUKRI","Java Developer","Leading Client","Hyderabad","SKIPPED","https://www.naukri.com/job-listings-java-developer-tekskills-india-private-limited-hyderabad-6-to-11-years-180826931428","","unknown_state"
"job_1790855846985_wvqic","1/10/2026, 5:27:26 pm","NAUKRI","Java Developer","Leading Client","Hyderabad","SKIPPED","https://www.naukri.com/job-listings-java-developer-tekskills-india-private-limited-hyderabad-9-to-14-years-180826931044","","unknown_state"
"job_1790855846985_4y8fb","1/10/2026, 5:27:26 pm","NAUKRI","Java AI Developer","Infosys","Hybrid - Hyderabad, Pune, Bengaluru","SKIPPED","https://www.naukri.com/job-listings-java-ai-developer-infosys-hyderabad-pune-bengaluru-5-to-8-years-190826000058","","unknown_state"
"job_1790855846985_ctv9n","1/10/2026, 5:27:26 pm","NAUKRI","Java Ai Developer","Infosys","Hybrid - Hyderabad, Pune, Bengaluru","SKIPPED","https://www.naukri.com/job-listings-java-ai-developer-infosys-hyderabad-pune-bengaluru-5-to-9-years-120826000174","","unknown_state"
"job_1790855846986_2n862","1/10/2026, 5:27:26 pm","NAUKRI","Java Developer","Tekskills","Hybrid - Hyderabad","SKIPPED","https://www.naukri.com/job-listings-java-developer-tekskills-hyderabad-5-to-10-years-180826937320","","unknown_state"
"job_1790855846986_xl8ti","1/10/2026, 5:27:26 pm","NAUKRI","Openings For java developer-","tekskills india","Hyderabad","SKIPPED","https://www.naukri.com/job-listings-openings-for-java-developer-tekskills-hyderabad-6-to-10-years-180826928950","","unknown_state"
"job_1790855846986_lgt4i","1/10/2026, 5:27:26 pm","NAUKRI","Java Developer","Seven Consultancy","Remote","SKIPPED","https://www.naukri.com/job-listings-java-developer-seven-consultancy-hyderabad-4-to-7-years-190826037845","","unknown_state"
"job_1790855846986_hkjet","1/10/2026, 5:27:26 pm","NAUKRI","Java React developer","Capgemini","Hybrid - Hyderabad, Bengaluru","SKIPPED","https://www.naukri.com/job-listings-java-react-developer-capgemini-hyderabad-bengaluru-4-to-6-years-260826023954","","unknown_state"
"job_1790855846986_qli4h","1/10/2026, 5:27:26 pm","NAUKRI","Java / React Developer","Leading Client","Hyderabad","SKIPPED","https://www.naukri.com/job-listings-java-react-developer-tekskills-india-private-limited-hyderabad-6-to-11-years-210826918427","","unknown_state"
"job_1790855846986_k1w89","1/10/2026, 5:27:26 pm","NAUKRI","Java + Springboot Developer / Lead","Infosys","Hybrid - Hyderabad, Chennai, Bengaluru","SKIPPED","https://www.naukri.com/job-listings-java-springboot-developer-lead-infosys-hyderabad-chennai-bengaluru-5-to-9-years-230126028924","","unknown_state"
"job_1790855846986_hxm8z","1/10/2026, 5:27:26 pm","NAUKRI","Java + Springboot Developer / Lead","Infosys","Hybrid - Hyderabad, Chennai, Bengaluru","SKIPPED","https://www.naukri.com/job-listings-java-springboot-developer-lead-infosys-hyderabad-chennai-bengaluru-6-to-9-years-111225020032","","unknown_state"
"job_1790855846986_hg6hj","1/10/2026, 5:27:26 pm","NAUKRI","Java GCP Developer","Experis","Hyderabad, Chennai, Bengaluru","SKIPPED","https://www.naukri.com/job-listings-java-gcp-developer-experis-hyderabad-chennai-bengaluru-8-to-13-years-240826003112","","unknown_state"
"job_1790855846987_tmo8y","1/10/2026, 5:27:26 pm","NAUKRI","Java Developer (6 Months Contract)","Cerebra","Remote","SKIPPED","https://www.naukri.com/job-listings-java-developer-6-months-contract-cerebra-hyderabad-6-to-10-years-030826008155","","unknown_state"
"job_1790855846987_l8wox","1/10/2026, 5:27:26 pm","NAUKRI","Java Developer","Tata Consultancy Services","Hyderabad, Chennai, Bengaluru","SKIPPED","https://www.naukri.com/job-listings-java-developer-tata-consultancy-services-hyderabad-chennai-bengaluru-5-to-10-years-100826000828","","unknown_state"
"job_1790855846987_wwkcg","1/10/2026, 5:27:26 pm","NAUKRI","Java GHCP Developer","LTM","Hybrid - Hyderabad, Chennai","SKIPPED","https://www.naukri.com/job-listings-java-ghcp-developer-ltm-hyderabad-chennai-6-to-11-years-270826014859","","unknown_state"
"job_1790855846987_pgx58","1/10/2026, 5:27:26 pm","NAUKRI","Java Developer","Advance Career Solutions","Hybrid - Hyderabad, Mumbai (All Areas), Pune","SKIPPED","https://www.naukri.com/job-listings-java-developer-advance-career-solutions-hyderabad-pune-mumbai-all-areas-6-to-11-years-060826033717","","unknown_state"
"job_1790855846987_nmt8g","1/10/2026, 5:27:26 pm","NAUKRI","Java Developer -Infosys","Infosys","Hybrid - Hyderabad, Chennai, Bengaluru","SKIPPED","https://www.naukri.com/job-listings-java-developer-infosys-infosys-hyderabad-chennai-bengaluru-5-to-9-years-140126010750","","unknown_state"
"job_1790855846988_vg7nj","1/10/2026, 5:27:26 pm","NAUKRI","Java Developer","Tata Consultancy Services","Hyderabad, Chennai, Bengaluru","SKIPPED","https://www.naukri.com/job-listings-java-developer-tata-consultancy-services-hyderabad-chennai-bengaluru-7-to-10-years-080826015581","","unknown_state"
"job_1790855846988_pbzhm","1/10/2026, 5:27:26 pm","NAUKRI","ForgeRock Developer Java GroovyJavaScript","El Shaddai Recruitment And Ites Services","Hybrid - Hyderabad, Chennai, Bengaluru","SKIPPED","https://www.naukri.com/job-listings-forgerock-developer-java-groovyjavascript-el-shaddai-recruitment-and-ites-services-hyderabad-chennai-bengaluru-5-to-9-years-260826029840","","unknown_state"
"job_1790855846988_jft1i","1/10/2026, 5:27:26 pm","NAUKRI","Java GCP Developer - VS","Experis","Hyderabad, Chennai, Bengaluru","SKIPPED","https://www.naukri.com/job-listings-java-gcp-developer-vs-experis-hyderabad-chennai-bengaluru-8-to-13-years-240826003368","","unknown_state"
"job_1790855846988_plr12","1/10/2026, 5:27:26 pm","NAUKRI","Java Developer","Hexaware Technologies","Hyderabad","SKIPPED","https://www.naukri.com/job-listings-java-developer-hexaware-technologies-hyderabad-5-to-10-years-310726016435","","unknown_state"
"job_1790855846988_4ttv4","1/10/2026, 5:27:26 pm","NAUKRI","Java Developer","Infosys","Hybrid - Hyderabad, Chennai, Bengaluru","SKIPPED","https://www.naukri.com/job-listings-java-developer-infosys-hyderabad-chennai-bengaluru-5-to-9-years-290726034424","","unknown_state"
"job_1790855846988_qagpw","1/10/2026, 5:27:26 pm","NAUKRI","Java Developer","Infosys","Hybrid - Hyderabad, Chennai, Bengaluru","SKIPPED","https://www.naukri.com/job-listings-java-developer-infosys-hyderabad-chennai-bengaluru-5-to-9-years-280726035440","","unknown_state"
"job_1790855846988_418n0","1/10/2026, 5:27:26 pm","NAUKRI","Java Developer","Infosys","Hybrid - Hyderabad, Chennai, Bengaluru","SKIPPED","https://www.naukri.com/job-listings-java-developer-infosys-hyderabad-chennai-bengaluru-5-to-9-years-160726035347","","unknown_state"
"job_1790855846989_1qtkk","1/10/2026, 5:27:26 pm","NAUKRI","Java Developer","Virtusa","Hyderabad","SKIPPED","https://www.naukri.com/job-listings-java-developer-virtusa-hyderabad-5-to-15-years-120826026312","","unknown_state"
"job_1790855846989_iq9m4","1/10/2026, 5:27:26 pm","NAUKRI","Java Developer","Cloudxtreme","Hybrid - Hyderabad, Pune, Bengaluru","SKIPPED","https://www.naukri.com/job-listings-java-developer-cloudxtreme-hyderabad-pune-bengaluru-7-to-12-years-110826019652","","unknown_state"
"job_1790855846989_xplr8","1/10/2026, 5:27:26 pm","NAUKRI","Java Developer","CGI","Hybrid - Hyderabad","SKIPPED","https://www.naukri.com/job-listings-java-developer-cgi-hyderabad-5-to-10-years-060826000107","","unknown_state"
"job_1790855846989_cawf1","1/10/2026, 5:27:26 pm","NAUKRI","Java Developer - React","Cloudxtreme","Hyderabad, Kolkata, Chennai","SKIPPED","https://www.naukri.com/job-listings-java-developer-react-cloudxtreme-kolkata-hyderabad-chennai-6-to-11-years-050826006136","","unknown_state"
"job_1790855846989_buc8s","1/10/2026, 5:27:26 pm","NAUKRI","Java Developer","The Hackett Group","Hyderabad","SKIPPED","https://www.naukri.com/job-listings-java-developer-the-hackett-group-hyderabad-4-to-8-years-070826033188","","unknown_state"
"job_1790855846989_bsa4u","1/10/2026, 5:27:26 pm","NAUKRI","Java Developer","Apolis Consulting","Hyderabad, Chennai, Bengaluru","SKIPPED","https://www.naukri.com/job-listings-java-developer-apolis-consulting-hyderabad-chennai-bengaluru-8-to-12-years-120826017225","","unknown_state"
"job_1790855846989_y2a9h","1/10/2026, 5:27:26 pm","NAUKRI","Java Developer","Apolis Consulting","Hyderabad, Chennai, Bengaluru","SKIPPED","https://www.naukri.com/job-listings-java-developer-apolis-consulting-hyderabad-chennai-bengaluru-6-to-7-years-060826010941","","unknown_state"
"job_1790855846990_idvcw","1/10/2026, 5:27:26 pm","NAUKRI","Java Developer","Apolis Consulting","Hyderabad, Chennai, Bengaluru","SKIPPED","https://www.naukri.com/job-listings-java-developer-apolis-consulting-hyderabad-chennai-bengaluru-8-to-13-years-050826010322","","unknown_state"
"job_1790855846990_w0mt5","1/10/2026, 5:27:26 pm","NAUKRI","Java + Kafka Developer","Augmatrixgo","Hyderabad","SKIPPED","https://www.naukri.com/job-listings-java-kafka-developer-augmatrixgo-hyderabad-4-to-6-years-261120500084","","unknown_state"
"job_1790855846990_4abta","1/10/2026, 5:27:26 pm","NAUKRI","Java Developer","Infosys","Hybrid - Hyderabad, Chennai, Bengaluru","SKIPPED","https://www.naukri.com/job-listings-java-developer-infosys-hyderabad-chennai-bengaluru-5-to-9-years-170826028475","","unknown_state"
"job_1790855846990_gtz7w","1/10/2026, 5:27:26 pm","NAUKRI","Java Developer","Cognizant","Hybrid - Hyderabad, Chennai, Bengaluru","SKIPPED","https://www.naukri.com/job-listings-java-developer-cognizant-hyderabad-chennai-bengaluru-4-to-9-years-110826014506","","unknown_state"
"job_1790855846990_xvr0x","1/10/2026, 5:27:26 pm","NAUKRI","Job opportunity of Java Developer-Hyderabad Location !!","Virtusa","Hyderabad","SKIPPED","https://www.naukri.com/job-listings-opportunity-of-java-developer-hyderabad-location-virtusa-hyderabad-7-to-10-years-050826037820","","unknown_state"
"job_1790855846990_uol5h","1/10/2026, 5:27:26 pm","NAUKRI","Full Stack Developer","Eruvaka Technologies","Hyderabad","SKIPPED","https://www.naukri.com/job-listings-full-stack-developer-eruvaka-technologies-hyderabad-2-to-4-years-270826016361","","unknown_state"
"job_1790855846991_wh5o5","1/10/2026, 5:27:26 pm","NAUKRI","Full Stack Developer","Artivo Surfaces","Hybrid - Hyderabad(Raidurgam)","SKIPPED","https://www.naukri.com/job-listings-full-stack-developer-artivo-surfaces-hyderabad-3-to-5-years-030826012267","","unknown_state"
"job_1790855846991_q4i4v","1/10/2026, 5:27:26 pm","NAUKRI","Principal Full-Stack Developer","Centroid","Hyderabad(HITEC City)","SKIPPED","https://www.naukri.com/job-listings-principal-full-stack-developer-centroid-hyderabad-9-to-14-years-280826006696","","unknown_state"
"job_1790855846991_61t4v","1/10/2026, 5:27:26 pm","NAUKRI","Product Engineer / Full-Stack Developer","Capgemini","Hybrid - Hyderabad, Pune, Bengaluru","SKIPPED","https://www.naukri.com/job-listings-product-engineer-full-stack-developer-capgemini-hyderabad-pune-bengaluru-4-to-9-years-260826010690","","unknown_state"
"job_1790855846991_i1vzd","1/10/2026, 5:27:26 pm","NAUKRI","Full Stack Developer (SAP CAPM)","Tata Consultancy Services","Hyderabad, Pune, Bengaluru","SKIPPED","https://www.naukri.com/job-listings-full-stack-developer-sap-capm-tata-consultancy-services-hyderabad-pune-bengaluru-6-to-10-years-010926012894","","unknown_state"
"job_1790855846991_dpn4b","1/10/2026, 5:27:26 pm","NAUKRI","Full Stack Developer","Navgurukul Foundation","Hyderabad, Bengaluru, Delhi / NCR","SKIPPED","https://www.naukri.com/job-listings-full-stack-developer-navgurukul-foundation-hyderabad-bengaluru-delhi-ncr-7-to-12-years-200826921521","","unknown_state"
"job_1790855846991_jwy9o","1/10/2026, 5:27:26 pm","NAUKRI","Career opportunity For Full Stack Developer","Tekskills india","Hyderabad","SKIPPED","https://www.naukri.com/job-listings-career-opportunity-for-full-stack-developer-tekskills-hyderabad-5-to-10-years-180826935046","","unknown_state"
"job_1790855846991_y2lk6","1/10/2026, 5:27:26 pm","NAUKRI","AI Full Stack Developer","Tech Mahindra","Hybrid - Hyderabad, Pune, Bengaluru","SKIPPED","https://www.naukri.com/job-listings-ai-full-stack-developer-tech-mahindra-hyderabad-pune-bengaluru-5-to-10-years-260826017063","","unknown_state"
"job_1790855846991_btwke","1/10/2026, 5:27:26 pm","NAUKRI","Full Stack Developer","Wissen Technology","Hyderabad","SKIPPED","https://www.naukri.com/job-listings-full-stack-developer-wissen-technology-hyderabad-10-to-15-years-100826006886","","unknown_state"
"job_1790855846992_t8ner","1/10/2026, 5:27:26 pm","NAUKRI","Blockchain Full stack developer","Infosys","Hyderabad, Mumbai (All Areas), Bengaluru","SKIPPED","https://www.naukri.com/job-listings-blockchain-full-stack-developer-infosys-hyderabad-bengaluru-mumbai-all-areas-5-to-10-years-230726014023","","unknown_state"
"job_1790855846992_bqcgb","1/10/2026, 5:27:26 pm","NAUKRI","Blockchain Full stack developer","Infosys","Hybrid - Hyderabad, Chennai, Bengaluru","SKIPPED","https://www.naukri.com/job-listings-blockchain-full-stack-developer-infosys-hyderabad-chennai-bengaluru-5-to-10-years-280826002347","","unknown_state"
"job_1790855846992_0i97l","1/10/2026, 5:27:26 pm","NAUKRI","SAP Full Stack Developer","GLOBAL MNC","Hyderabad, Chennai, Bengaluru","SKIPPED","https://www.naukri.com/job-listings-sap-full-stack-developer-hucon-solutions-hyderabad-chennai-bengaluru-6-to-11-years-240826026378","","unknown_state"
"job_1790855846992_av2ag","1/10/2026, 5:27:26 pm","NAUKRI","Full Stack Developer","Tekskills india","Hyderabad","SKIPPED","https://www.naukri.com/job-listings-full-stack-developer-tekskills-hyderabad-6-to-8-years-180826932942","","unknown_state"
"job_1790855846992_u0hqp","1/10/2026, 5:27:26 pm","NAUKRI","Full Stack Developer","Leading Client","Hyderabad","SKIPPED","https://www.naukri.com/job-listings-full-stack-developer-purview-india-consulting-and-services-llp-hyderabad-6-to-10-years-180826918979","","unknown_state"
"job_1790855846992_y54fq","1/10/2026, 5:27:26 pm","NAUKRI","SAP BTP CAP Full Stack Developer","Manpowergroup Services India","Hybrid - Hyderabad","SKIPPED","https://www.naukri.com/job-listings-sap-btp-cap-full-stack-developer-manpowergroup-services-india-hyderabad-5-to-10-years-220726009573","","unknown_state"
"job_1790855846992_2nm60","1/10/2026, 5:27:26 pm","NAUKRI","Full Stack Developer","Persistent","Hyderabad","SKIPPED","https://www.naukri.com/job-listings-full-stack-developer-persistent-systems-limited-hyderabad-4-to-8-years-171024012861","","unknown_state"
"job_1790855846992_yg3ga","1/10/2026, 5:27:26 pm","NAUKRI","Full Stack Developer","IonIdea","Hyderabad, Bengaluru","SKIPPED","https://www.naukri.com/job-listings-full-stack-developer-ionidea-hyderabad-bengaluru-4-to-6-years-140826010081","","unknown_state"
"job_1790855846992_ad7xv","1/10/2026, 5:27:26 pm","NAUKRI","Full Stack Developer","Fortune India 500 IT Services Firm","Hybrid - Hyderabad","SKIPPED","https://www.naukri.com/job-listings-full-stack-developer-tekskills-hyderabad-6-to-11-years-180826940077","","unknown_state"
"job_1790855846992_ycnew","1/10/2026, 5:27:26 pm","NAUKRI","Full Stack Developer - Java+Angular","TechBlocks","Hyderabad","SKIPPED","https://www.naukri.com/job-listings-full-stack-developer-java-angular-techblocks-consulting-pvt-ltd-hyderabad-6-to-11-years-170826920481","","unknown_state"
"job_1790855846993_du5bb","1/10/2026, 5:27:26 pm","NAUKRI","Full Stack Developer","Ventures Hrd Centre","Hyderabad","SKIPPED","https://www.naukri.com/job-listings-full-stack-developer-ventures-hrd-centre-hyderabad-5-to-8-years-070826915401","","unknown_state"
"job_1790855846993_pgqfu","1/10/2026, 5:27:26 pm","NAUKRI","Full Stack Developer (Gen AI)","Deloitte US-India Offices","Hyderabad, Pune, Bengaluru","SKIPPED","https://www.naukri.com/job-listings-full-stack-developer-gen-ai-deloitte-us-india-offices-hyderabad-pune-bengaluru-6-to-9-years-060826016495","","unknown_state"
"job_1790855846993_cf5eq","1/10/2026, 5:27:26 pm","NAUKRI","Full Stack Developer (AI & App Development)","Jayaram Ventures Llp","Hyderabad","SKIPPED","https://www.naukri.com/job-listings-full-stack-developer-ai-app-development-jayaram-ventures-llp-hyderabad-5-to-8-years-010826012708","","unknown_state"
"job_1790855846993_03svq","1/10/2026, 5:27:26 pm","NAUKRI","Full Stack Developer","Harjai Computers","Remote","SKIPPED","https://www.naukri.com/job-listings-full-stack-developer-harjai-computers-hyderabad-4-to-7-years-140826011812","","unknown_state"
"job_1790855846993_hxonn","1/10/2026, 5:27:26 pm","NAUKRI","Gen AI - Full Stack Developer","Indium Software","Hybrid - Hyderabad, Chennai, Bengaluru","SKIPPED","https://www.naukri.com/job-listings-gen-ai-full-stack-developer-indium-software-hyderabad-chennai-bengaluru-4-to-7-years-050826024407","","unknown_state"
"job_1790855846993_0oqvg","1/10/2026, 5:27:26 pm","NAUKRI","Full Stack AI Developer","Cloud Angles Digital Transformation","Hyderabad","SKIPPED","https://www.naukri.com/job-listings-full-stack-ai-developer-cloud-angles-digital-transformation-hyderabad-5-to-10-years-240826014469","","unknown_state"
"job_1790855846994_fo8xz","1/10/2026, 5:27:26 pm","NAUKRI","AWS Full Stack Developer","ADROITENT","Hyderabad, Pune, Bengaluru","SKIPPED","https://www.naukri.com/job-listings-aws-full-stack-developer-adroitent-hyderabad-pune-bengaluru-8-to-13-years-100826019574","","unknown_state"
"job_1790855846994_8sgsg","1/10/2026, 5:27:26 pm","NAUKRI","Urgent opening For Backend/Full Stack Developer position with Virtusa","Virtusa","Hybrid - Hyderabad, Chennai, Bengaluru","SKIPPED","https://www.naukri.com/job-listings-urgent-opening-for-backend-full-stack-developer-position-with-virtusa-virtusa-hyderabad-chennai-bengaluru-6-to-11-years-170826006806","","unknown_state"
"job_1790855846994_a9ots","1/10/2026, 5:27:26 pm","NAUKRI","Full Stack Developer (Risk Reporting)","Sunovaa Tech","Hybrid - Hyderabad","SKIPPED","https://www.naukri.com/job-listings-full-stack-developer-risk-reporting-sunovaa-tech-hyderabad-7-to-9-years-050826019857","","unknown_state"
"job_1790855846994_n70mj","1/10/2026, 5:27:26 pm","NAUKRI","Full Stack Developer","Launch It Consulting","Remote","SKIPPED","https://www.naukri.com/job-listings-full-stack-developer-launch-it-consulting-india-pvt-ltd-hyderabad-5-to-9-years-130826912323","","unknown_state"
"job_1790855846994_l4j8z","1/10/2026, 5:27:26 pm","NAUKRI","AWS full stack developer","Tactica Business Solutions","Hyderabad, Pune, Bengaluru","SKIPPED","https://www.naukri.com/job-listings-aws-full-stack-developer-tactica-business-solutions-hyderabad-pune-bengaluru-6-to-15-years-120826024114","","unknown_state"
"job_1790855846994_zxyr6","1/10/2026, 5:27:26 pm","NAUKRI","Full Stack Cloud Developer","Religent Systems","Hyderabad","SKIPPED","https://www.naukri.com/job-listings-full-stack-cloud-developer-religent-systems-hyderabad-5-to-10-years-100826001128","","unknown_state"
"job_1790855846995_21ga1","1/10/2026, 5:27:26 pm","NAUKRI","AI & Full Stack Developer Intern (Node.js | React | OpenAI | Voice AI)","SCORELABS INC","Remote","SKIPPED","https://www.naukri.com/job-listings-ai-full-stack-developer-intern-node-js-react-openai-voice-ai-scoresoftlabsopc-hyderabad-0-to-1-years-020826004629","","unknown_state"
"job_1790855846995_160r0","1/10/2026, 5:27:26 pm","NAUKRI","Tech Lead - Web App Full Stack Developer","Telehealth Innovations Foundation","Hybrid - Hyderabad","SKIPPED","https://www.naukri.com/job-listings-tech-lead-web-app-full-stack-developer-telehealth-innovations-foundation-hyderabad-6-to-8-years-190826020199","","unknown_state"
"job_1790855846995_tou14","1/10/2026, 5:27:26 pm","NAUKRI","Lead Java Full Stack Developer","GE VERNOVA","Hyderabad","SKIPPED","https://www.naukri.com/job-listings-lead-java-full-stack-developer-ge-renewable-energy-technologies-private-limited-hyderabad-6-to-10-years-010926933531","","no_apply_button"
"job_1790855846995_l2xvf","1/10/2026, 5:27:26 pm","NAUKRI","Software Consultant Full Stack Developer","Colaberry","Hyderabad","SKIPPED","https://www.naukri.com/job-listings-software-consultant-full-stack-developer-colaberry-hyderabad-3-to-8-years-250826024937","","unknown_state"
"job_1790855846995_746mk","1/10/2026, 5:27:26 pm","NAUKRI","Java Full Stack Developer Software Trainee","Orchasp","Hyderabad","SKIPPED","https://www.naukri.com/job-listings-java-full-stack-developer-software-trainee-orchasp-limited-hyderabad-0-to-1-years-220126500436","","already_applied"
"job_1790855846996_jhps5","1/10/2026, 5:27:26 pm","NAUKRI","Technical Lead/Senior Full Stack Developer - Python/AngularJS","Benovymed Healthcare","Hyderabad","SKIPPED","https://www.naukri.com/job-listings-technical-lead-senior-full-stack-developer-python-angularjs-benovymed-healthcare-hyderabad-2-to-7-years-190826922752","","unknown_state"
"job_1790855846996_5ezh5","1/10/2026, 5:27:26 pm","NAUKRI","Senior Java Full Stack Developer with React JS","Seikor","Hybrid - Hyderabad, Bengaluru","SKIPPED","https://www.naukri.com/job-listings-senior-java-full-stack-developer-with-react-js-seikor-group-hyderabad-bengaluru-8-to-13-years-240826006879","","unknown_state"
"job_1790855846996_hbnps","1/10/2026, 5:27:26 pm","NAUKRI","Java Full Stack developer with React and NodeJS","Infosys","Hyderabad","SKIPPED","https://www.naukri.com/job-listings-java-full-stack-developer-with-react-and-nodejs-infosys-limited-hyderabad-3-to-5-years-290626928346","","unknown_state"
"job_1790855846996_zon3q","1/10/2026, 5:27:26 pm","NAUKRI","Java Full Stack Developer- Infosys","Infosys","Hyderabad","SKIPPED","https://www.naukri.com/job-listings-java-full-stack-developer-infosys-infosys-hyderabad-3-to-8-years-060426029792","","already_applied"
"job_1790855846997_qpln8","1/10/2026, 5:27:26 pm","NAUKRI","Java Full Stack Developer","Cloudxtreme","Hyderabad, Chennai, Bengaluru","SKIPPED","https://www.naukri.com/job-listings-java-full-stack-developer-cloudxtreme-hyderabad-chennai-bengaluru-4-to-9-years-020926009912","","unknown_state"
"job_1790855846997_66dex","1/10/2026, 5:27:26 pm","NAUKRI","Java Full Stack Developer Lead","AVK Tech Solution","Hyderabad","SKIPPED","https://www.naukri.com/job-listings-java-full-stack-developer-lead-avk-tech-solution-hyderabad-6-to-11-years-070826915379","","unknown_state"
"job_1790855846997_fg4x4","1/10/2026, 5:27:26 pm","NAUKRI","Senior Full Stack Developer","Epam Systems","Hyderabad, Pune, Bengaluru","SKIPPED","https://www.naukri.com/job-listings-senior-full-stack-developer-epam-systems-hyderabad-pune-bengaluru-5-to-10-years-310826010317","","unknown_state"
"job_1790855846997_0qmbd","1/10/2026, 5:27:26 pm","NAUKRI","Java Full Stack Developer - Infosys","Infosys","Hybrid - Hyderabad","SKIPPED","https://www.naukri.com/job-listings-java-full-stack-developer-infosys-infosys-hyderabad-3-to-8-years-260426004453","","unknown_state"
"job_1790855846997_sg7og","1/10/2026, 5:27:26 pm","NAUKRI","Java Full Stack Developer","Capgemini","Hybrid - Hyderabad, Pune, Bengaluru","SKIPPED","https://www.naukri.com/job-listings-java-full-stack-developer-capgemini-hyderabad-pune-bengaluru-4-to-9-years-260826020644","","unknown_state"
"job_1790855846998_lb30q","1/10/2026, 5:27:26 pm","NAUKRI","Java Full stack Developer - PAN INDIA - @ Infosys","Infosys","Hyderabad, Chennai, Bengaluru","SKIPPED","https://www.naukri.com/job-listings-java-full-stack-developer-pan-india-infosys-infosys-hyderabad-chennai-bengaluru-5-to-9-years-150426026614","","already_applied"
"job_1790855846998_rb2mp","1/10/2026, 5:27:26 pm","NAUKRI","Java Full Stack Developer","Tata Consultancy Services","Hyderabad, Chennai, Bengaluru","SKIPPED","https://www.naukri.com/job-listings-java-full-stack-developer-tata-consultancy-services-hyderabad-chennai-bengaluru-4-to-9-years-310826011610","","unknown_state"
"job_1790855846998_zyasu","1/10/2026, 5:27:26 pm","NAUKRI","Java Full stack developer","Infosys","Hyderabad","SKIPPED","https://www.naukri.com/job-listings-java-full-stack-developer-infosys-limited-hyderabad-3-to-8-years-210526923113","","unknown_state"
"job_1790855846998_4zwwe","1/10/2026, 5:27:26 pm","NAUKRI","Java Full Stack Developer","Kumaran Systems","Hybrid - Hyderabad","SKIPPED","https://www.naukri.com/job-listings-java-full-stack-developer-kumaran-systems-hyderabad-3-to-7-years-190826020308","","unknown_state"
"job_1790855846998_wtwd2","1/10/2026, 5:27:26 pm","NAUKRI","Java Full Stack Developer","Infosys","Hyderabad","SKIPPED","https://www.naukri.com/job-listings-java-full-stack-developer-infosys-hyderabad-3-to-8-years-270426033029","","unknown_state"
"job_1790855846999_lksi4","1/10/2026, 5:27:26 pm","NAUKRI","Java Full Stack Developer","Leading Client","Hyderabad","SKIPPED","https://www.naukri.com/job-listings-java-full-stack-developer-tekskills-india-private-limited-hyderabad-7-to-12-years-200826928318","","unknown_state"
"job_1790855846999_xjulo","1/10/2026, 5:27:26 pm","NAUKRI","Java Full Stack Developer","Capgemini","Hyderabad, Pune, Bengaluru","SKIPPED","https://www.naukri.com/job-listings-java-full-stack-developer-capgemini-hyderabad-pune-bengaluru-6-to-10-years-190826026070","","unknown_state"
"job_1790855846999_4rg09","1/10/2026, 5:27:26 pm","NAUKRI","Java Full Stack Developer","Birlasoft","Hybrid - Hyderabad","SKIPPED","https://www.naukri.com/job-listings-java-full-stack-developer-vbeyond-corporation-hyderabad-7-to-12-years-190826009278","","unknown_state"
"job_1790855846999_bm4r4","1/10/2026, 5:27:26 pm","NAUKRI","Java Full Stack Developer (JAVA,MYSQL, SQL, React)","Tanisha Systems","Hybrid - Hyderabad, Noida, Bengaluru","SKIPPED","https://www.naukri.com/job-listings-java-full-stack-developer-java-mysql-sql-react-tanisha-systems-noida-hyderabad-bengaluru-8-to-11-years-180826044800","","unknown_state"
"job_1790855846999_chvwn","1/10/2026, 5:27:26 pm","NAUKRI","Java Full Stack Developer","Hexaware Technologies","Hyderabad, Pune, Bengaluru","SKIPPED","https://www.naukri.com/job-listings-java-full-stack-developer-hexaware-technologies-hyderabad-pune-bengaluru-7-to-12-years-170626015636","","unknown_state"
"job_1790855847000_g9l89","1/10/2026, 5:27:26 pm","NAUKRI","Java Full Stack Developer","Innova Solutions","Remote","SKIPPED","https://www.naukri.com/job-listings-java-full-stack-developer-innova-solutions-hyderabad-6-to-11-years-010726017087","","unknown_state"
"job_1790855847000_gop3j","1/10/2026, 5:27:27 pm","NAUKRI","Java Full Stack Developer","Infosys","Hyderabad, Mumbai (All Areas), Bengaluru","SKIPPED","https://www.naukri.com/job-listings-java-full-stack-developer-infosys-hyderabad-bengaluru-mumbai-all-areas-5-to-10-years-280726029825","","unknown_state"
"job_1790855847000_1lnua","1/10/2026, 5:27:27 pm","NAUKRI",".Net Full Stack Developer - Hyderabad","Infosys","Hyderabad","SKIPPED","https://www.naukri.com/job-listings-net-full-stack-developer-hyderabad-infosys-hyderabad-3-to-8-years-220426035838","","unknown_state"
"job_1790855847000_tfy7a","1/10/2026, 5:27:27 pm","NAUKRI",".Net Full stack Developer - Infosys","Infosys","Hybrid - Hyderabad","SKIPPED","https://www.naukri.com/job-listings-net-full-stack-developer-infosys-infosys-hyderabad-3-to-8-years-260426004461","","unknown_state"
"job_1790855847001_sm4gd","1/10/2026, 5:27:27 pm","NAUKRI","Sr. Java Full Stack Developer","Capgemini","Hybrid - Hyderabad, Pune, Chennai","SKIPPED","https://www.naukri.com/job-listings-sr-java-full-stack-developer-capgemini-hyderabad-pune-chennai-6-to-9-years-150626031850","","unknown_state"
"job_1790855847001_tvla6","1/10/2026, 5:27:27 pm","NAUKRI","Java Full Stack Developer (React js)_ (2-3 Years)","Infosys","Hybrid - Hyderabad, Chennai, Bengaluru","SKIPPED","https://www.naukri.com/job-listings-java-full-stack-developer-react-js-2-3-years-infosys-hyderabad-chennai-bengaluru-2-to-3-years-190826009541","","unknown_state"
"job_1790855847001_c5n1y","1/10/2026, 5:27:27 pm","NAUKRI","Forward Deployed Engineer (Full stack Developer)","Graviti Pharmaceuticals","Hyderabad","SKIPPED","https://www.naukri.com/job-listings-forward-deployed-engineer-full-stack-developer-graviti-pharmaceuticals-hyderabad-3-to-8-years-190826034837","","unknown_state"
"job_1790855847001_xkq2a","1/10/2026, 5:27:27 pm","NAUKRI","Java Full Stack Developer","Infosys","Hyderabad, Pune, Bengaluru","SKIPPED","https://www.naukri.com/job-listings-java-full-stack-developer-infosys-hyderabad-pune-bengaluru-3-to-5-years-310526004077","","unknown_state"
"job_1790855847001_qexe5","1/10/2026, 5:27:27 pm","NAUKRI","Java Full Stack Developer- B","Infosys","Hybrid - Hyderabad, Chennai, Bengaluru","SKIPPED","https://www.naukri.com/job-listings-java-full-stack-developer-b-infosys-hyderabad-chennai-bengaluru-3-to-8-years-230426034542","","unknown_state"
"job_1790855847002_mao51","1/10/2026, 5:27:27 pm","NAUKRI","Java Full Stack Developer","Infosys","Hyderabad, Pune, Bengaluru","SKIPPED","https://www.naukri.com/job-listings-java-full-stack-developer-infosys-hyderabad-pune-bengaluru-2-to-5-years-080826015567","","unknown_state"
"job_1790855847002_hvk86","1/10/2026, 5:27:27 pm","NAUKRI","Java Full Stack Developer","Knowledgesprint Technologies","Hyderabad","SKIPPED","https://www.naukri.com/job-listings-java-full-stack-developer-knowledgesprint-technologies-india-pvt-ltd-hyderabad-0-to-3-years-030426506154","","already_applied"
"job_1790855847002_l79dd","1/10/2026, 5:27:27 pm","NAUKRI","Java Full stack developer","Infosys","Hyderabad, Mumbai (All Areas), Bengaluru","SKIPPED","https://www.naukri.com/job-listings-java-full-stack-developer-infosys-hyderabad-bengaluru-mumbai-all-areas-5-to-10-years-230726014113","","unknown_state"
"job_1790855847002_zs4ob","1/10/2026, 5:27:27 pm","NAUKRI","React + AI Developer (2-3yrs)","Infosys","Hybrid - Hyderabad, Pune, Bengaluru","SKIPPED","https://www.naukri.com/job-listings-react-ai-developer-2-3yrs-infosys-hyderabad-pune-bengaluru-2-to-3-years-200826033304","","unknown_state"
"job_1790855847002_4yqmj","1/10/2026, 5:27:27 pm","NAUKRI","React Node developer","Infosys","Hybrid - Hyderabad, Chennai, Bengaluru","SKIPPED","https://www.naukri.com/job-listings-react-node-developer-infosys-hyderabad-chennai-bengaluru-2-to-3-years-120826009605","","unknown_state"
"job_1790855847002_jonyy","1/10/2026, 5:27:27 pm","NAUKRI","React Node developer","Infosys","Hybrid - Hyderabad, Chennai, Bengaluru","SKIPPED","https://www.naukri.com/job-listings-react-node-developer-infosys-hyderabad-chennai-bengaluru-2-to-3-years-120826012538","","unknown_state"
"job_1790855847002_g4r9h","1/10/2026, 5:27:27 pm","NAUKRI","Python + React Developer (2-3yrs)","Infosys","Hybrid - Hyderabad, Chennai, Bengaluru","SKIPPED","https://www.naukri.com/job-listings-python-react-developer-2-3yrs-infosys-hyderabad-chennai-bengaluru-2-to-3-years-200826033123","","unknown_state"
"job_1790855847002_643pa","1/10/2026, 5:27:27 pm","NAUKRI",".NET + React Developer-(2-3yrs)","Infosys","Hybrid - Hyderabad, Chennai, Bengaluru","SKIPPED","https://www.naukri.com/job-listings-net-react-developer-2-3yrs-infosys-hyderabad-chennai-bengaluru-2-to-3-years-200826013366","","unknown_state"
"job_1790855847003_eveo2","1/10/2026, 5:27:27 pm","NAUKRI","React Developer","Infosys","Hyderabad, Chennai, Bengaluru","SKIPPED","https://www.naukri.com/job-listings-react-developer-infosys-hyderabad-chennai-bengaluru-2-to-3-years-190826037194","","unknown_state"
"job_1790855847003_xjxhs","1/10/2026, 5:27:27 pm","NAUKRI","React JS + Node JS Developer-S","Infosys","Hybrid - Hyderabad, Chennai, Bengaluru","SKIPPED","https://www.naukri.com/job-listings-react-js-node-js-developer-s-infosys-hyderabad-chennai-bengaluru-2-to-5-years-260826032376","","unknown_state"
"job_1790855847003_kpzv2","1/10/2026, 5:27:27 pm","NAUKRI","React JS + Node JS Developer-S","Infosys","Hybrid - Hyderabad, Chennai, Bengaluru","SKIPPED","https://www.naukri.com/job-listings-react-js-node-js-developer-s-infosys-hyderabad-chennai-bengaluru-2-to-3-years-120826000299","","unknown_state"
"job_1790855847003_wad1z","1/10/2026, 5:27:27 pm","NAUKRI","React Developer","CGI","Hybrid - Hyderabad","SKIPPED","https://www.naukri.com/job-listings-react-developer-cgi-hyderabad-4-to-9-years-010926021288","","unknown_state"
"job_1790855847003_ns047","1/10/2026, 5:27:27 pm","NAUKRI","React Developer","Tekskills India Pvt ltd","Hyderabad","SKIPPED","https://www.naukri.com/job-listings-react-developer-tekskills-hyderabad-6-to-10-years-180826934170","","unknown_state"
"job_1790855847003_gi82u","1/10/2026, 5:27:27 pm","NAUKRI",".net + React Developer","Ascendion Engineering","Hybrid - Hyderabad, Pune, Bengaluru","SKIPPED","https://www.naukri.com/job-listings-net-react-developer-ascendion-engineering-hyderabad-pune-bengaluru-6-to-11-years-280826006497","","unknown_state"
"job_1790855847003_7bxay","1/10/2026, 5:27:27 pm","NAUKRI","Lead React Developer","TechBlocks","Hyderabad, Ahmedabad","SKIPPED","https://www.naukri.com/job-listings-lead-react-developer-techblocks-hyderabad-ahmedabad-8-to-15-years-040826033439","","unknown_state"
"job_1790855847003_akvt5","1/10/2026, 5:27:27 pm","NAUKRI","react developer- Pan India","Infosys","Hybrid - Hyderabad, Chennai, Bengaluru","SKIPPED","https://www.naukri.com/job-listings-react-developer-pan-india-infosys-hyderabad-chennai-bengaluru-5-to-8-years-050826030854","","unknown_state"
"job_1790855847004_7sqim","1/10/2026, 5:27:27 pm","NAUKRI","Azure .NET React Developer","Kairos Technologies","Hybrid - Hyderabad, Chennai, Bengaluru","SKIPPED","https://www.naukri.com/job-listings-azure-net-react-developer-kairos-technologies-hyderabad-chennai-bengaluru-8-to-13-years-060826030656","","unknown_state"
"job_1790855847004_bvq7n","1/10/2026, 5:27:27 pm","NAUKRI","Sr React Developer","Intellect Design Arena","Hyderabad","SKIPPED","https://www.naukri.com/job-listings-sr-react-developer-intellect-design-arena-hyderabad-6-to-8-years-060826011949","","unknown_state"
"job_1790855847004_y5n4i","1/10/2026, 5:27:27 pm","NAUKRI","Dotnet with React Developer","Virtusa","Hyderabad, Chennai","SKIPPED","https://www.naukri.com/job-listings-dotnet-with-react-developer-virtusa-hyderabad-chennai-5-to-10-years-040826034217","","unknown_state"
"job_1790855847004_e81xu","1/10/2026, 5:27:27 pm","NAUKRI","Senior React Developer","Quixy","Hyderabad","SKIPPED","https://www.naukri.com/job-listings-senior-react-developer-quixy-hyderabad-5-to-10-years-120826501974","","unknown_state"
"job_1790855847004_p5rsf","1/10/2026, 5:27:27 pm","NAUKRI","Java Full Stack Developer","Virtuous Tech","Remote","SKIPPED","https://www.naukri.com/job-listings-java-full-stack-developer-virtuous-tech-hyderabad-2-to-4-years-200826018107","","unknown_state"
"job_1790855847004_l1pit","1/10/2026, 5:27:27 pm","NAUKRI","Java Full Stack Developer(Angular/React)(2-3 years)","Infosys","Hybrid - Hyderabad, Chennai, Bengaluru","SKIPPED","https://www.naukri.com/job-listings-java-full-stack-developer-angular-react-2-3-years-infosys-hyderabad-chennai-bengaluru-2-to-3-years-030826024220","","unknown_state"
"job_1790855847004_67kkl","1/10/2026, 5:27:27 pm","NAUKRI","Java Full Stack Developer","Tekskills","Hyderabad, Chennai, Bengaluru","SKIPPED","https://www.naukri.com/job-listings-java-full-stack-developer-tekskills-hyderabad-chennai-bengaluru-6-to-11-years-020926021060","","chatbot_unknown"
"job_1790855847004_ufhwe","1/10/2026, 5:27:27 pm","NAUKRI","Java Full Stack Developer","Capgemini","Hybrid - Hyderabad, Pune, Chennai","SKIPPED","https://www.naukri.com/job-listings-java-full-stack-developer-capgemini-hyderabad-pune-chennai-4-to-9-years-020926035005","","chatbot_unknown"
"job_1790855847005_5vwab","1/10/2026, 5:27:27 pm","NAUKRI","Java Full Stack Developer","Cloudxtreme","Hybrid - Hyderabad, Pune, Chennai","SKIPPED","https://www.naukri.com/job-listings-java-full-stack-developer-cloudxtreme-hyderabad-pune-chennai-6-to-11-years-030926009784","","unknown_state"
"job_1790855847005_ndnq5","1/10/2026, 5:27:27 pm","NAUKRI","Java Full Stack Developer","Capgemini","Hyderabad, Bengaluru","SKIPPED","https://www.naukri.com/job-listings-java-full-stack-developer-capgemini-hyderabad-bengaluru-5-to-9-years-020926030850","","unknown_state"
"job_1790855847005_77dtw","1/10/2026, 5:27:27 pm","NAUKRI","Urgent opening For Java Full Stack Developer","HCLTech","Hybrid - Hyderabad, Chennai, Bengaluru","SKIPPED","https://www.naukri.com/job-listings-urgent-opening-for-java-full-stack-developer-hcltech-hyderabad-chennai-bengaluru-8-to-13-years-020926034480","","chatbot_unknown"
"job_1790855847005_ui1bw","1/10/2026, 5:27:27 pm","NAUKRI","Java Full Stack Developer","Infosys","Hybrid - Hyderabad, Ahmedabad, Bengaluru","SKIPPED","https://www.naukri.com/job-listings-java-full-stack-developer-infosys-hyderabad-ahmedabad-bengaluru-10-to-20-years-020926032447","","unknown_state"
"job_1790855847005_2vq50","1/10/2026, 5:27:27 pm","NAUKRI","Java Full Stack Developer","CGI","Hyderabad","SKIPPED","https://www.naukri.com/job-listings-java-full-stack-developer-talent21-hyderabad-6-to-10-years-020926014653","","chatbot_unknown"
"job_1790855847006_pqdl7","1/10/2026, 5:27:27 pm","NAUKRI","Java Full Stack Developer","Infosys","Hybrid - Hyderabad, Chennai, Bengaluru","SKIPPED","https://www.naukri.com/job-listings-java-full-stack-developer-infosys-hyderabad-chennai-bengaluru-9-to-14-years-010926026344","","unknown_state"
"job_1790855847006_6no6n","1/10/2026, 5:27:27 pm","NAUKRI","Java Full Stack Developer - Hyderabad","Infosys","Hyderabad","SKIPPED","https://www.naukri.com/job-listings-java-full-stack-developer-hyderabad-infosys-hyderabad-3-to-8-years-270426030941","","unknown_state"
"job_1790855847006_9md92","1/10/2026, 5:27:27 pm","NAUKRI","Java Full Stack Developer","Leuwint Technologies","Hyderabad, Bengaluru","SKIPPED","https://www.naukri.com/job-listings-java-full-stack-developer-leuwint-technologies-hyderabad-bengaluru-10-to-15-years-270826028074","","unknown_state"
"job_1790855847006_bs61g","1/10/2026, 5:27:27 pm","NAUKRI","Java Full Stack Developer","Deloitte US-India Offices","Hybrid - Hyderabad","SKIPPED","https://www.naukri.com/job-listings-java-full-stack-developer-deloitte-us-india-offices-hyderabad-9-to-12-years-270826023630","","chatbot_unknown"
"job_1790855847006_f2m01","1/10/2026, 5:27:27 pm","NAUKRI","Java Full Stack Developer","Tekskills","Hyderabad","SKIPPED","https://www.naukri.com/job-listings-java-full-stack-developer-tekskills-hyderabad-9-to-14-years-270826021773","","unknown_state"
"job_1790855847006_wydnx","1/10/2026, 5:27:27 pm","NAUKRI","Java Full Stack Developer","CGI","Hyderabad, Bengaluru","SKIPPED","https://www.naukri.com/job-listings-java-full-stack-developer-cgi-hyderabad-bengaluru-4-to-8-years-270826017278","","chatbot_unknown"
"job_1790855847006_l4dio","1/10/2026, 5:27:27 pm","NAUKRI","Java Full Stack Developer- Infosys","Infosys","Hyderabad","SKIPPED","https://www.naukri.com/job-listings-java-full-stack-developer-infosys-infosys-hyderabad-5-to-9-years-060426029710","","unknown_state"
"job_1790855847007_0vos0","1/10/2026, 5:27:27 pm","NAUKRI","Java Full Stack Developer","Capgemini","Hybrid - Hyderabad, Chennai, Bengaluru","SKIPPED","https://www.naukri.com/job-listings-java-full-stack-developer-capgemini-hyderabad-chennai-bengaluru-6-to-9-years-020926025753","","chatbot_unknown"
"job_1790855847007_9b8bk","1/10/2026, 5:27:27 pm","NAUKRI","AWS Java Full Stack Developer - Angular","Tata Consultancy Services","Hyderabad, Chennai, Bengaluru","SKIPPED","https://www.naukri.com/job-listings-aws-java-full-stack-developer-angular-tata-consultancy-services-hyderabad-chennai-bengaluru-8-to-10-years-010926037494","","unknown_state"
"job_1790855847007_9zhta","1/10/2026, 5:27:27 pm","NAUKRI","Java Full Stack Developer(Java+React)","LTM","Hyderabad, Indore, Pune","SKIPPED","https://www.naukri.com/job-listings-java-full-stack-developer-java-react-alike-thoughts-indore-hyderabad-pune-7-to-12-years-010926035771","","unknown_state"
"job_1790855847007_s7f18","1/10/2026, 5:27:27 pm","NAUKRI","Java Full Stack Developer with AI","Capgemini","Hybrid - Hyderabad","SKIPPED","https://www.naukri.com/job-listings-java-full-stack-developer-with-ai-capgemini-hyderabad-6-to-8-years-270826030300","","unknown_state"
"job_1790855847007_4lws9","1/10/2026, 5:27:27 pm","NAUKRI","Java Full Stack Developer","Techwise Digital","Hyderabad, Noida, Bengaluru","SKIPPED","https://www.naukri.com/job-listings-java-full-stack-developer-indihire-consultants-noida-hyderabad-bengaluru-8-to-13-years-210826014629","","unknown_state"
"job_1790855847007_kklln","1/10/2026, 5:27:27 pm","NAUKRI","Java Full Stack Developer","WSNE Consulting","Hyderabad","SKIPPED","https://www.naukri.com/job-listings-java-full-stack-developer-wsne-consulting-hyderabad-7-to-12-years-200826035608","","unknown_state"
"job_1790855847007_3xt30","1/10/2026, 5:27:27 pm","NAUKRI","Java Full Stack Developer","SRS Infoway","Hyderabad, Pune, Bengaluru","SKIPPED","https://www.naukri.com/job-listings-java-full-stack-developer-srs-infoway-hyderabad-pune-bengaluru-5-to-10-years-090726008564","","chatbot_unknown"
"job_1790855847008_lot8r","1/10/2026, 5:27:27 pm","NAUKRI","Java Full Stack Developer","Cloudxtreme","Hyderabad, Chennai, Bengaluru","SKIPPED","https://www.naukri.com/job-listings-java-full-stack-developer-cloudxtreme-hyderabad-chennai-bengaluru-4-to-9-years-010826006559","","chatbot_unknown"
"job_1790855847008_3zepy","1/10/2026, 5:27:27 pm","NAUKRI","Java Full Stack Developer + Agentic AI","Cognizant","Hybrid - Hyderabad, Bengaluru","SKIPPED","https://www.naukri.com/job-listings-java-full-stack-developer-agentic-ai-cognizant-hyderabad-bengaluru-10-to-15-years-280726006393","","unknown_state"
"job_1790855847008_t9u0v","1/10/2026, 5:27:27 pm","NAUKRI","Java Full Stack Developer","Tata Consultancy Services","Hyderabad","SKIPPED","https://www.naukri.com/job-listings-java-full-stack-developer-tata-consultancy-services-hyderabad-6-to-9-years-220826009856","","unknown_state"
"job_1790855847008_4ymkh","1/10/2026, 5:27:27 pm","NAUKRI","Senior Java Full Stack Developer ( Java + React )","Sdkm Solutions","Hybrid - Hyderabad","SKIPPED","https://www.naukri.com/job-listings-senior-java-full-stack-developer-java-react-sdkm-solutions-hyderabad-8-to-13-years-020926019722","","unknown_state"
"job_1790855847008_0e2kr","1/10/2026, 5:27:27 pm","NAUKRI","Java Full Stack Developer","Vbeyond Corporation","Hybrid - Hyderabad","SKIPPED","https://www.naukri.com/job-listings-java-full-stack-developer-vbeyond-corporation-hyderabad-5-to-8-years-250826014397","","chatbot_unknown"
"job_1790855847008_pnczf","1/10/2026, 5:27:27 pm","NAUKRI","Lead Java Full-Stack Developer (Angular)","Epam Systems","Hybrid - Hyderabad","SKIPPED","https://www.naukri.com/job-listings-lead-java-full-stack-developer-angular-epam-systems-hyderabad-10-to-14-years-240826007061","","unknown_state"
"job_1790855847009_3phdg","1/10/2026, 5:27:27 pm","NAUKRI","Java Full Stack Developer","Leading Client","Hyderabad","SKIPPED","https://www.naukri.com/job-listings-java-full-stack-developer-tekskills-india-private-limited-hyderabad-8-to-13-years-210826916881","","unknown_state"
"job_1790855847009_hbbfh","1/10/2026, 5:27:27 pm","NAUKRI","Java Full Stack Developer","Leading Client","Hyderabad","SKIPPED","https://www.naukri.com/job-listings-java-full-stack-developer-tekskills-india-private-limited-hyderabad-5-to-10-years-210826916806","","unknown_state"
"job_1790855847009_efudo","1/10/2026, 5:27:27 pm","NAUKRI","Java Full Stack Developer","Leading Client","Hyderabad","SKIPPED","https://www.naukri.com/job-listings-java-full-stack-developer-tekskills-india-private-limited-hyderabad-5-to-10-years-210826910752","","unknown_state"
"job_1790855847009_rk020","1/10/2026, 5:27:27 pm","NAUKRI","Java Full Stack Developer","Leading Client","Hyderabad","SKIPPED","https://www.naukri.com/job-listings-java-full-stack-developer-tekskills-india-private-limited-hyderabad-6-to-10-years-200826928321","","unknown_state"
"job_1790855847009_7owfv","1/10/2026, 5:27:27 pm","NAUKRI","Java Full Stack Developer","Leading Client","Hyderabad","SKIPPED","https://www.naukri.com/job-listings-java-full-stack-developer-tekskills-india-private-limited-hyderabad-6-to-11-years-200826928249","","unknown_state"
"job_1790855847010_qfyw6","1/10/2026, 5:27:27 pm","NAUKRI","Java Full Stack Developer","Pineq Technology Labs","Hybrid - Hyderabad, Chennai, Bengaluru","SKIPPED","https://www.naukri.com/job-listings-java-full-stack-developer-pineq-technology-labs-hyderabad-chennai-bengaluru-8-to-11-years-200826034027","","unknown_state"
"job_1790855847010_2577j","1/10/2026, 5:27:27 pm","NAUKRI","Java Full Stack Developer","Infosys","Hyderabad","SKIPPED","https://www.naukri.com/job-listings-java-full-stack-developer-infosys-limited-hyderabad-5-to-9-years-170826920003","","unknown_state"
"job_1790855847010_pe7j4","1/10/2026, 5:27:27 pm","NAUKRI","Java Full Stack Developer","Infosys","Hybrid - Hyderabad","SKIPPED","https://www.naukri.com/job-listings-java-full-stack-developer-infosys-hyderabad-5-to-9-years-270426028951","","chatbot_unknown"
"job_1790855847011_x3ey6","1/10/2026, 5:27:27 pm","NAUKRI","Java Full Stack Developer","Quess Corp Limited","Hyderabad, Bengaluru","SKIPPED","https://www.naukri.com/job-listings-java-full-stack-developer-quess-hyderabad-bengaluru-6-to-9-years-260826013701","","unknown_state"
"job_1790855847011_iyhj6","1/10/2026, 5:27:27 pm","NAUKRI","Java Full Stack Developer -N","Tata Consultancy Services","Hyderabad, Chennai, Bengaluru","SKIPPED","https://www.naukri.com/job-listings-java-full-stack-developer-n-tata-consultancy-services-hyderabad-chennai-bengaluru-5-to-8-years-250826029028","","unknown_state"
"job_1790855847011_wh2xz","1/10/2026, 5:27:27 pm","NAUKRI","Java Full Stack Developer - Java MSB + Angular","Cognizant","Hyderabad","SKIPPED","https://www.naukri.com/job-listings-java-full-stack-developer-java-msb-angular-cognizant-hyderabad-10-to-14-years-190826017433","","unknown_state"
"job_1790855847011_pcdl0","1/10/2026, 5:27:27 pm","NAUKRI","Java Full Stack Developer - Java MSB + Angular","Cognizant","Hyderabad","SKIPPED","https://www.naukri.com/job-listings-java-full-stack-developer-java-msb-angular-cognizant-hyderabad-6-to-9-years-190826017364","","unknown_state"
"job_1790855847011_coa45","1/10/2026, 5:27:27 pm","NAUKRI","Java Full Stack Developer (Java + React)","Capgemini","Hybrid - Hyderabad, Pune, Bengaluru","SKIPPED","https://www.naukri.com/job-listings-java-full-stack-developer-java-react-capgemini-hyderabad-pune-bengaluru-6-to-8-years-160726018294","","unknown_state"
"job_1790855847011_7v3ko","1/10/2026, 5:27:27 pm","NAUKRI","Java Full Stack Developer","IT Industry","Hyderabad, Bengaluru, Delhi / NCR","SKIPPED","https://www.naukri.com/job-listings-java-full-stack-developer-serendipity-corporate-services-hyderabad-bengaluru-delhi-ncr-5-to-9-years-120826919713","","unknown_state"
"job_1790855847012_yez4x","1/10/2026, 5:27:27 pm","NAUKRI","Java Full Stack Developer","Valuelabs","Hyderabad","SKIPPED","https://www.naukri.com/job-listings-java-full-stack-developer-valuelabs-hyderabad-6-to-11-years-100826023325","","chatbot_unknown"
"job_1790855847012_pg72b","1/10/2026, 5:27:27 pm","NAUKRI","Java Full Stack Developer","Valuelabs","Hybrid - Hyderabad","SKIPPED","https://www.naukri.com/job-listings-java-full-stack-developer-valuelabs-hyderabad-5-to-10-years-100826020952","","unknown_state"
"job_1790855847012_m83p3","1/10/2026, 5:27:27 pm","NAUKRI","Java Full Stack Developer","Evoke Technologies","Hybrid - Hyderabad","SKIPPED","https://www.naukri.com/job-listings-java-full-stack-developer-evoke-technologies-hyderabad-7-to-12-years-040826032441","","unknown_state"
"job_1790855847012_xr7b9","1/10/2026, 5:27:27 pm","NAUKRI","Java Full Stack Developer @ Pan India","Infosys","Hyderabad, Bengaluru, Delhi / NCR","SKIPPED","https://www.naukri.com/job-listings-java-full-stack-developer-pan-india-infosys-hyderabad-bengaluru-delhi-ncr-5-to-8-years-270426033372","","unknown_state"
"job_1790855847012_3jlee","1/10/2026, 5:27:27 pm","NAUKRI","Java Full Stack Developer","CGI","Hybrid - Hyderabad","SKIPPED","https://www.naukri.com/job-listings-java-full-stack-developer-cgi-hyderabad-5-to-9-years-260826022501","","unknown_state"
"job_1790855847012_jpjmu","1/10/2026, 5:27:27 pm","NAUKRI","Java Full Stack Developer","Teamware Solutions","Hyderabad, Noida, Bengaluru","SKIPPED","https://www.naukri.com/job-listings-java-full-stack-developer-teamware-solutions-noida-hyderabad-bengaluru-8-to-15-years-250826018894","","unknown_state"
"job_1790855847012_3ijwa","1/10/2026, 5:27:27 pm","NAUKRI","Java Full Stack Developer","Value Spectrum Technologies","Hyderabad","SKIPPED","https://www.naukri.com/job-listings-java-full-stack-developer-value-spectrum-technologies-hyderabad-5-to-10-years-250826013231","","unknown_state"
"job_1790855847012_ksx4x","1/10/2026, 5:27:27 pm","NAUKRI","Java Full Stack Developer","CGI","Hybrid - Hyderabad","SKIPPED","https://www.naukri.com/job-listings-java-full-stack-developer-cgi-hyderabad-7-to-9-years-210826030559","","unknown_state"
"job_1790855847013_j23t3","1/10/2026, 5:27:27 pm","NAUKRI","Java Full Stack Developer","Rekrut India","Hybrid - Hyderabad, Chennai, Bengaluru","SKIPPED","https://www.naukri.com/job-listings-java-full-stack-developer-rekrut-india-hyderabad-chennai-bengaluru-5-to-8-years-190826025514","","unknown_state"
"job_1790855847013_6xpb8","1/10/2026, 5:27:27 pm","NAUKRI","Java Full Stack Developer","Lloyds Technology Centre","Hybrid - Hyderabad","SKIPPED","https://www.naukri.com/job-listings-java-full-stack-developer-lloyds-technology-centre-hyderabad-8-to-13-years-190826017882","","unknown_state"
"job_1790855847013_liyf7","1/10/2026, 5:27:27 pm","NAUKRI","Java Full Stack Developer","IonIdea","Hyderabad, Pune, Bengaluru","SKIPPED","https://www.naukri.com/job-listings-java-full-stack-developer-ionidea-hyderabad-pune-bengaluru-4-to-6-years-190826010997","","unknown_state"
"job_1790855847013_u5gv5","1/10/2026, 5:27:27 pm","NAUKRI","Java Full Stack Developer-Hyderabad (5-9 yrs)","Infosys","Hybrid - Hyderabad","SKIPPED","https://www.naukri.com/job-listings-java-full-stack-developer-hyderabad-5-9-yrs-infosys-hyderabad-5-to-9-years-050626026128","","unknown_state"
"job_1790855847014_qrqop","1/10/2026, 5:27:27 pm","NAUKRI","Java Full Stack Developer","Tech Mahindra","Hybrid - Hyderabad","SKIPPED","https://www.naukri.com/job-listings-java-full-stack-developer-tech-mahindra-hyderabad-5-to-8-years-240826025995","","unknown_state"
"job_1790855847014_cqyxq","1/10/2026, 5:27:27 pm","NAUKRI","Java Full Stack Developer","Hexaware Technologies","Hybrid - Hyderabad, Chennai, Bengaluru","SKIPPED","https://www.naukri.com/job-listings-java-full-stack-developer-hexaware-technologies-hyderabad-chennai-bengaluru-6-to-10-years-290626001311","","unknown_state"
"job_1790855847014_detri","1/10/2026, 5:27:27 pm","NAUKRI","Java Full Stack Developer","Akshaya Business It Solutions","Hyderabad","SKIPPED","https://www.naukri.com/job-listings-java-full-stack-developer-akshaya-business-it-solutions-hyderabad-5-to-10-years-240826014323","","unknown_state"
"job_1790855847014_cmflb","1/10/2026, 5:27:27 pm","NAUKRI","Java Full Stack Developer","Cloudxtreme","Hybrid - Hyderabad, Chennai, Bengaluru","SKIPPED","https://www.naukri.com/job-listings-java-full-stack-developer-cloudxtreme-hyderabad-chennai-bengaluru-4-to-6-years-210726007196","","unknown_state"
"job_1790855847014_vn5lx","1/10/2026, 5:27:27 pm","NAUKRI","Java Full Stack Developer","Leading Client","Hyderabad","SKIPPED","https://www.naukri.com/job-listings-java-full-stack-developer-tekskills-india-private-limited-hyderabad-5-to-10-years-180826930849","","unknown_state"
"job_1790855847015_sl79w","1/10/2026, 5:27:27 pm","NAUKRI","Java Full Stack Developer","LTM","Hybrid - Hyderabad, Chennai","SKIPPED","https://www.naukri.com/job-listings-java-full-stack-developer-ltm-hyderabad-chennai-6-to-8-years-170826010066","","unknown_state"
"job_1790855847015_t5pxs","1/10/2026, 5:27:27 pm","NAUKRI","Java Full Stack Developer","Hexaware Technologies","Hyderabad, Chennai, Bengaluru","SKIPPED","https://www.naukri.com/job-listings-java-full-stack-developer-hexaware-technologies-hyderabad-chennai-bengaluru-9-to-12-years-170826006105","","unknown_state"
"job_1790855847015_q8yqt","1/10/2026, 5:27:27 pm","NAUKRI","Java Full Stack Developer","CGI","Hybrid - Hyderabad","SKIPPED","https://www.naukri.com/job-listings-java-full-stack-developer-cgi-hyderabad-6-to-9-years-120826033057","","unknown_state"
"job_1790855847015_xe6nl","1/10/2026, 5:27:27 pm","NAUKRI","Java Full Stack Developer","Nxtwave Disruptive Technologies (Hiring for a client)","Hyderabad, Indore, Ahmedabad","SKIPPED","https://www.naukri.com/job-listings-java-full-stack-developer-nxtwave-disruptive-technologies-hiring-for-a-client-indore-hyderabad-ahmedabad-5-to-9-years-070826039572","","unknown_state"
"job_1790855847015_dwokw","1/10/2026, 5:27:27 pm","NAUKRI","Java Full Stack Developer with Angular","Virtusa","Hyderabad, Pune, Bengaluru","SKIPPED","https://www.naukri.com/job-listings-java-full-stack-developer-with-angular-virtusa-hyderabad-pune-bengaluru-5-to-12-years-070826038214","","unknown_state"
"job_1790855847016_clc78","1/10/2026, 5:27:27 pm","NAUKRI","Java Full Stack Developer","Vbeyond Corporation","Hybrid - Hyderabad, Chennai, Bengaluru","SKIPPED","https://www.naukri.com/job-listings-java-full-stack-developer-vbeyond-corporation-hyderabad-chennai-bengaluru-6-to-11-years-070826017108","","unknown_state"
"job_1790855847016_m17qs","1/10/2026, 5:27:27 pm","NAUKRI","Java Full Stack Developer","Synechron","Hyderabad, Bengaluru","SKIPPED","https://www.naukri.com/job-listings-java-full-stack-developer-synechron-hyderabad-bengaluru-6-to-11-years-050826022946","","unknown_state"
"job_1790855847016_v42iu","1/10/2026, 5:27:27 pm","NAUKRI","Java Full Stack Developer","Synechron","Hyderabad, Bengaluru","SKIPPED","https://www.naukri.com/job-listings-java-full-stack-developer-synechron-hyderabad-bengaluru-6-to-10-years-040826016978","","unknown_state"
"job_1790855847016_p3no3","1/10/2026, 5:27:27 pm","NAUKRI","Vue & Java Full Stack Developer","Leading Client","Remote","SKIPPED","https://www.naukri.com/job-listings-vue-java-full-stack-developer-basebiz-hyderabad-9-to-12-years-030826918198","","unknown_state"
"job_1790855847016_6pfxr","1/10/2026, 5:27:27 pm","NAUKRI","Java Full Stack Developer","TekWissen","Hyderabad","SKIPPED","https://www.naukri.com/job-listings-java-full-stack-developer-tekwissen-hyderabad-6-to-11-years-030826022053","","unknown_state"
"job_1790855847017_n473w","1/10/2026, 5:27:27 pm","NAUKRI","Java Full Stack Developer","CGI","Hybrid - Hyderabad","SKIPPED","https://www.naukri.com/job-listings-java-full-stack-developer-cgi-hyderabad-6-to-10-years-030826016442","","unknown_state"
"job_1790855847017_eiedz","1/10/2026, 5:27:27 pm","NAUKRI","Java Full Stack Developer","JPMorgan Chase Bank","Hyderabad","SKIPPED","https://www.naukri.com/job-listings-java-full-stack-developer-sunovaa-tech-hyderabad-5-to-8-years-030826007925","","unknown_state"
"job_1790855847017_hc7yl","1/10/2026, 5:27:27 pm","NAUKRI","Java Full Stack Developer","The Hartford","Hyderabad","SKIPPED","https://www.naukri.com/job-listings-java-full-stack-developer-the-hartford-hyderabad-6-to-14-years-020826004841","","unknown_state"
"job_1790855847017_gz4jk","1/10/2026, 5:27:27 pm","NAUKRI","Java Full Stack Developer- Hyderabad","Infosys","Hybrid - Hyderabad, Chennai, Bengaluru","SKIPPED","https://www.naukri.com/job-listings-java-full-stack-developer-hyderabad-infosys-hyderabad-chennai-bengaluru-5-to-10-years-230726033383","","unknown_state"
"job_1790855847017_1fg57","1/10/2026, 5:27:27 pm","NAUKRI","Java Full Stack Developer","Capgemini","Hyderabad, Pune, Bengaluru","SKIPPED","https://www.naukri.com/job-listings-java-full-stack-developer-capgemini-hyderabad-pune-bengaluru-6-to-9-years-180826046379","","unknown_state"
"job_1790855847018_13hyf","1/10/2026, 5:27:27 pm","NAUKRI","Java Full Stack Developer","Capgemini","Hybrid - Hyderabad, Pune, Bengaluru","SKIPPED","https://www.naukri.com/job-listings-java-full-stack-developer-capgemini-hyderabad-pune-bengaluru-4-to-9-years-180826036388","","unknown_state"
"job_1790855847018_6eev0","1/10/2026, 5:27:27 pm","NAUKRI","Java Full Stack Developer","Capgemini","Hybrid - Hyderabad, Pune, Chennai","SKIPPED","https://www.naukri.com/job-listings-java-full-stack-developer-capgemini-hyderabad-pune-chennai-6-to-9-years-180826036188","","unknown_state"
"job_1790855847018_bw4bw","1/10/2026, 5:27:27 pm","NAUKRI","Java Full Stack Developer","Vbeyond Corporation","Hybrid - Hyderabad, Noida","SKIPPED","https://www.naukri.com/job-listings-java-full-stack-developer-vbeyond-corporation-noida-hyderabad-7-to-12-years-180826010880","","unknown_state"
"job_1790855847018_kkfww","1/10/2026, 5:27:27 pm","NAUKRI","Java Full Stack Developer","Tata Consultancy Services","Hyderabad, Chennai, Bengaluru","SKIPPED","https://www.naukri.com/job-listings-java-full-stack-developer-tata-consultancy-services-hyderabad-chennai-bengaluru-4-to-9-years-180526023600","","unknown_state"
"job_1790855847019_vvpio","1/10/2026, 5:27:27 pm","NAUKRI","Java Full Stack Developer with React.js","Tech Mahindra","Hybrid - Hyderabad, Chennai","SKIPPED","https://www.naukri.com/job-listings-java-full-stack-developer-with-react-js-tech-mahindra-hyderabad-chennai-6-to-10-years-120826033567","","unknown_state"
"job_1790855847019_gurix","1/10/2026, 5:27:27 pm","NAUKRI","Java Full Stack Developer","Tata Consultancy Services","Hyderabad, Chennai, Bengaluru","SKIPPED","https://www.naukri.com/job-listings-java-full-stack-developer-tata-consultancy-services-hyderabad-chennai-bengaluru-5-to-8-years-110826014643","","unknown_state"
"job_1790855847019_jk961","1/10/2026, 5:27:27 pm","NAUKRI","Java Full Stack Developer","Tata Consultancy Services","Hyderabad, Pune, Chennai","SKIPPED","https://www.naukri.com/job-listings-java-full-stack-developer-tata-consultancy-services-hyderabad-pune-chennai-6-to-10-years-100826010787","","unknown_state"
"job_1790855847019_s5w1o","1/10/2026, 5:27:27 pm","NAUKRI","Java Full Stack Developer","Tata Consultancy Services","Hyderabad, Chennai, Bengaluru","SKIPPED","https://www.naukri.com/job-listings-java-full-stack-developer-tata-consultancy-services-hyderabad-chennai-bengaluru-4-to-9-years-100626035138","","unknown_state"
"job_1790855847019_c9w8j","1/10/2026, 5:27:27 pm","NAUKRI","Java Full Stack Developer(angular)","Infosys","Hybrid - Hyderabad, Ahmedabad, Bengaluru","SKIPPED","https://www.naukri.com/job-listings-java-full-stack-developer-angular-infosys-hyderabad-ahmedabad-bengaluru-5-to-9-years-060326031817","","unknown_state"
"job_1790855847020_avqpd","1/10/2026, 5:27:27 pm","NAUKRI","Java Full Stack Developer","Infosys","Hyderabad","SKIPPED","https://www.naukri.com/job-listings-java-full-stack-developer-infosys-hyderabad-5-to-9-years-050526029661","","unknown_state"
"job_1790855847020_3hm00","1/10/2026, 5:27:27 pm","NAUKRI","Java Full Stack Developer","Tata Consultancy Services","Hyderabad, Pune, Bengaluru","SKIPPED","https://www.naukri.com/job-listings-java-full-stack-developer-tata-consultancy-services-hyderabad-pune-bengaluru-7-to-12-years-030826022907","","unknown_state"
"job_1790855847020_tequa","1/10/2026, 5:27:27 pm","NAUKRI","Java Full Stack Developer","Leading Client","Hyderabad","SKIPPED","https://www.naukri.com/job-listings-java-full-stack-developer-tekskills-india-private-limited-hyderabad-7-to-12-years-210826912401","","unknown_state"
"job_1790855847020_5fpa1","1/10/2026, 5:27:27 pm","NAUKRI","Senior Java Full-Stack Developer (Angular)","Epam Systems","Hybrid - Hyderabad","SKIPPED","https://www.naukri.com/job-listings-senior-java-full-stack-developer-angular-epam-systems-hyderabad-5-to-10-years-240826006920","","unknown_state"
"job_1790855847020_uhfg6","1/10/2026, 5:27:27 pm","NAUKRI","Lead Java full stack developer","SM It Services","Hyderabad(Begumpet)","SKIPPED","https://www.naukri.com/job-listings-lead-java-full-stack-developer-sm-it-services-hyderabad-10-to-15-years-050826020654","","unknown_state"
"job_1790855847020_8ac5f","1/10/2026, 5:27:27 pm","NAUKRI","Java Full Stack Developer","Tekskills","Hyderabad","SKIPPED","https://www.naukri.com/job-listings-java-full-stack-developer-tekskills-india-hyderabad-6-to-8-years-180826940562","","unknown_state"
"job_1790855847020_u4uv0","1/10/2026, 5:27:27 pm","NAUKRI","Java Full Stack Developer","Tekskills india","Hybrid - Hyderabad","SKIPPED","https://www.naukri.com/job-listings-java-full-stack-developer-tekskills-hyderabad-7-to-10-years-180826938800","","unknown_state"
"job_1790855847020_h4qm0","1/10/2026, 5:27:27 pm","NAUKRI","Java Full Stack Developer","Tekskills","Hyderabad","SKIPPED","https://www.naukri.com/job-listings-java-full-stack-developer-tekskills-hyderabad-6-to-10-years-180826938326","","unknown_state"
"job_1790855847021_mytq0","1/10/2026, 5:27:27 pm","NAUKRI","Java Full Stack Developer","Tekskills India","Hyderabad","SKIPPED","https://www.naukri.com/job-listings-java-full-stack-developer-tekskills-hyderabad-8-to-13-years-180826934476","","unknown_state"
"job_1790855847021_ws64b","1/10/2026, 5:27:27 pm","NAUKRI","Java Full Stack Developer","Leading Client","Hyderabad","SKIPPED","https://www.naukri.com/job-listings-java-full-stack-developer-tekskills-india-private-limited-hyderabad-7-to-12-years-180826931010","","unknown_state"
"job_1790855847021_htcrb","1/10/2026, 5:27:27 pm","NAUKRI","Java Full Stack Developer","Tekskills","Hyderabad","SKIPPED","https://www.naukri.com/job-listings-java-full-stack-developer-tekskills-hyderabad-5-to-10-years-180826928300","","unknown_state"
"job_1790855847021_yc1hf","1/10/2026, 5:27:27 pm","NAUKRI","Java Full Stack Developer","TeamLease","Hybrid - Hyderabad, Chennai, Bengaluru","SKIPPED","https://www.naukri.com/job-listings-java-full-stack-developer-teamlease-hyderabad-chennai-bengaluru-5-to-10-years-170826022750","","unknown_state"
"job_1790855847021_a7q7g","1/10/2026, 5:27:27 pm","NAUKRI","Java Full Stack Developer","Virtusa","Hyderabad, Chennai, Bengaluru","SKIPPED","https://www.naukri.com/job-listings-java-full-stack-developer-virtusa-hyderabad-chennai-bengaluru-6-to-11-years-130826016398","","unknown_state"
"job_1790855847021_qzq8e","1/10/2026, 5:27:27 pm","NAUKRI","Java Full Stack Developer","Apexon","Hyderabad, Chennai, Bengaluru","SKIPPED","https://www.naukri.com/job-listings-java-full-stack-developer-apexon-hyderabad-chennai-bengaluru-6-to-12-years-100826018539","","unknown_state"
"job_1790855847021_fjxre","1/10/2026, 5:27:27 pm","NAUKRI","Java Full Stack Developer","ThoughtFocus","Hybrid - Hyderabad, Kochi","SKIPPED","https://www.naukri.com/job-listings-java-full-stack-developer-thoughtfocus-kochi-hyderabad-5-to-10-years-060826022891","","unknown_state"
"job_1790855847021_abe3e","1/10/2026, 5:27:27 pm","NAUKRI","Java Full Stack Developer","Ilink Talent Solutions","Hyderabad, Pune, Chennai","SKIPPED","https://www.naukri.com/job-listings-java-full-stack-developer-ilink-talent-solutions-hyderabad-pune-chennai-5-to-10-years-050826028112","","unknown_state"
"job_1790855847022_m8v16","1/10/2026, 5:27:27 pm","NAUKRI","Java Full Stack Developer","Synechron","Hyderabad, Pune, Bengaluru","SKIPPED","https://www.naukri.com/job-listings-java-full-stack-developer-synechron-hyderabad-pune-bengaluru-6-to-10-years-040826019957","","unknown_state"
"job_1790855847022_vtkey","1/10/2026, 5:27:27 pm","NAUKRI","Java Full Stack Developer - Hyderabad","Infosys","Hybrid - Hyderabad","SKIPPED","https://www.naukri.com/job-listings-java-full-stack-developer-hyderabad-infosys-hyderabad-5-to-9-years-290526023369","","unknown_state"
"job_1790855847022_46ji4","1/10/2026, 5:27:27 pm","NAUKRI","Java Full Stack Developer - Hyderabad","Infosys","Hybrid - Hyderabad","SKIPPED","https://www.naukri.com/job-listings-java-full-stack-developer-hyderabad-infosys-hyderabad-5-to-9-years-280526022017","","unknown_state"
"job_1790855847022_qx2g5","1/10/2026, 5:27:27 pm","NAUKRI","Java Full Stack Developer - Hyderabad","Infosys","Hybrid - Hyderabad","SKIPPED","https://www.naukri.com/job-listings-java-full-stack-developer-hyderabad-infosys-hyderabad-5-to-9-years-280526012431","","unknown_state"
"job_1790855847022_7mkgu","1/10/2026, 5:27:27 pm","NAUKRI","Java Full Stack Developer","Tata Consultancy Services","Hyderabad, Pune, Bengaluru","SKIPPED","https://www.naukri.com/job-listings-java-full-stack-developer-tata-consultancy-services-hyderabad-pune-bengaluru-5-to-10-years-170826002918","","unknown_state"
"job_1790855847022_l9cmy","1/10/2026, 5:27:27 pm","NAUKRI","Java Full Stack Developer","Tata Consultancy Services","Hyderabad, Chennai, Bengaluru","SKIPPED","https://www.naukri.com/job-listings-java-full-stack-developer-tata-consultancy-services-hyderabad-chennai-bengaluru-5-to-8-years-100826003076","","unknown_state"
"job_1790855847022_h9xlr","1/10/2026, 5:27:27 pm","NAUKRI","Java Full Stack Developer","Infosys","Hyderabad, Chennai, Bengaluru","SKIPPED","https://www.naukri.com/job-listings-java-full-stack-developer-infosys-hyderabad-chennai-bengaluru-4-to-9-years-080826015550","","unknown_state"
"job_1790855847022_rhk20","1/10/2026, 5:27:27 pm","NAUKRI","Java Full Stack Developer","Capgemini","Hyderabad, Chennai, Bengaluru","SKIPPED","https://www.naukri.com/job-listings-java-full-stack-developer-capgemini-hyderabad-chennai-bengaluru-6-to-8-years-070826018206","","unknown_state"
"job_1790855847023_nnz9r","1/10/2026, 5:27:27 pm","NAUKRI","Java Full Stack Developer","Capgemini","Hyderabad, Pune, Bengaluru","SKIPPED","https://www.naukri.com/job-listings-java-full-stack-developer-capgemini-hyderabad-pune-bengaluru-6-to-8-years-050826033493","","unknown_state"
"job_1790855847023_uzxaq","1/10/2026, 5:27:27 pm","NAUKRI","Java Full-Stack Developer (Angular) - Hyderabad","Epam Systems","Hybrid - Hyderabad","SKIPPED","https://www.naukri.com/job-listings-java-full-stack-developer-angular-hyderabad-epam-systems-hyderabad-10-to-14-years-030826007675","","unknown_state"
"job_1790855847023_7ctl5","1/10/2026, 5:27:27 pm","NAUKRI","Java Full-Stack Developer (Angular) - Hyderabad","Epam Systems","Hybrid - Hyderabad","SKIPPED","https://www.naukri.com/job-listings-java-full-stack-developer-angular-hyderabad-epam-systems-hyderabad-5-to-10-years-030826007552","","unknown_state"
"job_1790855847023_u2d0k","1/10/2026, 5:27:27 pm","NAUKRI","Java Full Stack Developer","Capgemini","Hyderabad, Chennai, Bengaluru","SKIPPED","https://www.naukri.com/job-listings-java-full-stack-developer-capgemini-hyderabad-chennai-bengaluru-6-to-8-years-030826005892","","unknown_state"
"job_1790855847023_4vpxe","1/10/2026, 5:27:27 pm","NAUKRI","Java Full Stack Developer(angular)3-5 years-infosys","Infosys","Hybrid - Hyderabad, Ahmedabad, Bengaluru","SKIPPED","https://www.naukri.com/job-listings-java-full-stack-developer-angular-3-5-years-infosys-infosys-hyderabad-ahmedabad-bengaluru-3-to-5-years-110326018473","","unknown_state"
"job_1790855847023_8vbri","1/10/2026, 5:27:27 pm","NAUKRI","Java Full Stack Developer","Infosys","Hyderabad","SKIPPED","https://www.naukri.com/job-listings-java-full-stack-developer-infosys-limited-hyderabad-7-to-10-years-210826932584","","unknown_state"
"job_1790855847024_vldci","1/10/2026, 5:27:27 pm","NAUKRI","Java Full Stack Developer","Leading Client","Hybrid - Hyderabad","SKIPPED","https://www.naukri.com/job-listings-java-full-stack-developer-tekskills-india-private-limited-hyderabad-5-to-10-years-200826928351","","unknown_state"
"job_1790855847024_kusf3","1/10/2026, 5:27:27 pm","NAUKRI","Java Full Stack Developer","Leading Client","Hybrid - Hyderabad","SKIPPED","https://www.naukri.com/job-listings-java-full-stack-developer-tekskills-india-private-limited-hyderabad-8-to-13-years-200826928259","","unknown_state"
"job_1790855847024_2hici","1/10/2026, 5:27:27 pm","NAUKRI","Java Full Stack Developer","Infosys","Hybrid - Hyderabad, Chennai, Bengaluru","SKIPPED","https://www.naukri.com/job-listings-java-full-stack-developer-infosys-hyderabad-chennai-bengaluru-5-to-10-years-200826034143","","unknown_state"
"job_1790855847024_pu153","1/10/2026, 5:27:27 pm","NAUKRI","Java Full Stack Developer","Capgemini","Hybrid - Hyderabad, Pune, Bengaluru","SKIPPED","https://www.naukri.com/job-listings-java-full-stack-developer-capgemini-hyderabad-pune-bengaluru-6-to-9-years-190826022729","","unknown_state"
"job_1790855847024_8zafa","1/10/2026, 5:27:27 pm","NAUKRI","Java Full Stack Developer | Angular/React Exp mandatory","Capgemini","Hybrid - Hyderabad, Pune, Bengaluru","SKIPPED","https://www.naukri.com/job-listings-java-full-stack-developer-angular-react-exp-mandatory-capgemini-hyderabad-pune-bengaluru-6-to-9-years-100626014226","","unknown_state"
"job_1790855847024_pmw0n","1/10/2026, 5:27:27 pm","NAUKRI","Java Full Stack Developer","Tekskills India","Hybrid - Hyderabad","SKIPPED","https://www.naukri.com/job-listings-java-full-stack-developer-tekskills-hyderabad-8-to-12-years-180826932307","","unknown_state"
"job_1790855847025_jlb26","1/10/2026, 5:27:27 pm","NAUKRI","Java Full Stack Developer","Leading Client","Hyderabad","SKIPPED","https://www.naukri.com/job-listings-java-full-stack-developer-purview-india-consulting-and-services-llp-hyderabad-5-to-8-years-180826914445","","unknown_state"
"job_1790855847025_8oub3","1/10/2026, 5:27:27 pm","NAUKRI","Java Full Stack Developer","Innova Solutions","Hyderabad, Chennai, Bengaluru","SKIPPED","https://www.naukri.com/job-listings-java-full-stack-developer-innova-solutions-hyderabad-chennai-bengaluru-10-to-20-years-180826048426","","unknown_state"
"job_1790855847025_9o1qq","1/10/2026, 5:27:27 pm","NAUKRI","Java Full Stack Developer","Innova Solutions","Hyderabad, Chennai, Bengaluru","SKIPPED","https://www.naukri.com/job-listings-java-full-stack-developer-innova-solutions-hyderabad-chennai-bengaluru-7-to-12-years-180826048404","","unknown_state"
"job_1790855847026_zvl79","1/10/2026, 5:27:27 pm","NAUKRI","Java Full Stack Developer","Cloudxtreme","Hyderabad, Bengaluru","SKIPPED","https://www.naukri.com/job-listings-java-full-stack-developer-cloudxtreme-hyderabad-bengaluru-5-to-8-years-180826026372","","unknown_state"
"job_1790855847026_q3leu","1/10/2026, 5:27:27 pm","NAUKRI","Java Full Stack Developer","Deloitte US-India Offices","Hyderabad, Pune, Bengaluru","SKIPPED","https://www.naukri.com/job-listings-java-full-stack-developer-deloitte-us-india-offices-hyderabad-pune-bengaluru-4-to-7-years-130826023761","","unknown_state"
"job_1790855847026_yf2y5","1/10/2026, 5:27:27 pm","NAUKRI","Java Full Stack Developer","Persistent","Hyderabad, Bengaluru","SKIPPED","https://www.naukri.com/job-listings-java-full-stack-developer-persistent-hyderabad-bengaluru-5-to-8-years-120826016102","","unknown_state"
"job_1790855847027_t9pcc","1/10/2026, 5:27:27 pm","NAUKRI","Java Full Stack Developer","Deloitte US-India Offices","Hyderabad, Pune, Bengaluru","SKIPPED","https://www.naukri.com/job-listings-java-full-stack-developer-deloitte-us-india-offices-hyderabad-pune-bengaluru-4-to-7-years-060826025165","","unknown_state"
"job_1790855847027_7hr3p","1/10/2026, 5:27:27 pm","NAUKRI","Java Full Stack Developer","Leading IT MNC","Hybrid - Hyderabad","SKIPPED","https://www.naukri.com/job-listings-java-full-stack-developer-leinex-consulting-hyderabad-4-to-9-years-060826017910","","unknown_state"
"job_1790855847027_0jtbq","1/10/2026, 5:27:27 pm","NAUKRI","Java Full Stack Developer","Tekskills india pvt ltd","Hybrid - Hyderabad, Chennai, Bengaluru","SKIPPED","https://www.naukri.com/job-listings-java-full-stack-developer-tekskills-hyderabad-chennai-bengaluru-7-to-10-years-050826021428","","unknown_state"
"job_1790855847027_8262k","1/10/2026, 5:27:27 pm","NAUKRI","Java Full Stack Developer","Virtusa","Hybrid - Hyderabad, Pune, Chennai","SKIPPED","https://www.naukri.com/job-listings-java-full-stack-developer-virtusa-hyderabad-pune-chennai-9-to-14-years-040826033699","","unknown_state"
"job_1790855847027_iv5o3","1/10/2026, 5:27:27 pm","NAUKRI","Java Full Stack Developer","Coforge","Hybrid - Hyderabad","SKIPPED","https://www.naukri.com/job-listings-java-full-stack-developer-coforge-hyderabad-5-to-8-years-120826041703","","unknown_state"
"job_1790855847028_zx0hh","1/10/2026, 5:27:27 pm","NAUKRI","Java Full Stack Developer - F2F - 22nd Aug","Hirexa Solutions","Hybrid - Hyderabad","SKIPPED","https://www.naukri.com/job-listings-java-full-stack-developer-f2f-22nd-aug-hirexa-solutions-hyderabad-4-to-7-years-120826015731","","unknown_state"
"job_1790855847028_jvy6w","1/10/2026, 5:27:27 pm","NAUKRI","Java Full Stack Developer","Capgemini","Hyderabad, Pune, Bengaluru","SKIPPED","https://www.naukri.com/job-listings-java-full-stack-developer-capgemini-hyderabad-pune-bengaluru-6-to-8-years-070826022851","","unknown_state"
"job_1790855847028_8d896","1/10/2026, 5:27:27 pm","NAUKRI","Java Full Stack Developer","Tata Consultancy Services","Hyderabad, Chennai, Bengaluru","SKIPPED","https://www.naukri.com/job-listings-java-full-stack-developer-tata-consultancy-services-hyderabad-chennai-bengaluru-5-to-10-years-060826026647","","unknown_state"
"job_1790855847028_fi6pa","1/10/2026, 5:27:27 pm","NAUKRI","Java Full Stack Developer - Hyderabad - B","Infosys","Hybrid - Hyderabad","SKIPPED","https://www.naukri.com/job-listings-java-full-stack-developer-hyderabad-b-infosys-hyderabad-5-to-9-years-060726011615","","unknown_state"
"job_1790855847028_r3r3l","1/10/2026, 5:27:27 pm","NAUKRI","Java Full Stack Developer","Capgemini","Hybrid - Hyderabad, Bengaluru","SKIPPED","https://www.naukri.com/job-listings-java-full-stack-developer-capgemini-hyderabad-bengaluru-5-to-8-years-050826010667","","unknown_state"
"job_1790855847028_87xl3","1/10/2026, 5:27:27 pm","NAUKRI","Java Full Stack Developer","Pragma Edge Software Services","Hyderabad, Bengaluru, Delhi / NCR","SKIPPED","https://www.naukri.com/job-listings-java-full-stack-developer-pragma-edge-software-services-hyderabad-bengaluru-delhi-ncr-4-to-7-years-050826006259","","unknown_state"
"job_1790855847029_5966a","1/10/2026, 5:27:27 pm","NAUKRI","Senior Core Java Full Stack Developer (Big Data)","Tek Ninjas","Hybrid - Hyderabad","SKIPPED","https://www.naukri.com/job-listings-senior-core-java-full-stack-developer-big-data-tek-ninjas-hyderabad-8-to-13-years-060826015518","","unknown_state"
"job_1790855847029_tkmoy","1/10/2026, 5:27:27 pm","NAUKRI","Java Developer","MY Guru Knowledge Center","Hyderabad","SKIPPED","https://www.naukri.com/job-listings-java-developer-my-guru-knowledge-center-private-limited-hyderabad-2-to-7-years-020926930988","","unknown_state"
"job_1790855847029_wvy88","1/10/2026, 5:27:27 pm","NAUKRI","Java Spring Boot Developer","Tekskills India pvt ltd","Hybrid - Hyderabad, pan india","SKIPPED","https://www.naukri.com/job-listings-java-spring-boot-developer-tekskills-hyderabad-pan-india-6-to-11-years-180826934193","","unknown_state"
"job_1790855847029_p23oj","1/10/2026, 5:27:27 pm","NAUKRI","Hiring Java Full Stack Developer","Motivity Labs","Hyderabad","SKIPPED","https://www.naukri.com/job-listings-hiring-java-full-stack-developer-motivity-labs-hyderabad-5-to-10-years-300924003203","","unknown_state"
"job_1790855847029_dreh6","1/10/2026, 5:27:27 pm","NAUKRI","Java Full Stack Developer ( 7+yrs)","Sunware Technologies","Hyderabad, Chennai, Bengaluru","SKIPPED","https://www.naukri.com/job-listings-java-full-stack-developer-7-yrs-sunware-technologies-hyderabad-chennai-bengaluru-8-to-13-years-020926026062","","unknown_state"
"job_1790855847030_4cemd","1/10/2026, 5:27:27 pm","NAUKRI","Java Back End Developer","Zclus India","Hybrid - Hyderabad","SKIPPED","https://www.naukri.com/job-listings-java-back-end-developer-zclus-india-hyderabad-3-to-8-years-030926011104","","unknown_state"
"job_1790855847030_afeos","1/10/2026, 5:27:27 pm","NAUKRI","Walk-in || Java Full Stack Developer with React JS","Tata Consultancy Services","Hyderabad","SKIPPED","https://www.naukri.com/job-listings-java-full-stack-developer-with-react-js-tata-consultancy-services-hyderabad-7-to-10-years-020926030197","","no_apply_button"
"job_1790855847030_wogl0","1/10/2026, 5:27:27 pm","NAUKRI","Software Engineer 2","Highradius","Hyderabad","SKIPPED","https://www.naukri.com/job-listings-software-engineer-2-highradius-hyderabad-3-to-5-years-020926012409","","unknown_state"
"job_1790855847030_vlawv","1/10/2026, 5:27:27 pm","NAUKRI","Senior full stack (Java + React) Developer","Tata Consultancy Services","Hyderabad","SKIPPED","https://www.naukri.com/job-listings-senior-full-stack-java-react-developer-tata-consultancy-services-hyderabad-7-to-11-years-210826004285","","unknown_state"
"job_1790855847031_qtv9s","1/10/2026, 5:27:27 pm","NAUKRI","Java Developer (2-9 y)","Infosys","Hybrid - Hyderabad, Pune, Bengaluru","SKIPPED","https://www.naukri.com/job-listings-java-developer-2-9-y-infosys-hyderabad-pune-bengaluru-2-to-7-years-020926034338","","unknown_state"
"job_1790855847031_2ma5v","1/10/2026, 5:27:27 pm","NAUKRI","Java Backend Engineer","Ascendion Engineering","Hyderabad, Bengaluru","SKIPPED","https://www.naukri.com/job-listings-java-backend-engineer-ascendion-engineering-hyderabad-bengaluru-10-to-15-years-020926027824","","unknown_state"
"job_1790855847031_tn7za","1/10/2026, 5:27:27 pm","NAUKRI","Senior Software Engineer","Epam Systems","Hyderabad, Pune, Bengaluru","SKIPPED","https://www.naukri.com/job-listings-senior-software-engineer-epam-systems-hyderabad-pune-bengaluru-5-to-10-years-020926022605","","unknown_state"
"job_1790855847031_u43ho","1/10/2026, 5:27:27 pm","NAUKRI","Full Stack Engineer (Angular with Java)","Solugenix","Hybrid - Hyderabad, Indore, Bengaluru","SKIPPED","https://www.naukri.com/job-listings-full-stack-engineer-angular-with-java-solugenix-indore-hyderabad-bengaluru-3-to-5-years-020926033769","","unknown_state"
"job_1790855847031_wllv2","1/10/2026, 5:27:27 pm","NAUKRI","Java Developer","Tata Consultancy Services","Hyderabad, Chennai, Bengaluru","SKIPPED","https://www.naukri.com/job-listings-java-developer-tata-consultancy-services-hyderabad-chennai-bengaluru-5-to-10-years-020926022271","","unknown_state"
"job_1790855847031_kitto","1/10/2026, 5:27:27 pm","NAUKRI","Java_Springboot_Microservice (3-5 Years)","Infosys","Hybrid - Hyderabad, Chennai, Bengaluru","SKIPPED","https://www.naukri.com/job-listings-java-springboot-microservice-3-5-years-infosys-hyderabad-chennai-bengaluru-3-to-5-years-290726029995","","unknown_state"
"job_1790855847031_co84b","1/10/2026, 5:27:27 pm","NAUKRI","Java Developer","Tanisha Systems","Hyderabad","SKIPPED","https://www.naukri.com/job-listings-java-developer-tanisha-systems-hyderabad-5-to-10-years-020926022470","","unknown_state"
"job_1790855847031_qu5eq","1/10/2026, 5:27:27 pm","NAUKRI","Walk-in || Java Developer","Tata Consultancy Services","Hyderabad","SKIPPED","https://www.naukri.com/job-listings-java-developer-tata-consultancy-services-hyderabad-6-to-10-years-020926026639","","no_apply_button"
"job_1790855847031_qjv4h","1/10/2026, 5:27:27 pm","NAUKRI","Walk-in || Java Developer","Tata Consultancy Services","Hyderabad","SKIPPED","https://www.naukri.com/job-listings-java-developer-tata-consultancy-services-hyderabad-6-to-11-years-020926025738","","no_apply_button"
"job_1790855847032_p9num","1/10/2026, 5:27:27 pm","NAUKRI","Java Developer","Persistent","Hyderabad, Bengaluru","SKIPPED","https://www.naukri.com/job-listings-java-developer-persistent-hyderabad-bengaluru-6-to-10-years-020926018032","","unknown_state"
"job_1790855847032_m1sb7","1/10/2026, 5:27:27 pm","NAUKRI","Java Developer | Walkin Interview","Leading Technology Company","Hyderabad","SKIPPED","https://www.naukri.com/job-listings-java-developer-walkin-interview-sp-staffing-hyderabad-5-to-10-years-020926024156","","unknown_state"
"job_1790855847032_yordb","1/10/2026, 5:27:27 pm","NAUKRI","Java Developer","Wipro","Hybrid - Hyderabad, Chennai, Bengaluru","SKIPPED","https://www.naukri.com/job-listings-java-developer-infinityquest-it-services-hyderabad-chennai-bengaluru-8-to-13-years-030926007507","","unknown_state"
"job_1790855847032_ioz9p","1/10/2026, 5:27:27 pm","NAUKRI","Java Developer - Remote","Magnify360 Hi-tech Solutions","Hyderabad, Pune, Bengaluru","SKIPPED","https://www.naukri.com/job-listings-java-developer-remote-magnify360-hi-tech-solutions-hyderabad-pune-bengaluru-9-to-12-years-020926022474","","unknown_state"
"job_1790855847032_vamf5","1/10/2026, 5:27:27 pm","NAUKRI","Java Developer","Ascendion","Hybrid - Hyderabad","SKIPPED","https://www.naukri.com/job-listings-java-developer-ascendion-engineering-hyderabad-8-to-13-years-020926011926","","unknown_state"
"job_1790855847033_o8jjm","1/10/2026, 5:27:27 pm","NAUKRI","Java Developer with GCP","Persistent","Hyderabad, Pune","SKIPPED","https://www.naukri.com/job-listings-java-developer-with-gcp-persistent-hyderabad-pune-8-to-17-years-030926007035","","unknown_state"
"job_1790855847033_vy6ld","1/10/2026, 5:27:27 pm","NAUKRI","Java Kafka Developer","Virtusa","Hyderabad","SKIPPED","https://www.naukri.com/job-listings-java-kafka-developer-virtusa-hyderabad-6-to-10-years-020926036313","","unknown_state"
"job_1790855847033_9g5e7","1/10/2026, 5:27:27 pm","NAUKRI","Job opportunity of Java Developer-Hyderabad Location !!","Virtusa","Hyderabad","SKIPPED","https://www.naukri.com/job-listings-opportunity-of-java-developer-hyderabad-location-virtusa-hyderabad-7-to-10-years-050826037734","","unknown_state"
"job_1790855847033_21oef","1/10/2026, 5:27:27 pm","NAUKRI","Java Developer","Cloudxtreme","Hyderabad, Bengaluru","SKIPPED","https://www.naukri.com/job-listings-java-developer-cloudxtreme-hyderabad-bengaluru-5-to-10-years-030826013209","","unknown_state"
"job_1790855847033_ouy7r","1/10/2026, 5:27:27 pm","NAUKRI","Java Developer","Tata Consultancy Services","Hyderabad, Chennai, Bengaluru","SKIPPED","https://www.naukri.com/job-listings-java-developer-tata-consultancy-services-hyderabad-chennai-bengaluru-6-to-11-years-300626033970","","unknown_state"
"job_1790855847033_irlwe","1/10/2026, 5:27:27 pm","NAUKRI","Java Developer + React - Hyderabad","Infosys","Hybrid - Hyderabad","SKIPPED","https://www.naukri.com/job-listings-java-developer-react-hyderabad-infosys-hyderabad-5-to-10-years-280526028415","","unknown_state"
"job_1790855847034_botrm","1/10/2026, 5:27:27 pm","NAUKRI","Java Developer","Infosys","Hyderabad, Pune, Bengaluru","SKIPPED","https://www.naukri.com/job-listings-java-developer-infosys-hyderabad-pune-bengaluru-5-to-9-years-100826001331","","unknown_state"
"job_1790855847034_ug4sg","1/10/2026, 5:27:27 pm","NAUKRI","Java Developer","Infosys","Hybrid - Hyderabad, Chennai, Bengaluru","SKIPPED","https://www.naukri.com/job-listings-java-developer-infosys-hyderabad-chennai-bengaluru-5-to-9-years-060326030692","","unknown_state"
"job_1790855847034_whkxw","1/10/2026, 5:27:27 pm","NAUKRI","Java Developer","Tata Consultancy Services","Hyderabad, Chennai, Bengaluru","SKIPPED","https://www.naukri.com/job-listings-java-developer-tata-consultancy-services-hyderabad-chennai-bengaluru-6-to-11-years-040826021308","","unknown_state"
"job_1790855847034_pi9ud","1/10/2026, 5:27:27 pm","NAUKRI","Java Developer","Leading Client","Hyderabad","SKIPPED","https://www.naukri.com/job-listings-java-developer-leading-client-hyderabad-8-to-13-years-030826909933","","unknown_state"
"job_1790855847034_gpwvj","1/10/2026, 5:27:27 pm","NAUKRI","Java Developer","Infosys","Hyderabad, Chennai, Bengaluru","SKIPPED","https://www.naukri.com/job-listings-java-developer-infosys-hyderabad-chennai-bengaluru-5-to-9-years-030726026038","","unknown_state"
"job_1790855847035_spgjy","1/10/2026, 5:27:27 pm","NAUKRI","Java Weblogic Developer","Akshaya Business It Solutions","Hyderabad","SKIPPED","https://www.naukri.com/job-listings-java-weblogic-developer-akshaya-business-it-solutions-hyderabad-5-to-10-years-250826025897","","unknown_state"
"job_1790855847035_9hij7","1/10/2026, 5:27:27 pm","NAUKRI","Java Developer with GCP","Raj Consultancy","Hyderabad, Pune","SKIPPED","https://www.naukri.com/job-listings-java-developer-with-gcp-raj-consultancy-hyderabad-pune-5-to-8-years-130826014982","","unknown_state"
"job_1790855847035_jx4vg","1/10/2026, 5:27:27 pm","NAUKRI","Java Developer with Azure","Hiring for Leading MNC Company!!","Hybrid - Hyderabad","SKIPPED","https://www.naukri.com/job-listings-java-developer-with-azure-sp-staffing-hyderabad-5-to-10-years-110826014155","","unknown_state"
"job_1790855847035_mf2a6","1/10/2026, 5:27:27 pm","NAUKRI","Java Developer","People Prime Worldwide","Hyderabad, Noida, Gurugram","SKIPPED","https://www.naukri.com/job-listings-java-developer-people-prime-worldwide-noida-hyderabad-gurugram-8-to-15-years-140826019237","","unknown_state"
"job_1790855847035_gskhs","1/10/2026, 5:27:27 pm","NAUKRI","Java Developer with GCP","Hiring for Leading MNC Company!!","Hybrid - Hyderabad","SKIPPED","https://www.naukri.com/job-listings-java-developer-with-gcp-sp-staffing-hyderabad-5-to-10-years-110826014261","","unknown_state"
"job_1790855847035_7zbg5","1/10/2026, 5:27:27 pm","NAUKRI","Java Developer","Bright Technologies","Hybrid - Hyderabad, Bengaluru","SKIPPED","https://www.naukri.com/job-listings-java-developer-bright-academy-marathalli-hyderabad-bengaluru-5-to-10-years-020826005116","","unknown_state"
"job_1790855847036_96s1x","1/10/2026, 5:27:27 pm","NAUKRI","Java Developer","Epam Systems","Hyderabad, Bengaluru","SKIPPED","https://www.naukri.com/job-listings-java-developer-epam-systems-hyderabad-bengaluru-4-to-9-years-060826014010","","unknown_state"
"job_1790855847036_jwnej","1/10/2026, 5:27:27 pm","NAUKRI","Urgent Hiring || Java Developer ||","Eniac Systems","Hyderabad","SKIPPED","https://www.naukri.com/job-listings-urgent-hiring-java-developer-eniac-systems-hyderabad-7-to-12-years-050826021548","","unknown_state"
"job_1790855847036_la3ti","1/10/2026, 5:27:27 pm","NAUKRI","React.js Developer","Infosys","Hyderabad","SKIPPED","https://www.naukri.com/job-listings-react-js-developer-infosys-limited-hyderabad-2-to-3-years-040826909383","","unknown_state"
"job_1790855847036_7jjsd","1/10/2026, 5:27:27 pm","NAUKRI","React JS Developer - INF (2-3) YRS","Infosys","Hyderabad, Chennai, Bengaluru","SKIPPED","https://www.naukri.com/job-listings-react-js-developer-inf-2-3-yrs-infosys-hyderabad-chennai-bengaluru-2-to-3-years-200826032870","","unknown_state"
"job_1790855847036_0dq56","1/10/2026, 5:27:27 pm","NAUKRI","Java Backend Developer","Hetero Healthcare","Hyderabad(Madhapur)","SKIPPED","https://www.naukri.com/job-listings-java-backend-developer-hetero-healthcare-hyderabad-2-to-6-years-030926024429","","unknown_state"
"job_1790855847036_0err1","1/10/2026, 5:27:27 pm","NAUKRI","Java Developer Spring Boot & Microservices","Cloudxtreme","Hybrid - Hyderabad","SKIPPED","https://www.naukri.com/job-listings-java-developer-spring-boot-microservices-cloudxtreme-hyderabad-7-to-12-years-040926925589","","unknown_state"
"job_1790855847036_ri6wq","1/10/2026, 5:27:27 pm","NAUKRI","Walk-in || Java Spring Boot Microservices Developers For our Walk-In Drive 5-Sep","Tata Consultancy Services","Hyderabad","SKIPPED","https://www.naukri.com/job-listings-java-spring-boot-microservices-developers-for-our-walk-in-drive-5-sep-tata-consultancy-services-hyderabad-6-to-10-years-030926021001","","no_apply_button"
"job_1790855847037_tg6yq","1/10/2026, 5:27:27 pm","NAUKRI","Java Developer OR Full stack OR Java React","Cloudxtreme","Hyderabad, Mumbai (All Areas), Pune","SKIPPED","https://www.naukri.com/job-listings-java-developer-or-full-stack-or-java-react-cloudxtreme-hyderabad-pune-mumbai-all-areas-12-to-15-years-040926923727","","unknown_state"
"job_1790855847037_3euhk","1/10/2026, 5:27:27 pm","NAUKRI","Java Full Stack Developer","Cloudxtreme","Hybrid - Hyderabad, Coimbatore, Bengaluru","SKIPPED","https://www.naukri.com/job-listings-java-full-stack-developer-cloudxtreme-hyderabad-coimbatore-bengaluru-3-to-8-years-040926924475","","unknown_state"
"job_1790855847037_300bu","1/10/2026, 5:27:27 pm","NAUKRI","Java Full Stack Development with Ai","Cloudxtreme","Hyderabad, Mumbai (All Areas), Bengaluru","SKIPPED","https://www.naukri.com/job-listings-java-full-stack-development-with-ai-cloudxtreme-hyderabad-bengaluru-mumbai-all-areas-4-to-9-years-040926922317","","unknown_state"
"job_1790855847037_tslmm","1/10/2026, 5:27:27 pm","NAUKRI","Java Developer","Cloudxtreme","Hyderabad, Mumbai (All Areas)","SKIPPED","https://www.naukri.com/job-listings-java-developer-cloudxtreme-hyderabad-mumbai-all-areas-5-to-9-years-040926927390","","unknown_state"
"job_1790855847037_lypnv","1/10/2026, 5:27:27 pm","NAUKRI","java with Linux & Autosys","Cloudxtreme","Hyderabad, Mumbai (All Areas), Bengaluru","SKIPPED","https://www.naukri.com/job-listings-java-with-linux-autosys-cloudxtreme-hyderabad-bengaluru-mumbai-all-areas-10-to-19-years-040926923509","","unknown_state"
"job_1790855847037_i9cft","1/10/2026, 5:27:27 pm","NAUKRI","Java Developer/full stack","Cloudxtreme","Hyderabad","SKIPPED","https://www.naukri.com/job-listings-java-developer-full-stack-cloudxtreme-hyderabad-9-to-14-years-040926927477","","unknown_state"
"job_1790855847037_ca14z","1/10/2026, 5:27:27 pm","NAUKRI","Java Full Stack Developer","Cloudxtreme","Hybrid - Hyderabad, Pune, Bengaluru","SKIPPED","https://www.naukri.com/job-listings-java-full-stack-developer-cloudxtreme-hyderabad-pune-bengaluru-6-to-11-years-040926924224","","unknown_state"
"job_1790855847038_89mgt","1/10/2026, 5:27:27 pm","NAUKRI","Java Full Stack Developer","Motivity Labs","Hyderabad","SKIPPED","https://www.naukri.com/job-listings-java-full-stack-developer-motivity-labs-hyderabad-5-to-20-years-040926003711","","chatbot_unknown"
"job_1790855847038_if4c3","1/10/2026, 5:27:27 pm","NAUKRI","Java Developer with Drools","Leading Client","Hyderabad","SKIPPED","https://www.naukri.com/job-listings-java-developer-with-drools-talent21-management-shared-services-pvt-ltd-hyderabad-6-to-8-years-030926923048","","unknown_state"
"job_1790855847038_9bs30","1/10/2026, 5:27:27 pm","NAUKRI","Java Developer","Cloudxtreme","Hyderabad","SKIPPED","https://www.naukri.com/job-listings-java-developer-cloudxtreme-hyderabad-7-to-12-years-040926924779","","unknown_state"
"job_1790855847038_igtkn","1/10/2026, 5:27:27 pm","NAUKRI","Java Developer","Leading Client","Hyderabad, Chennai, Bengaluru","SKIPPED","https://www.naukri.com/job-listings-java-developer-radiant-systems-inc-hyderabad-chennai-bengaluru-8-to-10-years-040926923691","","unknown_state"
"job_1790855847038_ur8e3","1/10/2026, 5:27:27 pm","NAUKRI","Java developer- BPM","Cloudxtreme","Hyderabad, Bengaluru, Delhi / NCR","SKIPPED","https://www.naukri.com/job-listings-java-developer-bpm-cloudxtreme-hyderabad-bengaluru-delhi-ncr-5-to-10-years-040926926012","","unknown_state"
"job_1790855847039_6n7uy","1/10/2026, 5:27:27 pm","NAUKRI","Java Developer","Cloudxtreme","Hyderabad, Mumbai (All Areas)","SKIPPED","https://www.naukri.com/job-listings-java-developer-cloudxtreme-hyderabad-mumbai-all-areas-7-to-12-years-040926925564","","unknown_state"
"job_1790855847039_9d9fj","1/10/2026, 5:27:27 pm","NAUKRI","Java Developer- React (Long term contract with MNC)","Cloudxtreme","Hyderabad, Mumbai (All Areas), Bengaluru","SKIPPED","https://www.naukri.com/job-listings-java-developer-react-long-term-contract-with-mnc-cloudxtreme-hyderabad-bengaluru-mumbai-all-areas-8-to-13-years-040926922300","","unknown_state"
"job_1790855847039_nt032","1/10/2026, 5:27:27 pm","NAUKRI","Senior Solution Architect - Java, Spring Boot, Microservices, Cloud","Epam Systems","Hyderabad","SKIPPED","https://www.naukri.com/job-listings-senior-solution-architect-java-spring-boot-microservices-cloud-epam-systems-india-private-limited-hyderabad-13-to-19-years-070826911647","","unknown_state"
"job_1790855847039_jt6my","1/10/2026, 5:27:27 pm","NAUKRI","Walk-in || Java Springboot Microservices Developer","Tata Consultancy Services","Hyderabad","SKIPPED","https://www.naukri.com/job-listings-java-springboot-microservices-developer-tata-consultancy-services-hyderabad-6-to-10-years-030926017766","","no_apply_button"
"job_1790855847039_qshlx","1/10/2026, 5:27:27 pm","NAUKRI","Java Springboot Microservices AWS","Cloudxtreme","Hyderabad, Pune, Bengaluru","SKIPPED","https://www.naukri.com/job-listings-java-springboot-microservices-aws-cloudxtreme-hyderabad-pune-bengaluru-6-to-9-years-040926926743","","unknown_state"
"job_1790855847040_ca3ga","1/10/2026, 5:27:27 pm","NAUKRI","JAVA Springboot Microservices Developer - INF","Infosys","Hyderabad, Chennai, Bengaluru","SKIPPED","https://www.naukri.com/job-listings-java-springboot-microservices-developer-inf-infosys-hyderabad-chennai-bengaluru-5-to-9-years-150726037380","","unknown_state"
"job_1790855847040_pit44","1/10/2026, 5:27:27 pm","NAUKRI","JAVA Springboot Microservices (5 To 9 YRS)-INF","Infosys","Hyderabad, Chennai, Bengaluru","SKIPPED","https://www.naukri.com/job-listings-java-springboot-microservices-5-to-9-yrs-inf-infosys-hyderabad-chennai-bengaluru-5-to-9-years-210726028836","","unknown_state"
"job_1790855847040_74pne","1/10/2026, 5:27:27 pm","NAUKRI","Java Developer","Cloudxtreme","Hyderabad(Hyderabad Asbestos Staff Colony), Mumbai (All Areas)","SKIPPED","https://www.naukri.com/job-listings-java-developer-cloudxtreme-hyderabad-mumbai-all-areas-4-to-8-years-040926925436","","unknown_state"
"job_1790855847040_w77lb","1/10/2026, 5:27:27 pm","NAUKRI","Java Developer (2-9 y)","Infosys","Hybrid - Hyderabad, Pune, Chennai","SKIPPED","https://www.naukri.com/job-listings-java-developer-2-9-y-infosys-hyderabad-pune-chennai-3-to-8-years-030926032452","","unknown_state"
"job_1790855847041_h4l27","1/10/2026, 5:27:27 pm","NAUKRI","Java MS + AWS EKS","Cloudxtreme","Hybrid - Hyderabad, Mumbai (All Areas), Bengaluru","SKIPPED","https://www.naukri.com/job-listings-java-ms-aws-eks-cloudxtreme-hyderabad-bengaluru-mumbai-all-areas-4-to-8-years-040926927764","","unknown_state"
"job_1790855847041_y7s6f","1/10/2026, 5:27:27 pm","NAUKRI","Java Developer,","Cloudxtreme","Hybrid - Hyderabad, Mumbai (All Areas)","SKIPPED","https://www.naukri.com/job-listings-java-developer-cloudxtreme-hyderabad-mumbai-all-areas-5-to-10-years-040926927281","","unknown_state"
"job_1790855847041_gswl7","1/10/2026, 5:27:27 pm","NAUKRI","Java ,AWS","Cloudxtreme","Hyderabad, Mumbai (All Areas), Bengaluru","SKIPPED","https://www.naukri.com/job-listings-java-aws-cloudxtreme-hyderabad-bengaluru-mumbai-all-areas-6-to-11-years-040926925339","","unknown_state"
"job_1790855847041_fu0p0","1/10/2026, 5:27:27 pm","NAUKRI","Java, AWS,","Cloudxtreme","Hyderabad, Navi Mumbai, Mumbai (All Areas)","SKIPPED","https://www.naukri.com/job-listings-java-aws-cloudxtreme-hyderabad-navi-mumbai-mumbai-all-areas-7-to-12-years-040926925760","","unknown_state"
"job_1790855847041_c9nr1","1/10/2026, 5:27:27 pm","NAUKRI","Java Aws Developer Mpha","Mphasis","Hyderabad, Mumbai (All Areas)","SKIPPED","https://www.naukri.com/job-listings-java-aws-developer-mpha-mphasis-hyderabad-mumbai-all-areas-7-to-12-years-040926925408","","unknown_state"
"job_1790855847042_p939k","1/10/2026, 5:27:27 pm","NAUKRI","Java ,MSB ,Kafka","Cloudxtreme","Hyderabad, Mumbai (All Areas), Bengaluru","SKIPPED","https://www.naukri.com/job-listings-java-msb-kafka-cloudxtreme-hyderabad-bengaluru-mumbai-all-areas-8-to-13-years-040926924065","","unknown_state"
"job_1790855847042_raub2","1/10/2026, 5:27:27 pm","NAUKRI","Java Aws Developer","Cloudxtreme","Hyderabad, Mumbai (All Areas), Bengaluru","SKIPPED","https://www.naukri.com/job-listings-java-aws-developer-cloudxtreme-hyderabad-bengaluru-mumbai-all-areas-7-to-12-years-040926923969","","unknown_state"
"job_1790855847042_f3m11","1/10/2026, 5:27:27 pm","NAUKRI","Java Full Stack Lead","Cloudxtreme","Hybrid - Hyderabad, Mumbai, Bengaluru","SKIPPED","https://www.naukri.com/job-listings-java-full-stack-lead-cloudxtreme-mumbai-hyderabad-bengaluru-7-to-12-years-040926922122","","unknown_state"
"job_1790855847042_tacm9","1/10/2026, 5:27:27 pm","NAUKRI","Java Spring Boot Developer Microservice -INF(5-9YRS)","Infosys","Hyderabad, Chennai, Bengaluru","SKIPPED","https://www.naukri.com/job-listings-java-spring-boot-developer-microservice-inf-5-9yrs-infosys-hyderabad-chennai-bengaluru-5-to-9-years-270726031181","","unknown_state"
"job_1790855847042_9hubo","1/10/2026, 5:27:27 pm","NAUKRI","Java Developer","Cloudxtreme","Hyderabad, Mumbai (All Areas)","SKIPPED","https://www.naukri.com/job-listings-java-developer-cloudxtreme-hyderabad-mumbai-all-areas-10-to-17-years-040926927397","","unknown_state"
"job_1790855847043_2rfzu","1/10/2026, 5:27:27 pm","NAUKRI","IT Delivery Manager - Java/.Net","Epam Systems","Hyderabad, Pune, Bengaluru","SKIPPED","https://www.naukri.com/job-listings-it-delivery-manager-java-net-epam-systems-india-private-limited-hyderabad-pune-bengaluru-14-to-18-years-140826931125","","unknown_state"
"job_1790855847043_0psbr","1/10/2026, 5:27:27 pm","NAUKRI","Java Developer","Cloudxtreme","Hyderabad, Chennai, Bengaluru","SKIPPED","https://www.naukri.com/job-listings-java-developer-cloudxtreme-hyderabad-chennai-bengaluru-5-to-10-years-040926925588","","unknown_state"
"job_1790855847043_76blt","1/10/2026, 5:27:27 pm","NAUKRI","Solution Architect – Java Full Stack, Cloud-Native","Epam Systems","Hyderabad, Chennai, Bengaluru","SKIPPED","https://www.naukri.com/job-listings-solution-architect-java-full-stack-cloud-native-epam-systems-hyderabad-chennai-bengaluru-0-to-0-years-040926020569","","unknown_state"
"job_1790855847044_6vlxx","1/10/2026, 5:27:27 pm","NAUKRI","Solution Architect – Java Full Stack (Microservices)","Epam Systems","Hyderabad, Chennai, Bengaluru","SKIPPED","https://www.naukri.com/job-listings-solution-architect-java-full-stack-microservices-epam-systems-hyderabad-chennai-bengaluru-0-to-0-years-040926020281","","unknown_state"
"job_1790855847044_d6x5a","1/10/2026, 5:27:27 pm","NAUKRI","Solution Architect – Java Full Stack For Fintech","Epam Systems","Hyderabad, Chennai, Bengaluru","SKIPPED","https://www.naukri.com/job-listings-solution-architect-java-full-stack-for-fintech-epam-systems-hyderabad-chennai-bengaluru-0-to-0-years-040926018014","","unknown_state"
"job_1790855847044_cll4v","1/10/2026, 5:27:27 pm","NAUKRI","Lead Software Developer - Java with AWS Cloud","Epam Systems","Hyderabad, Chennai","SKIPPED","https://www.naukri.com/job-listings-lead-software-developer-java-with-aws-cloud-epam-systems-hyderabad-chennai-8-to-12-years-040926017565","","unknown_state"
"job_1790855847044_wm37z","1/10/2026, 5:27:27 pm","NAUKRI","Lead Software Developer - Java with AWS Cloud","Epam Systems","Hyderabad, Chennai","SKIPPED","https://www.naukri.com/job-listings-lead-software-developer-java-with-aws-cloud-epam-systems-hyderabad-chennai-8-to-12-years-040926016971","","unknown_state"
"job_1790855847044_aguzg","1/10/2026, 5:27:27 pm","NAUKRI","Java For long term contract pan india","Cloudxtreme","Hyderabad, Mumbai (All Areas), Bengaluru","SKIPPED","https://www.naukri.com/job-listings-java-for-long-term-contract-pan-india-cloudxtreme-hyderabad-bengaluru-mumbai-all-areas-6-to-10-years-040926925571","","unknown_state"
"job_1790855847044_5c5dd","1/10/2026, 5:27:27 pm","NAUKRI","Fullstack Developer","Cloudxtreme","Hyderabad","SKIPPED","https://www.naukri.com/job-listings-fullstack-developer-cloudxtreme-hyderabad-6-to-11-years-040926924734","","unknown_state"
"job_1790855847044_lpl2g","1/10/2026, 5:27:27 pm","NAUKRI","Lead Software Engineer - Camunda","Epam Systems","Hyderabad, Chennai, Bengaluru","SKIPPED","https://www.naukri.com/job-listings-lead-software-engineer-camunda-epam-systems-hyderabad-chennai-bengaluru-8-to-12-years-040926023259","","unknown_state"
"job_1790855847044_lo5ut","1/10/2026, 5:27:27 pm","NAUKRI","IT Delivery Manager - Java/.NET","Epam Systems","Hyderabad, Chennai, Bengaluru","SKIPPED","https://www.naukri.com/job-listings-it-delivery-manager-java-net-epam-systems-hyderabad-chennai-bengaluru-14-to-18-years-040926021975","","unknown_state"
"job_1790855847045_bry5k","1/10/2026, 5:27:27 pm","NAUKRI","Lead Software Engineer - Camunda","Epam Systems","Hyderabad, Chennai, Bengaluru","SKIPPED","https://www.naukri.com/job-listings-lead-software-engineer-camunda-epam-systems-hyderabad-chennai-bengaluru-8-to-12-years-040926019493","","unknown_state"
"job_1790855847045_k7zx6","1/10/2026, 5:27:27 pm","NAUKRI","Lead Java FullStack Software Engineer - Java, ReactJS, Microservices","Epam Systems","Hyderabad, Chennai, Bengaluru","SKIPPED","https://www.naukri.com/job-listings-lead-java-fullstack-software-engineer-java-reactjs-microservices-epam-systems-hyderabad-chennai-bengaluru-8-to-12-years-040926019472","","unknown_state"
"job_1790855847045_2x2rc","1/10/2026, 5:27:27 pm","NAUKRI","Java Developer (3-6 years) Pan India","Infosys","Hybrid - Hyderabad, Chennai, Bengaluru","SKIPPED","https://www.naukri.com/job-listings-java-developer-3-6-years-pan-india-infosys-hyderabad-chennai-bengaluru-3-to-6-years-100826022912","","unknown_state"
"job_1790855847045_l91s3","1/10/2026, 5:27:27 pm","NAUKRI","Senior Data Software Engineer","Epam Systems","Hyderabad, Pune, Bengaluru","SKIPPED","https://www.naukri.com/job-listings-senior-data-software-engineer-epam-systems-hyderabad-pune-bengaluru-5-to-8-years-040926017992","","unknown_state"
"job_1790855847046_g8920","1/10/2026, 5:27:27 pm","NAUKRI","Lead Java Fullstack Application Engineer","National Payments Corporation of India (NPCI)","Hyderabad, Mumbai","SKIPPED","https://www.naukri.com/job-listings-lead-java-fullstack-application-engineer-national-payments-corporation-of-india-npci-mumbai-hyderabad-9-to-14-years-240826028354","","unknown_state"
"job_1790855847046_pyyoj","1/10/2026, 5:27:27 pm","NAUKRI","Software-Java Developer","Creative Hands HR","Hyderabad, Chennai, Bengaluru","SKIPPED","https://www.naukri.com/job-listings-software-java-developer-creative-hands-hr-hyderabad-chennai-bengaluru-0-to-5-years-240826003116","","unknown_state"
"job_1790855847046_eiax7","1/10/2026, 5:27:27 pm","NAUKRI","Java Full Stack Developer","Cloudxtreme","Hybrid - Hyderabad","SKIPPED","https://www.naukri.com/job-listings-java-full-stack-developer-cloudxtreme-hyderabad-7-to-12-years-040926927525","","unknown_state"
"job_1790855847046_hrbk1","1/10/2026, 5:27:27 pm","NAUKRI","Java Full Stack Developer","Cloudxtreme","Hyderabad","SKIPPED","https://www.naukri.com/job-listings-java-full-stack-developer-cloudxtreme-hyderabad-6-to-11-years-040926925812","","unknown_state"
"job_1790855847047_sb4dn","1/10/2026, 5:27:27 pm","NAUKRI","Java Full Stack Developer","Cloudxtreme","Hyderabad, Pune, Chennai","SKIPPED","https://www.naukri.com/job-listings-java-full-stack-developer-cloudxtreme-hyderabad-pune-chennai-6-to-9-years-040926925385","","unknown_state"
"job_1790855847047_0ihvy","1/10/2026, 5:27:27 pm","NAUKRI","Java Full Stack Developer","Cloudxtreme","Hyderabad, Bengaluru","SKIPPED","https://www.naukri.com/job-listings-java-full-stack-developer-cloudxtreme-hyderabad-bengaluru-7-to-12-years-040926924509","","unknown_state"
"job_1790855847047_pthxk","1/10/2026, 5:27:27 pm","NAUKRI","Java Full Stack Developer","Cloudxtreme","Hybrid - Hyderabad, Pune, Bengaluru","SKIPPED","https://www.naukri.com/job-listings-java-full-stack-developer-cloudxtreme-hyderabad-pune-bengaluru-6-to-11-years-040926923823","","unknown_state"
"job_1790855847047_47ghb","1/10/2026, 5:27:27 pm","NAUKRI","Java Full Stack Developer","Hexaware Technologies","Hybrid - Hyderabad, Bengaluru","SKIPPED","https://www.naukri.com/job-listings-java-full-stack-developer-hexaware-technologies-hyderabad-bengaluru-5-to-6-years-040926031341","","unknown_state"
"job_1790855847048_pw0by","1/10/2026, 5:27:27 pm","NAUKRI","Walk-in || Production Support Software Engineer","Bhanix Finance and Investment Limited (CASHe)","Hyderabad(Kondapur)","SKIPPED","https://www.naukri.com/job-listings-production-support-software-engineer-bhanix-finance-and-investment-limited-cashe-hyderabad-3-to-7-years-040926013972","","no_apply_button"
"job_1790855847048_f1anl","1/10/2026, 5:27:27 pm","NAUKRI","Java with AWS and kubernetes","Cloudxtreme","Hyderabad","SKIPPED","https://www.naukri.com/job-listings-java-with-aws-and-kubernetes-cloudxtreme-hyderabad-6-to-11-years-040926925119","","unknown_state"
"job_1790855847048_kpbkw","1/10/2026, 5:27:27 pm","NAUKRI","Lead Software Engineer - Java8, Spring, REST API, Microservices","Epam Systems","Hyderabad, Pune, Bengaluru","SKIPPED","https://www.naukri.com/job-listings-lead-software-engineer-java8-spring-rest-api-microservices-epam-systems-hyderabad-pune-bengaluru-8-to-12-years-040926020469","","unknown_state"
"job_1790855847048_yte7q","1/10/2026, 5:27:27 pm","NAUKRI","Solution Architect – Java Full Stack (React/Angular)","Epam Systems","Hyderabad, Chennai, Bengaluru","SKIPPED","https://www.naukri.com/job-listings-solution-architect-java-full-stack-react-angular-epam-systems-hyderabad-chennai-bengaluru-0-to-0-years-040926019461","","unknown_state"
"job_1790855847048_itv4m","1/10/2026, 5:27:27 pm","NAUKRI","Solution Architect – Java Full Stack (Azure)","Epam Systems","Hyderabad, Chennai, Bengaluru","SKIPPED","https://www.naukri.com/job-listings-solution-architect-java-full-stack-azure-epam-systems-hyderabad-chennai-bengaluru-0-to-0-years-040926018629","","unknown_state"
"job_1790855847049_n45cc","1/10/2026, 5:27:27 pm","NAUKRI","java/aws","Cloudxtreme","Hyderabad","SKIPPED","https://www.naukri.com/job-listings-java-aws-cloudxtreme-hyderabad-7-to-10-years-040926927439","","unknown_state"
"job_1790855847049_v8s0b","1/10/2026, 5:27:27 pm","NAUKRI","Java+aws","Cloudxtreme","Hyderabad","SKIPPED","https://www.naukri.com/job-listings-java-aws-cloudxtreme-hyderabad-10-to-16-years-040926927437","","unknown_state"
"job_1790855847049_ykajb","1/10/2026, 5:27:27 pm","NAUKRI","Java , Spring WebFlux framework, Node or Angular js","Cloudxtreme","Hybrid - Hyderabad, Pune, Bengaluru","SKIPPED","https://www.naukri.com/job-listings-java-spring-webflux-framework-node-or-angular-js-cloudxtreme-hyderabad-pune-bengaluru-6-to-11-years-040926925584","","unknown_state"
"job_1790855847049_kxtzu","1/10/2026, 5:27:27 pm","NAUKRI","Lead Software Developer - Java with AWS Cloud","Epam Systems","Hyderabad, Chennai","SKIPPED","https://www.naukri.com/job-listings-lead-software-developer-java-with-aws-cloud-epam-systems-hyderabad-chennai-8-to-12-years-040926023104","","unknown_state"
"job_1790855847049_bxtei","1/10/2026, 5:27:27 pm","NAUKRI","Lead Software Developer - Java with AWS Cloud","Epam Systems","Hyderabad, Chennai","SKIPPED","https://www.naukri.com/job-listings-lead-software-developer-java-with-aws-cloud-epam-systems-hyderabad-chennai-8-to-12-years-040926021956","","unknown_state"
"job_1790855847050_tq9tg","1/10/2026, 5:27:27 pm","NAUKRI","Java Technical Lead","Photon","Hyderabad, Chennai, Bengaluru","SKIPPED","https://www.naukri.com/job-listings-java-technical-lead-photon-hyderabad-chennai-bengaluru-7-to-14-years-040926019917","","unknown_state"
"job_1790855847050_hcien","1/10/2026, 5:27:27 pm","NAUKRI","Senior Solution Architect – (Java & Azure)","Epam Systems","Hyderabad, Chennai, Bengaluru","SKIPPED","https://www.naukri.com/job-listings-senior-solution-architect-java-azure-epam-systems-hyderabad-chennai-bengaluru-14-to-18-years-040926019801","","unknown_state"
"job_1790855847050_25o0n","1/10/2026, 5:27:27 pm","NAUKRI","Senior Java FullStack Software Engineer - Java, ReactJS, Microservices","Epam Systems","Hyderabad","SKIPPED","https://www.naukri.com/job-listings-senior-java-fullstack-software-engineer-java-reactjs-microservices-epam-systems-hyderabad-5-to-8-years-040926019152","","unknown_state"
"job_1790855847050_2dq4l","1/10/2026, 5:27:27 pm","NAUKRI","Lead Software Developer - Java with AWS Cloud","Epam Systems","Hyderabad, Chennai","SKIPPED","https://www.naukri.com/job-listings-lead-software-developer-java-with-aws-cloud-epam-systems-hyderabad-chennai-8-to-12-years-040926000188","","unknown_state"
"job_1790855847050_7f38g","1/10/2026, 5:27:27 pm","NAUKRI","Software Engineer","Newgen","Hyderabad","SKIPPED","https://www.naukri.com/job-listings-software-engineer-newgen-hyderabad-2-to-5-years-240826002178","","unknown_state"
"job_1790855847051_35eu0","1/10/2026, 5:27:27 pm","NAUKRI","Java Spring Boot Developer-INF","Infosys","Hyderabad, Chennai, Bengaluru","SKIPPED","https://www.naukri.com/job-listings-java-spring-boot-developer-inf-infosys-hyderabad-chennai-bengaluru-3-to-8-years-300726029684","","unknown_state"
"job_1790855847051_fj863","1/10/2026, 5:27:27 pm","NAUKRI","Java Full Stack Developer","Tata Consultancy Services","Hyderabad, Chennai, Bengaluru","SKIPPED","https://www.naukri.com/job-listings-java-full-stack-developer-tata-consultancy-services-hyderabad-chennai-bengaluru-5-to-10-years-240826001346","","unknown_state"
"job_1790855847051_mi6i8","1/10/2026, 5:27:27 pm","NAUKRI","Java Full Stack Developer","Cloudxtreme","Hyderabad","SKIPPED","https://www.naukri.com/job-listings-java-full-stack-developer-cloudxtreme-hyderabad-8-to-11-years-040926927427","","unknown_state"
"job_1790855847051_g6x0e","1/10/2026, 5:27:27 pm","NAUKRI","Java Full Stack Developer","Cloudxtreme","Hybrid - Hyderabad, Pune, Bengaluru","SKIPPED","https://www.naukri.com/job-listings-java-full-stack-developer-cloudxtreme-hyderabad-pune-bengaluru-6-to-10-years-040926923759","","unknown_state"
"job_1790855847051_crw6j","1/10/2026, 5:27:27 pm","NAUKRI","Java Full Stack Developer","Cloudxtreme","Hyderabad","SKIPPED","https://www.naukri.com/job-listings-java-full-stack-developer-cloudxtreme-hyderabad-4-to-9-years-040926927522","","unknown_state"
"job_1790855847051_uz6ao","1/10/2026, 5:27:27 pm","NAUKRI","Java Full Stack Developer","Cloudxtreme","Hyderabad, Pune, Bengaluru","SKIPPED","https://www.naukri.com/job-listings-java-full-stack-developer-cloudxtreme-hyderabad-pune-bengaluru-6-to-11-years-040926926262","","unknown_state"
"job_1790855847052_1pt6n","1/10/2026, 5:27:27 pm","NAUKRI","Java Full Stack Developer","Cloudxtreme","Hyderabad","SKIPPED","https://www.naukri.com/job-listings-java-full-stack-developer-cloudxtreme-hyderabad-8-to-11-years-040926925069","","unknown_state"
"job_1790855847052_0qpi0","1/10/2026, 5:27:27 pm","NAUKRI","Java Full Stack Developer","Cloudxtreme","Hyderabad","SKIPPED","https://www.naukri.com/job-listings-java-full-stack-developer-cloudxtreme-hyderabad-8-to-12-years-040926924507","","unknown_state"
"job_1790855847052_bp9ju","1/10/2026, 5:27:27 pm","NAUKRI","Java Full Stack Developer","Cloudxtreme","Hybrid - Hyderabad, Bengaluru","SKIPPED","https://www.naukri.com/job-listings-java-full-stack-developer-cloudxtreme-hyderabad-bengaluru-7-to-12-years-040926924429","","unknown_state"
"job_1790855847052_xa6iy","1/10/2026, 5:27:27 pm","NAUKRI","Java Full Stack Developer","Cloudxtreme","Hyderabad, Pune, Chennai","SKIPPED","https://www.naukri.com/job-listings-java-full-stack-developer-cloudxtreme-hyderabad-pune-chennai-7-to-10-years-040926924076","","unknown_state"
"job_1790855847053_mgzac","1/10/2026, 5:27:27 pm","NAUKRI","Java Full Stack Developer","Cloudxtreme","Hyderabad, Pune, Coimbatore","SKIPPED","https://www.naukri.com/job-listings-java-full-stack-developer-cloudxtreme-hyderabad-pune-coimbatore-6-to-8-years-040926924010","","unknown_state"
"job_1790855847053_4g3tx","1/10/2026, 5:27:27 pm","NAUKRI","Java Full Stack Developer","Cloudxtreme","Hybrid - Hyderabad, Pune, Bengaluru","SKIPPED","https://www.naukri.com/job-listings-java-full-stack-developer-cloudxtreme-hyderabad-pune-bengaluru-8-to-13-years-040926922977","","unknown_state"
"job_1790855847053_5ee1h","1/10/2026, 5:27:27 pm","NAUKRI","Java Full Stack Developer","Cloudxtreme","Hybrid - Hyderabad, Bengaluru","SKIPPED","https://www.naukri.com/job-listings-java-full-stack-developer-cloudxtreme-hyderabad-bengaluru-6-to-9-years-040926922532","","unknown_state"
"job_1790855847053_r2nqo","1/10/2026, 5:27:27 pm","NAUKRI","Java Full Stack Developer","Cloudxtreme","Hyderabad, Bengaluru","SKIPPED","https://www.naukri.com/job-listings-java-full-stack-developer-cloudxtreme-hyderabad-bengaluru-10-to-13-years-040926922249","","unknown_state"
"job_1790855847053_z75wo","1/10/2026, 5:27:27 pm","NAUKRI","Java Full Stack Developer","Cloudxtreme","Hybrid - Hyderabad, Pune, Bengaluru","SKIPPED","https://www.naukri.com/job-listings-java-full-stack-developer-cloudxtreme-hyderabad-pune-bengaluru-4-to-9-years-040926922234","","unknown_state"
"job_1790855847054_iuk0t","1/10/2026, 5:27:27 pm","NAUKRI","Java Full Stack Developer","Cloudxtreme","Hyderabad, Bengaluru","SKIPPED","https://www.naukri.com/job-listings-java-full-stack-developer-cloudxtreme-hyderabad-bengaluru-6-to-9-years-040926922154","","unknown_state"
"job_1790855847054_88ibg","1/10/2026, 5:27:27 pm","NAUKRI","Java Full Stack Developer","Logic Planet","Hyderabad, Chennai, Bengaluru","SKIPPED","https://www.naukri.com/job-listings-java-full-stack-developer-logic-planet-hyderabad-chennai-bengaluru-5-to-8-years-030926032283","","unknown_state"
"job_1790855847054_wl5ki","1/10/2026, 5:27:27 pm","NAUKRI","Java Fullstack (Angular) Lead Developer-R","Infosys","Hybrid - Hyderabad, Chennai, Bengaluru","SKIPPED","https://www.naukri.com/job-listings-java-fullstack-angular-lead-developer-r-infosys-hyderabad-chennai-bengaluru-2-to-7-years-260226031182","","unknown_state"
"job_1790855847055_mblkp","1/10/2026, 5:27:27 pm","NAUKRI","Multiple Openings on SAP, Full Stack Developer & QA Automation","Stigentech IT Services","Hybrid - Hyderabad(HITEC City +1)","SKIPPED","https://www.naukri.com/job-listings-multiple-openings-on-sap-full-stack-developer-qa-automation-stigentech-it-services-hyderabad-1-to-3-years-030926019249","","unknown_state"
"job_1790855847055_bj6f4","1/10/2026, 5:27:27 pm","NAUKRI","JAVA + Angular - INF (2-5 YRS)","Infosys","Hyderabad, Chennai, Bengaluru","SKIPPED","https://www.naukri.com/job-listings-java-angular-inf-2-5-yrs-infosys-hyderabad-chennai-bengaluru-2-to-5-years-230726034978","","unknown_state"
"job_1790855847056_kiytf","1/10/2026, 5:27:27 pm","NAUKRI","Senior Java Fullstack Developer","Radiant Digital Solutions","Hyderabad","SKIPPED","https://www.naukri.com/job-listings-senior-java-fullstack-developer-radiant-digital-solutions-hyderabad-8-to-15-years-260826016277","","unknown_state"
"job_1790855847056_tgfho","1/10/2026, 5:27:27 pm","NAUKRI","Java Fullstack professional","Leading Client","Hyderabad, Pune","SKIPPED","https://www.naukri.com/job-listings-java-fullstack-professional-purview-india-consulting-and-services-llp-hyderabad-pune-6-to-8-years-210826928172","","unknown_state"
"job_1790855847056_x8qct","1/10/2026, 5:27:27 pm","NAUKRI","Urgent Hiring || JAVA Fullstack Developer","HR SOLUTIONS","Hybrid - Hyderabad","SKIPPED","https://www.naukri.com/job-listings-urgent-hiring-java-fullstack-developer-hr-solutions-hyderabad-4-to-7-years-110826016086","","unknown_state"
"job_1790855847056_zqj9x","1/10/2026, 5:27:27 pm","NAUKRI","Java Fullstack (Angular) Lead Developer","Infosys","Hyderabad, Chennai, Bengaluru","SKIPPED","https://www.naukri.com/job-listings-java-fullstack-angular-lead-developer-infosys-hyderabad-chennai-bengaluru-5-to-9-years-191125931956","","unknown_state"
"job_1790855847056_12jkr","1/10/2026, 5:27:27 pm","NAUKRI","JAVA Fullstack with Reactjs opening in Cognizant 5.8 To 15 Yrs","Cognizant","Hyderabad, Chennai, Bengaluru","SKIPPED","https://www.naukri.com/job-listings-java-fullstack-with-reactjs-opening-in-cognizant-5-8-to-15-yrs-concepts-unlimited-hyderabad-chennai-bengaluru-6-to-11-years-290826006254","","unknown_state"
"job_1790855847057_ktxya","1/10/2026, 5:27:27 pm","NAUKRI","Java Fullstack Architect","Grid Dynamics","Hyderabad, Chennai, Bengaluru","SKIPPED","https://www.naukri.com/job-listings-java-fullstack-architect-grid-dynamics-private-limited-hyderabad-chennai-bengaluru-7-to-12-years-240826920743","","unknown_state"
"job_1790855847057_ojv4t","1/10/2026, 5:27:27 pm","NAUKRI","Senior Java Fullstack Developer","Crisil","Hyderabad","SKIPPED","https://www.naukri.com/job-listings-senior-java-fullstack-developer-crisil-hyderabad-5-to-14-years-260826020112","","unknown_state"
"job_1790855847057_mvsyw","1/10/2026, 5:27:27 pm","NAUKRI","Java fullstack Angular-S","Infosys","Hybrid - Hyderabad, Chennai, Bengaluru","SKIPPED","https://www.naukri.com/job-listings-java-fullstack-angular-s-infosys-hyderabad-chennai-bengaluru-5-to-10-years-240826031616","","unknown_state"
"job_1790855847057_rgz46","1/10/2026, 5:27:27 pm","NAUKRI","Opening For Java fullstack reactjs developer","Tekskills India Pvt ltd","Hyderabad","SKIPPED","https://www.naukri.com/job-listings-opening-for-java-fullstack-reactjs-developer-tekskills-hyderabad-6-to-10-years-180826936937","","unknown_state"
"job_1790855847058_1estq","1/10/2026, 5:27:27 pm","NAUKRI","Urgent Hiring For ""Java Fullstack Developer""","Tech Mahindra","Hybrid - Hyderabad, Pune, Bengaluru","SKIPPED","https://www.naukri.com/job-listings-urgent-hiring-for-java-fullstack-developer-tech-mahindra-hyderabad-pune-bengaluru-5-to-10-years-050826009045","","unknown_state"
"job_1790855847058_eaqd4","1/10/2026, 5:27:27 pm","NAUKRI","java fullstack -react-6+","Cloudxtreme","Hyderabad, Bengaluru, Delhi / NCR","SKIPPED","https://www.naukri.com/job-listings-java-fullstack-react-6-cloudxtreme-hyderabad-bengaluru-delhi-ncr-6-to-11-years-040926922443","","unknown_state"
"job_1790855847058_2lwfj","1/10/2026, 5:27:27 pm","NAUKRI","Java Fullstack Engineer","Ascendion Engineering","Hyderabad","SKIPPED","https://www.naukri.com/job-listings-java-fullstack-engineer-ascendion-engineering-hyderabad-5-to-10-years-040926019598","","unknown_state"
"job_1790855847058_eoj2z","1/10/2026, 5:27:27 pm","NAUKRI","Java Fullstack Professional","Leading Client","Hyderabad, Pune","SKIPPED","https://www.naukri.com/job-listings-java-fullstack-professional-purview-india-consulting-and-services-llp-hyderabad-pune-6-to-8-years-190826917026","","unknown_state"
"job_1790855847059_0ik9t","1/10/2026, 5:27:27 pm","NAUKRI","Urgent Requirement || JAVA Fullstack Developer","HR SOLUTIONS","Hybrid - Hyderabad","SKIPPED","https://www.naukri.com/job-listings-urgent-requirement-java-fullstack-developer-hr-solutions-hyderabad-5-to-8-years-240826009433","","unknown_state"
"job_1790855847059_5lu33","1/10/2026, 5:27:27 pm","NAUKRI","Senior Java Fullstack Developer","Tech Mahindra","Hybrid - Hyderabad, Pune, Bengaluru","SKIPPED","https://www.naukri.com/job-listings-senior-java-fullstack-developer-tech-mahindra-hyderabad-pune-bengaluru-5-to-10-years-250826013912","","unknown_state"
"job_1790855847059_tlbal","1/10/2026, 5:27:27 pm","NAUKRI","Java Fullstack with AWS Serverless architecture and AWS CDK","E Solutions","Hyderabad, Chennai, Bengaluru","SKIPPED","https://www.naukri.com/job-listings-java-fullstack-with-aws-serverless-architecture-and-aws-cdk-e-solutions-hyderabad-chennai-bengaluru-8-to-10-years-120826009442","","unknown_state"
"job_1790855847059_zs7zn","1/10/2026, 5:27:27 pm","NAUKRI","Immediate Hiring For ""Java Fullstack AI Developer""","Tech Mahindra","Hybrid - Hyderabad, Bengaluru","SKIPPED","https://www.naukri.com/job-listings-immediate-hiring-for-java-fullstack-ai-developer-tech-mahindra-hyderabad-bengaluru-5-to-8-years-170826034305","","unknown_state"
"job_1790855847059_6zibg","1/10/2026, 5:27:27 pm","NAUKRI","Java Fullstack Engineer","Leading Client","Hyderabad","SKIPPED","https://www.naukri.com/job-listings-java-fullstack-engineer-purview-india-consulting-and-services-llp-hyderabad-5-to-8-years-180826921375","","unknown_state"
"job_1790855847060_xewa4","1/10/2026, 5:27:27 pm","NAUKRI","Senior Java Fullstack Developer","Phenom People","Hyderabad","SKIPPED","https://www.naukri.com/job-listings-senior-java-fullstack-developer-phenom-people-hyderabad-4-to-7-years-100826006061","","unknown_state"
"job_1790855847060_eg0ko","1/10/2026, 5:27:27 pm","NAUKRI","Job opportunity of Java Fullstack Lead Raect-Hyderabad Location !!","Virtusa","Hyderabad","SKIPPED","https://www.naukri.com/job-listings-opportunity-of-java-fullstack-lead-raect-hyderabad-location-virtusa-hyderabad-10-to-20-years-060826030533","","unknown_state"
"job_1790855847060_fex04","1/10/2026, 5:27:27 pm","NAUKRI","Lead Java FullStack Software Engineer - Java, ReactJS, Microservices","Epam Systems","Hyderabad, Pune, Chennai","SKIPPED","https://www.naukri.com/job-listings-lead-java-fullstack-software-engineer-java-reactjs-microservices-epam-systems-india-private-limited-hyderabad-pune-chennai-8-to-13-years-070826911629","","unknown_state"
"job_1790855847061_23iq7","1/10/2026, 5:27:27 pm","NAUKRI","Senior Software Engineer - (Java Fullstack Angular)","Epam Systems","Hyderabad, Pune, Bengaluru","SKIPPED","https://www.naukri.com/job-listings-senior-software-engineer-java-fullstack-angular-epam-systems-india-private-limited-hyderabad-pune-bengaluru-5-to-9-years-070826911622","","unknown_state"
"job_1790855847061_tk7gx","1/10/2026, 5:27:27 pm","NAUKRI","TCS//Job Opening//JAVA Fullstack// 8 To 12 Yrs","Tata Consultancy Services","Hyderabad, Pune, Bengaluru","SKIPPED","https://www.naukri.com/job-listings-tcs-opening-java-fullstack-8-to-12-yrs-tata-consultancy-services-hyderabad-pune-bengaluru-8-to-13-years-070826040183","","unknown_state"
"job_1790855847061_xy0ja","1/10/2026, 5:27:27 pm","NAUKRI","TS - Java Fullstack (Angular/React)Developer/Architect","IT company","Hybrid - Hyderabad, Pune, Bengaluru","SKIPPED","https://www.naukri.com/job-listings-ts-java-fullstack-angular-react-developer-architect-srivango-hyderabad-pune-bengaluru-7-to-12-years-250325016117","","unknown_state"
"job_1790855847061_4c032","1/10/2026, 5:27:27 pm","NAUKRI","Opening For Java fullstack with (Angular or React)","Tekskills India Pvt ltd","Hyderabad","SKIPPED","https://www.naukri.com/job-listings-opening-for-java-fullstack-with-angular-or-react-tekskills-hyderabad-10-to-15-years-180826932769","","unknown_state"
"job_1790855847061_b3vvr","1/10/2026, 5:27:27 pm","NAUKRI","Java Fullstack + Angular Developer ( Lead )","Think People Solutions","Hyderabad","SKIPPED","https://www.naukri.com/job-listings-java-fullstack-angular-developer-lead-think-people-solutions-hyderabad-8-to-13-years-060826033850","","unknown_state"
"job_1790855847062_bxpvf","1/10/2026, 5:27:27 pm","NAUKRI","Java Fullstack - TECH LEAD","Kumaran Systems","Hybrid - Hyderabad","SKIPPED","https://www.naukri.com/job-listings-java-fullstack-tech-lead-kumaran-systems-hyderabad-6-to-11-years-060826016229","","unknown_state"
"job_1790855847062_wir3x","1/10/2026, 5:27:27 pm","NAUKRI","Senior Java Fullstack Developer","HCLTech","Hybrid - Hyderabad, Chennai, Bengaluru","SKIPPED","https://www.naukri.com/job-listings-senior-java-fullstack-developer-hcltech-hyderabad-chennai-bengaluru-8-to-13-years-170826021579","","unknown_state"
"job_1790855847062_ueksn","1/10/2026, 5:27:27 pm","NAUKRI","Tcs is hiring For Java Fullstack Developer_7 To 12 years_Hyderabad","Tata Consultancy Services","Hyderabad","SKIPPED","https://www.naukri.com/job-listings-tcs-is-hiring-for-java-fullstack-developer-7-to-12-years-hyderabad-tata-consultancy-services-hyderabad-7-to-12-years-130826015626","","unknown_state"
"job_1790855847062_km3o3","1/10/2026, 5:27:27 pm","NAUKRI","Java FullStack Developer (+ React)","Luxoft","Hybrid - Hyderabad, Pune","SKIPPED","https://www.naukri.com/job-listings-java-fullstack-developer-react-luxoft-hyderabad-pune-6-to-11-years-020726013233","","unknown_state"
"job_1790855847063_bvfp0","1/10/2026, 5:27:27 pm","NAUKRI","Java Fullstack (Angular) Lead Developer","Infosys","Hyderabad","SKIPPED","https://www.naukri.com/job-listings-java-fullstack-angular-lead-developer-infosys-limited-hyderabad-5-to-10-years-290626928380","","unknown_state"
"job_1790855847063_2ozfb","1/10/2026, 5:27:27 pm","NAUKRI","Java Fullstack - Angular / Azure","Cloudxtreme","Hybrid - Hyderabad, Chennai, Coimbatore","SKIPPED","https://www.naukri.com/job-listings-java-fullstack-angular-azure-cloudxtreme-hyderabad-chennai-coimbatore-4-to-9-years-040926925987","","unknown_state"
"job_1790855847063_navgd","1/10/2026, 5:27:27 pm","NAUKRI","Java Fullstack with Angular","Tata Consultancy Services","Hyderabad, Pune, Bengaluru","SKIPPED","https://www.naukri.com/job-listings-java-fullstack-with-angular-tata-consultancy-services-hyderabad-pune-bengaluru-7-to-12-years-100826005527","","unknown_state"
"job_1790855847063_dzvzi","1/10/2026, 5:27:27 pm","NAUKRI","Java Fullstack","Tata Consultancy Services","Hyderabad, Chennai, Bengaluru","SKIPPED","https://www.naukri.com/job-listings-java-fullstack-tata-consultancy-services-hyderabad-chennai-bengaluru-6-to-10-years-050826037518","","unknown_state"
"job_1790855847063_nolur","1/10/2026, 5:27:27 pm","NAUKRI","Senior Java Fullstack Developer","HCLTech","Hyderabad","SKIPPED","https://www.naukri.com/job-listings-senior-java-fullstack-developer-hcltech-hyderabad-5-to-7-years-040826016654","","unknown_state"
"job_1790855847064_fp4il","1/10/2026, 5:27:27 pm","NAUKRI","Java Fullstack","G R Consultants","Hyderabad, Chennai, Bengaluru","SKIPPED","https://www.naukri.com/job-listings-java-fullstack-g-r-consultants-hyderabad-chennai-bengaluru-7-to-12-years-010426019362","","unknown_state"
"job_1790855847064_snyvo","1/10/2026, 5:27:27 pm","NAUKRI","Senior Software Engineer - (Java Fullstack Angular)","Epam Systems","Hyderabad","SKIPPED","https://www.naukri.com/job-listings-senior-software-engineer-java-fullstack-angular-epam-systems-hyderabad-7-to-12-years-250826029357","","unknown_state"
"job_1790855847064_312iy","1/10/2026, 5:27:27 pm","NAUKRI","Java Fullstack Developer","Naukri E-hire","Hyderabad, Chennai, Bengaluru","SKIPPED","https://www.naukri.com/job-listings-java-fullstack-developer-naukri-e-hire-hyderabad-chennai-bengaluru-5-to-10-years-190826022269","","unknown_state"
"job_1790855847064_1chdf","1/10/2026, 5:27:27 pm","NAUKRI","Opening For Java fullstack developer with ReactJS","tekskills india","Hyderabad","SKIPPED","https://www.naukri.com/job-listings-opening-for-java-fullstack-developer-with-reactjs-tekskills-hyderabad-7-to-12-years-180826936850","","unknown_state"
"job_1790855847064_a6y8g","1/10/2026, 5:27:27 pm","NAUKRI","Java Fullstack Lead","NTT DATA, Inc.","Hyderabad, Chennai, Bengaluru","SKIPPED","https://www.naukri.com/job-listings-java-fullstack-lead-ntt-data-inc-hyderabad-chennai-bengaluru-8-to-11-years-130826015319","","unknown_state"
"job_1790855847065_da555","1/10/2026, 5:27:27 pm","NAUKRI","Senior Java Fullstack Developer (with React .JS)","EduRun Group","Hyderabad","SKIPPED","https://www.naukri.com/job-listings-senior-java-fullstack-developer-with-react-js-edurun-hyderabad-6-to-9-years-190826017719","","unknown_state"
"job_1790855847065_gi18l","1/10/2026, 5:27:27 pm","NAUKRI","Solution Architect – Java Fullstack","Epam Systems","Hyderabad, Pune, Chennai","SKIPPED","https://www.naukri.com/job-listings-solution-architect-java-fullstack-epam-systems-india-private-limited-hyderabad-pune-chennai-14-to-19-years-070826911632","","unknown_state"
"job_1790855847065_77vta","1/10/2026, 5:27:27 pm","NAUKRI","Java Fullstack Developer","Synechron","Hybrid - Hyderabad, Bengaluru","SKIPPED","https://www.naukri.com/job-listings-java-fullstack-developer-synechron-hyderabad-bengaluru-7-to-12-years-130826013389","","unknown_state"
"job_1790855847065_n6tcg","1/10/2026, 5:27:27 pm","NAUKRI","Opening For Java fullstack with Scrum master","Tekskills India Pvt ltd","Hyderabad","SKIPPED","https://www.naukri.com/job-listings-opening-for-java-fullstack-with-scrum-master-tekskills-hyderabad-12-to-18-years-180826936196","","unknown_state"
"job_1790855847066_0bcbp","1/10/2026, 5:27:27 pm","NAUKRI","Senior Java Fullstack Developer","I-Globus","Hyderabad","SKIPPED","https://www.naukri.com/job-listings-senior-java-fullstack-developer-i-globus-hyderabad-9-to-12-years-100826017730","","unknown_state"
"job_1790855847066_eg7iy","1/10/2026, 5:27:27 pm","NAUKRI","Senior Java Fullstack Staff Engineer","Sdkm Solutions","Remote","SKIPPED","https://www.naukri.com/job-listings-senior-java-fullstack-staff-engineer-sdkm-solutions-hyderabad-9-to-11-years-180826020097","","unknown_state"
"job_1790855847066_3rox8","1/10/2026, 5:27:27 pm","NAUKRI","Java Full Stack Developer","Cloudxtreme","Hybrid - Hyderabad, Mumbai (All Areas), Bengaluru","SKIPPED","https://www.naukri.com/job-listings-java-full-stack-developer-cloudxtreme-hyderabad-bengaluru-mumbai-all-areas-5-to-10-years-040926922530","","unknown_state"
"job_1790855847066_k7918","1/10/2026, 5:27:27 pm","NAUKRI","Java React fullstack","Capgemini","Hybrid - Hyderabad, Chennai, Bengaluru","SKIPPED","https://www.naukri.com/job-listings-java-react-fullstack-capgemini-hyderabad-chennai-bengaluru-4-to-9-years-300726028049","","unknown_state"
"job_1790855847066_e8na4","1/10/2026, 5:27:27 pm","NAUKRI","Java with reactjs","Cloudxtreme","Hyderabad","SKIPPED","https://www.naukri.com/job-listings-java-with-reactjs-cloudxtreme-hyderabad-6-to-11-years-040926924728","","unknown_state"
"job_1790855847067_uvyn0","1/10/2026, 5:27:27 pm","NAUKRI","Java developer with react.js","Cloudxtreme","Hyderabad, Bengaluru","SKIPPED","https://www.naukri.com/job-listings-java-developer-with-react-js-cloudxtreme-hyderabad-bengaluru-7-to-12-years-040926923622","","unknown_state"
"job_1790855847067_0ycr5","1/10/2026, 5:27:27 pm","NAUKRI","Java Developer + React Architect (14+years)","Cloudxtreme","Hyderabad, Bengaluru, Delhi / NCR","SKIPPED","https://www.naukri.com/job-listings-java-developer-react-architect-14-years-cloudxtreme-hyderabad-bengaluru-delhi-ncr-14-to-21-years-040926922731","","unknown_state"
"job_1790855847067_e8832","1/10/2026, 5:27:27 pm","NAUKRI","Java Full Stack Developer(Angular/React)(2-3 years)","Infosys","Hybrid - Hyderabad, Chennai, Bengaluru","SKIPPED","https://www.naukri.com/job-listings-java-full-stack-developer-angular-react-2-3-years-infosys-hyderabad-chennai-bengaluru-2-to-3-years-310726027085","","unknown_state"
"job_1790855847067_ksov6","1/10/2026, 5:27:27 pm","NAUKRI","Java Full Stack Developer -g (3 -5 yrs)","Infosys","Hyderabad","SKIPPED","https://www.naukri.com/job-listings-java-full-stack-developer-g-3-5-yrs-infosys-hyderabad-3-to-5-years-270426034156","","unknown_state"
"job_1790855847067_d7kdo","1/10/2026, 5:27:27 pm","NAUKRI","Urgent Req: Java Full Stack Developer | Immediate Joiner","EY","Hybrid - Hyderabad, Bangalore Rural, Gurugram","SKIPPED","https://www.naukri.com/job-listings-urgent-req-java-full-stack-developer-immediate-joiner-ey-hyderabad-bangalore-rural-gurugram-5-to-10-years-170826020255","","unknown_state"
"job_1790855847068_bms1g","1/10/2026, 5:27:27 pm","NAUKRI","Java Full Stack Developer","Cloudxtreme","Hybrid - Hyderabad, Pune, Chennai","SKIPPED","https://www.naukri.com/job-listings-java-full-stack-developer-cloudxtreme-hyderabad-pune-chennai-4-to-9-years-040926925990","","unknown_state"
"job_1790855847068_9j997","1/10/2026, 5:27:27 pm","NAUKRI","Java Full Stack Developer","Cloudxtreme","Hyderabad, Bengaluru","SKIPPED","https://www.naukri.com/job-listings-java-full-stack-developer-cloudxtreme-hyderabad-bengaluru-10-to-13-years-040926922138","","unknown_state"
"job_1790855847068_ks3st","1/10/2026, 5:27:27 pm","NAUKRI","Java Full Stack Developer","Tekskills","Hybrid - Hyderabad, Chennai, Bengaluru","SKIPPED","https://www.naukri.com/job-listings-java-full-stack-developer-tekskills-hyderabad-chennai-bengaluru-7-to-12-years-030926030455","","unknown_state"
"job_1790855847068_2hara","1/10/2026, 5:27:27 pm","NAUKRI","Java Full Stack Lead","Cloudxtreme","Hybrid - Hyderabad, Mumbai, Bengaluru","SKIPPED","https://www.naukri.com/job-listings-java-full-stack-lead-cloudxtreme-mumbai-hyderabad-bengaluru-7-to-12-years-030826014429","","unknown_state"
"job_1790855847076_6c1p2","1/10/2026, 5:27:27 pm","NAUKRI","Java FSE React","Cloudxtreme","Hybrid - Hyderabad, Pune, Bengaluru","SKIPPED","https://www.naukri.com/job-listings-java-fse-react-cloudxtreme-hyderabad-pune-bengaluru-8-to-10-years-040926922736","","unknown_state"
"job_1790855847077_mfvam","1/10/2026, 5:27:27 pm","NAUKRI","Java FSD AI","Cloudxtreme","Hyderabad, Bengaluru","SKIPPED","https://www.naukri.com/job-listings-java-fsd-ai-cloudxtreme-hyderabad-bengaluru-4-to-7-years-040926922640","","unknown_state"
"job_1790855847077_mg4up","1/10/2026, 5:27:27 pm","NAUKRI","Java FSD backend","Cloudxtreme","Hyderabad","SKIPPED","https://www.naukri.com/job-listings-java-fsd-backend-cloudxtreme-hyderabad-6-to-11-years-040926922348","","unknown_state"
"job_1790855847077_4oxlr","1/10/2026, 5:27:27 pm","NAUKRI","Java Full Stack Lead","Cloudxtreme","Hyderabad, Bengaluru","SKIPPED","https://www.naukri.com/job-listings-java-full-stack-lead-cloudxtreme-hyderabad-bengaluru-10-to-15-years-040926922230","","unknown_state"
"job_1790855847078_032c8","1/10/2026, 5:27:27 pm","NAUKRI","Java Developer","Cloudxtreme","Hyderabad, Bengaluru","SKIPPED","https://www.naukri.com/job-listings-java-developer-cloudxtreme-hyderabad-bengaluru-5-to-10-years-040926922210","","unknown_state"
"job_1790855847078_4juda","1/10/2026, 5:27:27 pm","NAUKRI","Java Developer","Cloudxtreme","Hyderabad, Bengaluru","SKIPPED","https://www.naukri.com/job-listings-java-developer-cloudxtreme-hyderabad-bengaluru-5-to-10-years-040926922190","","unknown_state"
"job_1790855847078_f6rhh","1/10/2026, 5:27:27 pm","NAUKRI","Fullstack Software Developer","Radiant Digital Solutions","Hyderabad","SKIPPED","https://www.naukri.com/job-listings-fullstack-software-developer-radiant-digital-solutions-hyderabad-8-to-15-years-260826028828","","unknown_state"
"job_1790855847078_7t5ta","1/10/2026, 5:27:27 pm","NAUKRI","Java Full Stack Developer (Angular)_ (2-3 years)","Infosys","Hybrid - Hyderabad, Chennai, Bengaluru","SKIPPED","https://www.naukri.com/job-listings-java-full-stack-developer-angular-2-3-years-infosys-hyderabad-chennai-bengaluru-2-to-3-years-270726002467","","unknown_state"
"job_1790855847079_efzuc","1/10/2026, 5:27:27 pm","NAUKRI","Java Full Stack Developer","Cloudxtreme","Hyderabad, Noida, Bengaluru","SKIPPED","https://www.naukri.com/job-listings-java-full-stack-developer-cloudxtreme-noida-hyderabad-bengaluru-7-to-12-years-040926924703","","unknown_state"
"job_1790855847079_l77gc","1/10/2026, 5:27:27 pm","NAUKRI","Java Full Stack Developer","Cloudxtreme","Hybrid - Hyderabad, Pune, Bengaluru","SKIPPED","https://www.naukri.com/job-listings-java-full-stack-developer-cloudxtreme-hyderabad-pune-bengaluru-10-to-18-years-040926923750","","unknown_state"
"job_1790855847082_8ku5s","1/10/2026, 5:27:27 pm","NAUKRI","react -java full stack developer","Cloudxtreme","Hyderabad, Bengaluru, Delhi / NCR","SKIPPED","https://www.naukri.com/job-listings-react-java-full-stack-developer-cloudxtreme-hyderabad-bengaluru-delhi-ncr-8-to-12-years-040926922783","","unknown_state"
"job_1790855847082_kmij7","1/10/2026, 5:27:27 pm","NAUKRI","Java Full Stack Developer","Coforge","Hybrid - Hyderabad","SKIPPED","https://www.naukri.com/job-listings-java-full-stack-developer-coforge-hyderabad-5-to-7-years-040926014087","","unknown_state"
"job_1790855847083_su25f","1/10/2026, 5:27:27 pm","NAUKRI","Java Full Stack Developer","CGI","Hyderabad","SKIPPED","https://www.naukri.com/job-listings-java-full-stack-developer-talent21-hyderabad-6-to-10-years-040926011952","","unknown_state"
"job_1790855847083_pgi12","1/10/2026, 5:27:27 pm","NAUKRI","Java-AWS","Cloudxtreme","Hyderabad, Bengaluru","SKIPPED","https://www.naukri.com/job-listings-java-aws-cloudxtreme-hyderabad-bengaluru-8-to-13-years-040926927541","","unknown_state"
"job_1790855847083_f6ujr","1/10/2026, 5:27:27 pm","NAUKRI","Java FSE (Angular/ Azure)","Cloudxtreme","Hybrid - Hyderabad, Pune, Chennai","SKIPPED","https://www.naukri.com/job-listings-java-fse-angular-azure-cloudxtreme-hyderabad-pune-chennai-5-to-10-years-040926925486","","unknown_state"
"job_1790855847083_hdw57","1/10/2026, 5:27:27 pm","NAUKRI","Java Developer- Angular 8+","Cloudxtreme","Hyderabad, Bengaluru, Delhi / NCR","SKIPPED","https://www.naukri.com/job-listings-java-developer-angular-8-cloudxtreme-hyderabad-bengaluru-delhi-ncr-6-to-11-years-040926924841","","unknown_state"
"job_1790855847083_p1mov","1/10/2026, 5:27:27 pm","NAUKRI","Java full stack with Gen AI","Cloudxtreme","Hyderabad, Bengaluru","SKIPPED","https://www.naukri.com/job-listings-java-full-stack-with-gen-ai-cloudxtreme-hyderabad-bengaluru-9-to-14-years-040926922765","","unknown_state"
"job_1790855847084_fjepm","1/10/2026, 5:27:27 pm","NAUKRI","JAVA FSD+ GenAI+ React_EXP 6+_Bengaluru, Hyderabad, Delhi & Mumbai","Tata Consultancy Services","Hyderabad, Mumbai, Bengaluru","SKIPPED","https://www.naukri.com/job-listings-java-fsd-genai-react-exp-6-bengaluru-hyderabad-delhi-mumbai-tata-consultancy-services-mumbai-hyderabad-bengaluru-6-to-11-years-030826009190","","unknown_state"
"job_1790855847084_ehavj","1/10/2026, 5:27:27 pm","NAUKRI","Java Full Stack Developer Lead","AVK Tech Solution","Hyderabad","SKIPPED","https://www.naukri.com/job-listings-java-full-stack-developer-lead-avk-tech-solution-hyderabad-7-to-12-years-070826915379","","unknown_state"
"job_1790855847084_se2o5","1/10/2026, 5:27:27 pm","NAUKRI","Fullstack Developer (Java React)","Wissen Technology","Hyderabad","SKIPPED","https://www.naukri.com/job-listings-fullstack-developer-java-react-wissen-technology-hyderabad-3-to-6-years-010926017968","","unknown_state"
"job_1790855847084_ezu6u","1/10/2026, 5:27:27 pm","NAUKRI","Walk-in || Java Angular Developer","LTM","Hybrid - Hyderabad","SKIPPED","https://www.naukri.com/job-listings-java-angular-developer-ltm-hyderabad-5-to-8-years-310826009243","","no_apply_button"
"job_1790855847085_zyn2h","1/10/2026, 5:27:27 pm","NAUKRI","JAVA FULL STACK Architect","Infosys","Hyderabad, Pune, Bengaluru","SKIPPED","https://www.naukri.com/job-listings-java-full-stack-architect-infosys-hyderabad-pune-bengaluru-10-to-20-years-241125030761","","unknown_state"
"job_1790855847085_t8sz6","1/10/2026, 5:27:27 pm","NAUKRI","Java Full Stack Architect - STG","Infosys","Hyderabad, Pune, Bengaluru","SKIPPED","https://www.naukri.com/job-listings-java-full-stack-architect-stg-infosys-hyderabad-pune-bengaluru-10-to-18-years-131125022907","","unknown_state"
"job_1790855847085_59r2z","1/10/2026, 5:27:27 pm","NAUKRI","Java Backend Developer - 5 To 30 years","CONFIDENTIAL","Hybrid - Hyderabad, Chennai, Bengaluru","SKIPPED","https://www.naukri.com/job-listings-java-backend-developer-5-to-30-years-integel-institute-of-technology-tamil-nadu-hyderabad-chennai-bengaluru-5-to-8-years-010926019602","","unknown_state"
"job_1790855847088_jvty1","1/10/2026, 5:27:27 pm","NAUKRI","Java Full Stack Developer","Tata Consultancy Services","Hyderabad","SKIPPED","https://www.naukri.com/job-listings-java-full-stack-developer-tata-consultancy-services-hyderabad-5-to-10-years-300326017586","","unknown_state"
"job_1790855847088_lg12j","1/10/2026, 5:27:27 pm","NAUKRI","Java Full Stack Developer(angular)-infosys","Infosys","Hybrid - Hyderabad, Ahmedabad, Bengaluru","SKIPPED","https://www.naukri.com/job-listings-java-full-stack-developer-angular-infosys-infosys-hyderabad-ahmedabad-bengaluru-5-to-9-years-060326031852","","unknown_state"
"job_1790855847088_pcj7l","1/10/2026, 5:27:27 pm","NAUKRI","Java full stack","Infosys","Hyderabad, Bengaluru, Delhi / NCR","SKIPPED","https://www.naukri.com/job-listings-java-full-stack-infosys-hyderabad-bengaluru-delhi-ncr-10-to-15-years-230626047183","","unknown_state"
"job_1790855847089_upd8c","1/10/2026, 5:27:27 pm","NAUKRI","Senior Java Developer","Conduent","Hybrid - Hyderabad, Bengaluru","SKIPPED","https://www.naukri.com/job-listings-senior-java-developer-conduent-hyderabad-bengaluru-7-to-12-years-140726035845","","unknown_state"
"job_1790855847089_7n8xl","1/10/2026, 5:27:27 pm","NAUKRI","Java FSD Gen AI ( React)","Cloudxtreme","Hyderabad, Bengaluru","SKIPPED","https://www.naukri.com/job-listings-java-fsd-gen-ai-react-cloudxtreme-hyderabad-bengaluru-5-to-8-years-110726007845","","unknown_state"
"job_1790855847089_gkpkq","1/10/2026, 5:27:27 pm","NAUKRI","Fullstack Developer Lead","Insight Global","Hyderabad","SKIPPED","https://www.naukri.com/job-listings-fullstack-developer-lead-insight-global-hyderabad-10-to-20-years-210826037904","","unknown_state"
"job_1790855847089_cvvhh","1/10/2026, 5:27:27 pm","NAUKRI","Java React - Full Stack Developer","Synechron","Hybrid - Hyderabad, Bengaluru","SKIPPED","https://www.naukri.com/job-listings-java-react-full-stack-developer-synechron-hyderabad-bengaluru-6-to-11-years-050826020808","","unknown_state"
"job_1790855847090_60agd","1/10/2026, 5:27:27 pm","NAUKRI","Java Full Stack Developer","Cloudxtreme","Hyderabad, Bengaluru","SKIPPED","https://www.naukri.com/job-listings-java-full-stack-developer-cloudxtreme-hyderabad-bengaluru-8-to-13-years-040926923009","","unknown_state"
"job_1790855847090_j99pn","1/10/2026, 5:27:27 pm","NAUKRI","Java Full Stack Developer","Tata Consultancy Services","Hyderabad, Chennai, Bengaluru","SKIPPED","https://www.naukri.com/job-listings-java-full-stack-developer-tata-consultancy-services-hyderabad-chennai-bengaluru-4-to-9-years-180826007897","","unknown_state"
"job_1790855847090_6ar3k","1/10/2026, 5:27:27 pm","NAUKRI","Java Angular Developer(2-3 yrs)-Pan India","Infosys","Hybrid - Hyderabad, Chennai, Bengaluru","SKIPPED","https://www.naukri.com/job-listings-java-angular-developer-2-3-yrs-pan-india-infosys-hyderabad-chennai-bengaluru-2-to-3-years-270726018113","","unknown_state"
"job_1790855847090_s4pol","1/10/2026, 5:27:27 pm","NAUKRI","Java Angular Developer(3-5 yrs)-Pan India","Infosys","Hybrid - Hyderabad, Chennai, Bengaluru","SKIPPED","https://www.naukri.com/job-listings-java-angular-developer-3-5-yrs-pan-india-infosys-hyderabad-chennai-bengaluru-3-to-5-years-030726032195","","unknown_state"
"job_1790855847090_i1vzf","1/10/2026, 5:27:27 pm","NAUKRI","Java FSE React/Angular","Cloudxtreme","Hyderabad, Pune, Bengaluru","SKIPPED","https://www.naukri.com/job-listings-java-fse-react-angular-cloudxtreme-hyderabad-pune-bengaluru-6-to-11-years-040926926249","","unknown_state"
"job_1790855847091_zka35","1/10/2026, 5:27:27 pm","NAUKRI","Java with Gean AI","Cloudxtreme","Hyderabad, Bengaluru","SKIPPED","https://www.naukri.com/job-listings-java-with-gean-ai-cloudxtreme-hyderabad-bengaluru-7-to-12-years-040926923584","","unknown_state"
"job_1790855847091_kxm3r","1/10/2026, 5:27:27 pm","NAUKRI","Java FSD with AI","Cloudxtreme","Hyderabad, Bengaluru","SKIPPED","https://www.naukri.com/job-listings-java-fsd-with-ai-cloudxtreme-hyderabad-bengaluru-8-to-13-years-040926922638","","unknown_state"
"job_1790855847091_b1w2u","1/10/2026, 5:27:27 pm","NAUKRI","Java Full Stack Lead","Cloudxtreme","Hyderabad, Bengaluru","SKIPPED","https://www.naukri.com/job-listings-java-full-stack-lead-cloudxtreme-hyderabad-bengaluru-10-to-15-years-040926922637","","unknown_state"
"job_1790855847091_5d6dk","1/10/2026, 5:27:27 pm","NAUKRI","Fullstack Developer","CGI","Hyderabad","SKIPPED","https://www.naukri.com/job-listings-fullstack-developer-talent21-hyderabad-6-to-10-years-040926010973","","unknown_state"
"job_1790855847091_5my2p","1/10/2026, 5:27:27 pm","NAUKRI","Java Full Stack React JS-Walk In-Hyderabad","Tata Consultancy Services","Hyderabad","SKIPPED","https://www.naukri.com/job-listings-java-full-stack-react-js-walk-in-hyderabad-tata-consultancy-services-hyderabad-7-to-10-years-030926018710","","unknown_state"
"job_1790855847092_zc3sv","1/10/2026, 5:27:27 pm","NAUKRI","Senior Java Developer","Denken Solutions, INC.","Hyderabad(Begumpet)","SKIPPED","https://www.naukri.com/job-listings-senior-java-developer-denken-hyderabad-5-to-10-years-310826013716","","unknown_state"
"job_1790855847092_8fq4c","1/10/2026, 5:27:27 pm","NAUKRI","Java Full stack- Kafka","Capgemini","Hybrid - Hyderabad, Pune","SKIPPED","https://www.naukri.com/job-listings-java-full-stack-kafka-capgemini-hyderabad-pune-4-to-8-years-010926013195","","unknown_state"
"job_1790855847092_ni62c","1/10/2026, 5:27:27 pm","NAUKRI","Java Full stack(Java, Microservices, Springboot, AWS cloud) + AngularJ","EL-Shaddai Recruitment and ITES Services Pvt Ltd.","Hyderabad, Pune, Bengaluru","SKIPPED","https://www.naukri.com/job-listings-java-full-stack-java-microservices-springboot-aws-cloud-angularj-el-shaddai-recruitment-and-ites-services-hyderabad-pune-bengaluru-5-to-8-years-040826011871","","unknown_state"
"job_1790855847092_sg9h9","1/10/2026, 5:27:27 pm","NAUKRI","Java Full Stack Developer (Java + Angular)","Cloudxtreme","Hyderabad, Bengaluru","SKIPPED","https://www.naukri.com/job-listings-java-full-stack-developer-java-angular-cloudxtreme-hyderabad-bengaluru-6-to-8-years-090526000729","","unknown_state"
"job_1790855847092_arfmj","1/10/2026, 5:27:27 pm","NAUKRI","Senior Full Stack integration Developer","Radiant Digital Solutions","Hyderabad, Bangalore Rural, Bengaluru","SKIPPED","https://www.naukri.com/job-listings-senior-full-stack-integration-developer-radiant-digital-solutions-hyderabad-bangalore-rural-bengaluru-8-to-13-years-250826017829","","unknown_state"
"job_1790855847093_oksry","1/10/2026, 5:27:27 pm","NAUKRI","Java developer - Kafka, Angular","Cloudxtreme","Hyderabad, Bengaluru","SKIPPED","https://www.naukri.com/job-listings-java-developer-kafka-angular-cloudxtreme-hyderabad-bengaluru-6-to-11-years-040826008046","","unknown_state"
"job_1790855847093_wuh99","1/10/2026, 5:27:27 pm","NAUKRI","Java FSD AI Lead - Angular","Cloudxtreme","Hyderabad, Bengaluru","SKIPPED","https://www.naukri.com/job-listings-java-fsd-ai-lead-angular-cloudxtreme-hyderabad-bengaluru-11-to-19-years-040826008015","","unknown_state"
"job_1790855847093_5nx2r","1/10/2026, 5:27:27 pm","NAUKRI","Java FSD Gen Ai - Angular","Cloudxtreme","Hyderabad, Bengaluru","SKIPPED","https://www.naukri.com/job-listings-java-fsd-gen-ai-angular-cloudxtreme-hyderabad-bengaluru-6-to-11-years-040826007974","","unknown_state"
"job_1790855847093_1ppod","1/10/2026, 5:27:27 pm","NAUKRI","Java Full stack with React.js","Tech Mahindra","Hybrid - Hyderabad, Chennai, Bengaluru","SKIPPED","https://www.naukri.com/job-listings-java-full-stack-with-react-js-tech-mahindra-hyderabad-chennai-bengaluru-5-to-10-years-250826029082","","unknown_state"
"job_1790855847094_783om","1/10/2026, 5:27:27 pm","NAUKRI","Java Full Stack Developers with ReactJS","Deloitte Shared Services India","Hybrid - Hyderabad, Bengaluru","SKIPPED","https://www.naukri.com/job-listings-java-full-stack-developers-with-reactjs-deloitte-shared-services-india-hyderabad-bengaluru-7-to-12-years-200826034493","","unknown_state"
"job_1790855847094_59z74","1/10/2026, 5:27:27 pm","NAUKRI","Java Full Stack Lead","The Hackett Group","Hyderabad","SKIPPED","https://www.naukri.com/job-listings-java-full-stack-lead-the-hackett-group-hyderabad-10-to-15-years-270726017056","","unknown_state"
"job_1790855847094_9ghbr","1/10/2026, 5:27:27 pm","NAUKRI","Java Technical Lead","IT Service Company","Hyderabad","SKIPPED","https://www.naukri.com/job-listings-java-technical-lead-sm-it-services-hyderabad-9-to-14-years-120826042323","","unknown_state"
"job_1790855847094_2l9r1","1/10/2026, 5:27:27 pm","NAUKRI","Java full stack( angular) developer(3-9years)","Infosys","Hybrid - Hyderabad, Pune, Bengaluru","SKIPPED","https://www.naukri.com/job-listings-java-full-stack-angular-developer-3-9years-infosys-hyderabad-pune-bengaluru-5-to-9-years-200326023594","","unknown_state"
"job_1790855847095_hivp0","1/10/2026, 5:27:27 pm","NAUKRI","Java full stack( angular) developer","Infosys","Hybrid - Hyderabad, Pune, Bengaluru","SKIPPED","https://www.naukri.com/job-listings-java-full-stack-angular-developer-infosys-hyderabad-pune-bengaluru-5-to-9-years-200326023228","","unknown_state"
"job_1790855847095_1odvy","1/10/2026, 5:27:27 pm","NAUKRI","Java Full Stack Developer","Tekskills India pvt ltd","Hybrid - Hyderabad, pan india","SKIPPED","https://www.naukri.com/job-listings-java-full-stack-developer-tekskills-hyderabad-pan-india-12-to-22-years-180826936207","","unknown_state"
"job_1790855847095_6hzcv","1/10/2026, 5:27:27 pm","NAUKRI","Java Full Stack(React/Angular) Developer 7 To 25 years--R","Infosys","Hybrid - Hyderabad, Pune, Bengaluru","SKIPPED","https://www.naukri.com/job-listings-java-full-stack-react-angular-developer-7-to-25-years-r-infosys-hyderabad-pune-bengaluru-5-to-9-years-230226022017","","unknown_state"
"job_1790855847095_4ul6e","1/10/2026, 5:27:27 pm","NAUKRI","Senior Java Developer","Innominds Software","Hyderabad, Bengaluru","SKIPPED","https://www.naukri.com/job-listings-senior-java-developer-innominds-software-hyderabad-bengaluru-7-to-12-years-200826036325","","unknown_state"
"job_1790855847095_v7krb","1/10/2026, 5:27:27 pm","NAUKRI","Fullstack Lead","Lloyds Technology Centre","Hybrid - Hyderabad","SKIPPED","https://www.naukri.com/job-listings-fullstack-lead-lloyds-technology-centre-hyderabad-9-to-14-years-190826013642","","unknown_state"
"job_1790855847096_753ir","1/10/2026, 5:27:27 pm","NAUKRI","Java Full Stack Architect","Han Digital Solution","Hyderabad, Chennai, Bengaluru","SKIPPED","https://www.naukri.com/job-listings-java-full-stack-architect-han-digital-solution-hyderabad-chennai-bengaluru-10-to-16-years-180826026551","","unknown_state"
"job_1790855847096_7m5qw","1/10/2026, 5:27:27 pm","NAUKRI","Java Backend Developer - 5 To 20 years","CONFIDENTIAL","Hybrid - Hyderabad, Chennai, Bengaluru","SKIPPED","https://www.naukri.com/job-listings-java-backend-developer-5-to-20-years-integel-institute-of-technology-tamil-nadu-hyderabad-chennai-bengaluru-5-to-10-years-060826036680","","unknown_state"
"job_1790855847096_amn9l","1/10/2026, 5:27:27 pm","NAUKRI","Core Java Developer","Pratyin Infotech","Hyderabad","SKIPPED","https://www.naukri.com/job-listings-core-java-developer-pratyin-infotech-hyderabad-10-to-18-years-040826016850","","unknown_state"
"job_1790855847097_wtom7","1/10/2026, 5:27:27 pm","NAUKRI","Java React Full Stack Developer","Hanuma Infotech","Hybrid - Hyderabad","SKIPPED","https://www.naukri.com/job-listings-java-react-full-stack-developer-hanuma-infotech-hyderabad-9-to-14-years-200826014937","","unknown_state"
"job_1790855847112_rfus9","1/10/2026, 5:27:27 pm","NAUKRI","Java full stack with Angular","Tata Consultancy Services","Hyderabad","SKIPPED","https://www.naukri.com/job-listings-java-full-stack-with-angular-tata-consultancy-services-hyderabad-7-to-12-years-010926014380","","unknown_state"
"job_1790855847112_ytrrn","1/10/2026, 5:27:27 pm","NAUKRI","Full Stack .Net Developer","Infosys","Hybrid - Hyderabad, Delhi / NCR","SKIPPED","https://www.naukri.com/job-listings-full-stack-net-developer-srs-infoway-hyderabad-delhi-ncr-8-to-13-years-210826009913","","unknown_state"
"job_1790855847113_g9yld","1/10/2026, 5:27:27 pm","NAUKRI","Java Full stack (Angular)","Tata Consultancy Services","Hyderabad","SKIPPED","https://www.naukri.com/job-listings-java-full-stack-angular-tata-consultancy-services-hyderabad-7-to-10-years-200526011899","","unknown_state"
"job_1790855847113_6unxa","1/10/2026, 5:27:27 pm","NAUKRI","Java Full Stack Developer","Infosys","Hybrid - Bengaluru, Pune, Delhi / NCR","SKIPPED","https://www.naukri.com/job-listings-java-full-stack-developer-infosys-pune-bengaluru-delhi-ncr-2-to-3-years-100826024093","","unknown_state"
"job_1790855847114_hepvc","1/10/2026, 5:27:27 pm","NAUKRI","Java Full stack Developer","Infosys","Bengaluru","SKIPPED","https://www.naukri.com/job-listings-java-full-stack-developer-infosys-limited-bengaluru-2-to-3-years-290626928416","","unknown_state"
"job_1790855847114_c9rtr","1/10/2026, 5:27:27 pm","NAUKRI","Java Full Stack Developer","NTT DATA BUSINESS SOLUTIONS","Bengaluru","SKIPPED","https://www.naukri.com/job-listings-java-full-stack-developer-ntt-data-services-india-limited-bengaluru-1-to-6-years-020926927837","","unknown_state"
"job_1790855847114_xc1qp","1/10/2026, 5:27:27 pm","NAUKRI","Java Full Stack Developer","Infosys","Hybrid - Bengaluru, Kolkata, Chennai","SKIPPED","https://www.naukri.com/job-listings-java-full-stack-developer-infosys-kolkata-chennai-bengaluru-2-to-3-years-190826037149","","unknown_state"
"job_1790855847114_80yno","1/10/2026, 5:27:27 pm","NAUKRI","Java Full Stack Developer","Infosys","Bengaluru, Pune, Chennai","SKIPPED","https://www.naukri.com/job-listings-java-full-stack-developer-infosys-pune-chennai-bengaluru-2-to-3-years-190826037132","","unknown_state"
"job_1790855847115_v97ik","1/10/2026, 5:27:27 pm","NAUKRI","Java Full Stack Developer- Pan India","Infosys","Hybrid - Bengaluru, Pune, Chennai","SKIPPED","https://www.naukri.com/job-listings-java-full-stack-developer-pan-india-infosys-pune-chennai-bengaluru-2-to-3-years-040826031543","","unknown_state"
"job_1790855847115_unf6y","1/10/2026, 5:27:27 pm","NAUKRI","Java Full Stack Developer (Angular)(2-3Y)","Infosys","Hybrid - Bengaluru, Pune, Chennai","SKIPPED","https://www.naukri.com/job-listings-java-full-stack-developer-angular-2-3y-infosys-pune-chennai-bengaluru-2-to-3-years-190826009591","","unknown_state"
"job_1790855847115_omi9r","1/10/2026, 5:27:27 pm","NAUKRI","Java Full Stack Developer","Infosys","Hybrid - Bengaluru, Pune, Chennai","SKIPPED","https://www.naukri.com/job-listings-java-full-stack-developer-infosys-pune-chennai-bengaluru-2-to-3-years-070826009065","","unknown_state"
"job_1790855847115_0y0vt","1/10/2026, 5:27:27 pm","NAUKRI","Java Full Stack Developer","Infosys","Bengaluru","SKIPPED","https://www.naukri.com/job-listings-java-full-stack-developer-infosys-limited-bengaluru-9-to-11-years-030726929600","","unknown_state"
"job_1790855847115_qqxlk","1/10/2026, 5:27:27 pm","NAUKRI","Java Full Stack Developer (React) | 0-1 Years","Jugla Technologies","Remote","SKIPPED","https://www.naukri.com/job-listings-java-full-stack-developer-react-0-1-years-jugla-technologies-bengaluru-0-to-1-years-260826002089","","unknown_state"
"job_1790855847116_klyjz","1/10/2026, 5:27:27 pm","NAUKRI","Software Engineer","Lowe's","Bengaluru","SKIPPED","https://www.naukri.com/job-listings-software-engineer-lowe-s-bengaluru-3-to-5-years-100826004321","","unknown_state"
"job_1790855847116_1m6jo","1/10/2026, 5:27:27 pm","NAUKRI","Java Full Stack Developer (React)","Infosys","Hybrid - Bengaluru, Pune, Chennai","SKIPPED","https://www.naukri.com/job-listings-java-full-stack-developer-react-infosys-pune-chennai-bengaluru-3-to-5-years-280526030778","","unknown_state"
"job_1790855847116_o1zdg","1/10/2026, 5:27:27 pm","NAUKRI","Java Full Stack Developer","Cloudxtreme","Hybrid - Hyderabad, Bengaluru, Coimbatore","SKIPPED","https://www.naukri.com/job-listings-java-full-stack-developer-cloudxtreme-hyderabad-coimbatore-bengaluru-4-to-8-years-040926922794","","unknown_state"
"job_1790855847116_08bw3","1/10/2026, 5:27:27 pm","NAUKRI","Java Full Stack Developer","Persistent","Hyderabad, Bengaluru, Pune","SKIPPED","https://www.naukri.com/job-listings-java-full-stack-developer-persistent-hyderabad-pune-bengaluru-12-to-18-years-040926015253","","unknown_state"
"job_1790855847116_whpju","1/10/2026, 5:27:27 pm","NAUKRI","Java Full Stack Developer","Tekshapers Software Solutions","Bengaluru","SKIPPED","https://www.naukri.com/job-listings-java-full-stack-developer-tekshapers-software-solutions-bengaluru-3-to-6-years-260826014791","","unknown_state"
"job_1790855847117_ka9wy","1/10/2026, 5:27:27 pm","NAUKRI","Java Full Stack Developer","MNC Client","Hyderabad, Bengaluru, Pune","SKIPPED","https://www.naukri.com/job-listings-java-full-stack-developer-cloudxtreme-hyderabad-pune-bengaluru-4-to-7-years-040926928075","","unknown_state"
"job_1790855847117_p18yx","1/10/2026, 5:27:27 pm","NAUKRI","Java Full Stack Developer (Angular)","Cloudxtreme","Hyderabad, Bengaluru, Pune","SKIPPED","https://www.naukri.com/job-listings-java-full-stack-developer-angular-cloudxtreme-hyderabad-pune-bengaluru-7-to-12-years-040926924693","","unknown_state"
"job_1790855847117_elgnj","1/10/2026, 5:27:27 pm","NAUKRI","Java full stack developer + Angular","Cloudxtreme","Hyderabad, Bengaluru, Chennai","SKIPPED","https://www.naukri.com/job-listings-java-full-stack-developer-angular-cloudxtreme-hyderabad-chennai-bengaluru-10-to-14-years-040926924393","","unknown_state"
"job_1790855847117_3j233","1/10/2026, 5:27:27 pm","NAUKRI","Java Full Stack Developer","Cloudxtreme","Hyderabad, Bengaluru","SKIPPED","https://www.naukri.com/job-listings-java-full-stack-developer-cloudxtreme-hyderabad-bengaluru-6-to-8-years-040926923627","","unknown_state"
"job_1790855847117_flrqk","1/10/2026, 5:27:27 pm","NAUKRI","Java Full Stack Developer","Cloudxtreme","Hyderabad, Bengaluru","SKIPPED","https://www.naukri.com/job-listings-java-full-stack-developer-cloudxtreme-hyderabad-bengaluru-6-to-8-years-040926922919","","unknown_state"
"job_1790855847118_0bic4","1/10/2026, 5:27:27 pm","NAUKRI","Java Full Stack Developer","Epam Systems","Hyderabad, Bengaluru, Pune","SKIPPED","https://www.naukri.com/job-listings-java-full-stack-developer-epam-systems-hyderabad-pune-bengaluru-6-to-11-years-030926034305","","unknown_state"
"job_1790855847118_6ufkh","1/10/2026, 5:27:27 pm","NAUKRI","Java Full Stack Developer","Capgemini","Hybrid - Hyderabad, Bengaluru, Pune","SKIPPED","https://www.naukri.com/job-listings-java-full-stack-developer-capgemini-hyderabad-pune-bengaluru-6-to-10-years-030926014497","","unknown_state"
"job_1790855847118_l4yd8","1/10/2026, 5:27:27 pm","NAUKRI","Java Full Stack Developer","Infosys","Hybrid - Mumbai (All Areas), Bengaluru, Pune","SKIPPED","https://www.naukri.com/job-listings-java-full-stack-developer-infosys-pune-bengaluru-mumbai-all-areas-10-to-19-years-300826003495","","unknown_state"
"job_1790855847119_h9bf6","1/10/2026, 5:27:27 pm","NAUKRI","Walk-in || Java Full Stack Developer","Capgemini","Hybrid - Mumbai (All Areas), Bengaluru","SKIPPED","https://www.naukri.com/job-listings-java-full-stack-developer-capgemini-bengaluru-mumbai-all-areas-5-to-10-years-020926029004","","no_apply_button"
"job_1790855847119_z642j","1/10/2026, 5:27:27 pm","NAUKRI","Java Full Stack Developer","Cloudxtreme","Hybrid - Hyderabad, Bengaluru, Pune","SKIPPED","https://www.naukri.com/job-listings-java-full-stack-developer-cloudxtreme-hyderabad-pune-bengaluru-6-to-11-years-040926924020","","unknown_state"
"job_1790855847119_31316","1/10/2026, 5:27:27 pm","NAUKRI","Java Full Stack Developer","Deloitte US-India Offices","Hybrid - Bengaluru","SKIPPED","https://www.naukri.com/job-listings-java-full-stack-developer-deloitte-us-india-offices-bengaluru-3-to-4-years-270826022917","","unknown_state"
"job_1790855847119_8tatk","1/10/2026, 5:27:27 pm","NAUKRI","Java Full Stack Developer (WFH Position)","Innova Solutions","Hybrid - Hyderabad, Bengaluru, Chennai","SKIPPED","https://www.naukri.com/job-listings-java-full-stack-developer-wfh-position-innova-solutions-hyderabad-chennai-bengaluru-9-to-14-years-080726030014","","unknown_state"
"job_1790855847119_11jai","1/10/2026, 5:27:27 pm","NAUKRI","Walk-in || Java Full Stack Developer","Yespivot Technologies","Hyderabad, Bengaluru","SKIPPED","https://www.naukri.com/job-listings-java-full-stack-developer-yespivot-technologies-hyderabad-bengaluru-6-to-10-years-030926033039","","no_apply_button"
"job_1790855847120_gpl9f","1/10/2026, 5:27:27 pm","NAUKRI","Cloud Engineering Professional | Java Full Stack Developer","BT Group","Hybrid - Bengaluru","SKIPPED","https://www.naukri.com/job-listings-cloud-engineering-professional-java-full-stack-developer-bt-group-bengaluru-3-to-7-years-040826015081","","unknown_state"
"job_1790855847120_lyi6a","1/10/2026, 5:27:27 pm","NAUKRI","Java Full Stack Developer","Cloudxtreme","Bengaluru","SKIPPED","https://www.naukri.com/job-listings-java-full-stack-developer-cloudxtreme-bengaluru-5-to-7-years-040926923798","","unknown_state"
"job_1790855847120_0fm96","1/10/2026, 5:27:27 pm","NAUKRI","Java Full Stack Developer","Cloudxtreme","Mumbai (All Areas), Bengaluru, Coimbatore","SKIPPED","https://www.naukri.com/job-listings-java-full-stack-developer-cloudxtreme-coimbatore-bengaluru-mumbai-all-areas-6-to-11-years-300426012743","","unknown_state"
"job_1790855847120_xdjvm","1/10/2026, 5:27:27 pm","NAUKRI","Java Full Stack Developer","Innova Solutions","Hybrid - Bengaluru","SKIPPED","https://www.naukri.com/job-listings-java-full-stack-developer-innova-solutions-bengaluru-7-to-12-years-310826008104","","unknown_state"
"job_1790855847121_9ciw1","1/10/2026, 5:27:27 pm","NAUKRI","Java Full Stack Developer (5-15 Years)","Infosys","Hybrid - Bengaluru, Noida, Pune","SKIPPED","https://www.naukri.com/job-listings-java-full-stack-developer-5-15-years-infosys-noida-pune-bengaluru-5-to-10-years-310826006816","","unknown_state"
"job_1790855847121_95gqk","1/10/2026, 5:27:27 pm","NAUKRI","Java Full Stack Developer","Tquanta Technologies","Bengaluru","SKIPPED","https://www.naukri.com/job-listings-java-full-stack-developer-tquanta-technologies-bengaluru-3-to-7-years-301225502017","","no_apply_button"
"job_1790855847121_57zg0","1/10/2026, 5:27:27 pm","NAUKRI","Java Full Stack Developer- (Core Java, Springboot, Angular)","Globalfoundries","Bengaluru","SKIPPED","https://www.naukri.com/job-listings-java-full-stack-developer-core-java-springboot-angular-global-foundries-inc-bengaluru-2-to-7-years-240626505347","","no_apply_button"
"job_1790855847121_a4tgp","1/10/2026, 5:27:27 pm","NAUKRI","Java Full Stack Developer","Capgemini","Hybrid - Mumbai, Bengaluru","SKIPPED","https://www.naukri.com/job-listings-java-full-stack-developer-capgemini-mumbai-bengaluru-6-to-11-years-050926013949","","chatbot_unknown"
"job_1790855847122_3rgzb","1/10/2026, 5:27:27 pm","NAUKRI","Java Full Stack Developer","Orcapod","Hybrid - Bengaluru","SKIPPED","https://www.naukri.com/job-listings-java-full-stack-developer-orcapod-consulting-services-bengaluru-6-to-9-years-190626015553","","unknown_state"
"job_1790855847122_6f9bq","1/10/2026, 5:27:27 pm","NAUKRI","Java Full Stack Developer","Cloudxtreme","Bengaluru","SKIPPED","https://www.naukri.com/job-listings-java-full-stack-developer-cloudxtreme-bengaluru-7-to-12-years-040926925504","","unknown_state"
"job_1790855847122_9yqx2","1/10/2026, 5:27:27 pm","NAUKRI","Java Full Stack Developer with reactjs","Cloudxtreme","Bengaluru, India, Delhi / NCR","SKIPPED","https://www.naukri.com/job-listings-java-full-stack-developer-with-reactjs-cloudxtreme-bengaluru-delhi-ncr-india-10-to-16-years-040926923614","","unknown_state"
"job_1790855847122_uicbf","1/10/2026, 5:27:27 pm","NAUKRI","Java Full Stack Developer","Cloudxtreme","Bengaluru, Chennai","SKIPPED","https://www.naukri.com/job-listings-java-full-stack-developer-cloudxtreme-chennai-bengaluru-6-to-11-years-040926923255","","unknown_state"
"job_1790855847122_ejqjc","1/10/2026, 5:27:27 pm","NAUKRI","Java Full Stack Developer","Cloudxtreme","Bengaluru","SKIPPED","https://www.naukri.com/job-listings-java-full-stack-developer-cloudxtreme-bengaluru-6-to-9-years-040926922715","","unknown_state"
"job_1790855847123_rks62","1/10/2026, 5:27:27 pm","NAUKRI","Java Full Stack Developer","Cloudxtreme","Hybrid - Bengaluru","SKIPPED","https://www.naukri.com/job-listings-java-full-stack-developer-cloudxtreme-bengaluru-6-to-11-years-040926922534","","unknown_state"
"job_1790855847123_52g26","1/10/2026, 5:27:27 pm","NAUKRI","Java Full Stack Developer","Cognizant","Hybrid - Bengaluru","SKIPPED","https://www.naukri.com/job-listings-java-full-stack-developer-cognizant-bengaluru-6-to-11-years-030926014087","","chatbot_unknown"
"job_1790855847123_mdlzh","1/10/2026, 5:27:27 pm","NAUKRI","Java Full Stack Developer","Infosys","Hybrid - Mumbai (All Areas), Bengaluru, Delhi / NCR","SKIPPED","https://www.naukri.com/job-listings-java-full-stack-developer-infosys-bengaluru-delhi-ncr-mumbai-all-areas-9-to-14-years-020926032290","","unknown_state"
"job_1790855847123_5llh0","1/10/2026, 5:27:27 pm","NAUKRI","Java Full Stack Developer","Infosys","Hybrid - Mumbai (All Areas), Bengaluru, Chennai","SKIPPED","https://www.naukri.com/job-listings-java-full-stack-developer-infosys-chennai-bengaluru-mumbai-all-areas-9-to-14-years-010926007415","","unknown_state"
"job_1790855847123_dyk6z","1/10/2026, 5:27:27 pm","NAUKRI","Java Full Stack Developer","Peoplelogic Business Solutions","Bengaluru, Bangalore Rural","SKIPPED","https://www.naukri.com/job-listings-java-full-stack-developer-peoplelogic-business-solutions-bangalore-rural-bengaluru-5-to-10-years-010926035113","","chatbot_unknown"
"job_1790855847124_2x6r7","1/10/2026, 5:27:27 pm","NAUKRI","Java Full Stack Developer","Deloitte US-India Offices","Bengaluru","SKIPPED","https://www.naukri.com/job-listings-java-full-stack-developer-deloitte-us-india-offices-bengaluru-3-to-4-years-060826024721","","chatbot_unknown"
"job_1790855847124_osui9","1/10/2026, 5:27:27 pm","NAUKRI","Java Full Stack Developer","Cloudxtreme","Bengaluru","SKIPPED","https://www.naukri.com/job-listings-java-full-stack-developer-cloudxtreme-bengaluru-10-to-20-years-040926927385","","unknown_state"
"job_1790855847124_wq5ml","1/10/2026, 5:27:27 pm","NAUKRI","Java Full Stack Developer","Cloudxtreme","Hybrid - Bengaluru","SKIPPED","https://www.naukri.com/job-listings-java-full-stack-developer-cloudxtreme-bengaluru-6-to-11-years-040926927301","","unknown_state"
"job_1790855847124_3v0tg","1/10/2026, 5:27:27 pm","NAUKRI","Java Full Stack Developer","Cloudxtreme","Bengaluru","SKIPPED","https://www.naukri.com/job-listings-java-full-stack-developer-cloudxtreme-bengaluru-7-to-12-years-040926927211","","unknown_state"
"job_1790855847124_qj6c9","1/10/2026, 5:27:27 pm","NAUKRI","Java Full Stack Developer","Cloudxtreme","Hybrid - Bengaluru, Pune, Chennai","SKIPPED","https://www.naukri.com/job-listings-java-full-stack-developer-cloudxtreme-pune-chennai-bengaluru-4-to-8-years-040926925985","","unknown_state"
"job_1790855847124_goya6","1/10/2026, 5:27:27 pm","NAUKRI","Java Full Stack Developer","Cloudxtreme","Bengaluru","SKIPPED","https://www.naukri.com/job-listings-java-full-stack-developer-cloudxtreme-bengaluru-8-to-13-years-040926924447","","unknown_state"
"job_1790855847125_mminv","1/10/2026, 5:27:27 pm","NAUKRI","Java Spring Boot Developer","Infosys","Hybrid - Bengaluru, Pune, Chennai","SKIPPED","https://www.naukri.com/job-listings-java-spring-boot-developer-infosys-pune-chennai-bengaluru-1-to-2-years-180826042980","","unknown_state"
"job_1790855847125_jsaf8","1/10/2026, 5:27:27 pm","NAUKRI","Java Spring Boot Developer","Infosys","Bengaluru, Pune, Chennai","SKIPPED","https://www.naukri.com/job-listings-java-spring-boot-developer-infosys-pune-chennai-bengaluru-2-to-5-years-100826014171","","unknown_state"
"job_1790855847126_rqi24","1/10/2026, 5:27:27 pm","NAUKRI","Java Backend Developer | Spring Boot | Microservices","Infosys","Hybrid - Bengaluru, Pune, Chennai","SKIPPED","https://www.naukri.com/job-listings-java-backend-developer-spring-boot-microservices-infosys-pune-chennai-bengaluru-2-to-5-years-190826038395","","chatbot_unknown"
"job_1790855847127_0mi8y","1/10/2026, 5:27:27 pm","NAUKRI","Java spring boot Microservices Developer (2-3 Years PAN INDIA)","Infosys","Hybrid - Bengaluru, Kolkata, Indore","SKIPPED","https://www.naukri.com/job-listings-java-spring-boot-microservices-developer-2-3-years-pan-india-infosys-kolkata-indore-bengaluru-2-to-3-years-210826031264","","unknown_state"
"job_1790855847127_j0zrq","1/10/2026, 5:27:27 pm","NAUKRI","Java Springboot Microservices Professional","Infosys","Bengaluru","SKIPPED","https://www.naukri.com/job-listings-java-springboot-microservices-professional-infosys-limited-bengaluru-2-to-3-years-200826920662","","unknown_state"
"job_1790855847127_dz18o","1/10/2026, 5:27:27 pm","NAUKRI","Java Spring Boot Developer - Cloud (Azure/AWS)","Tata Consultancy Services","Bengaluru","SKIPPED","https://www.naukri.com/job-listings-java-spring-boot-developer-cloud-azure-aws-tata-consultancy-services-bengaluru-6-to-10-years-170826009972","","chatbot_unknown"
"job_1790855847127_66nyf","1/10/2026, 5:27:27 pm","NAUKRI","Java Spring Boot Developer","Tekskills India pvt ltd","Hybrid - Bengaluru, pan india","SKIPPED","https://www.naukri.com/job-listings-java-spring-boot-developer-tekskills-bengaluru-pan-india-6-to-11-years-180826934181","","unknown_state"
"job_1790855847128_c0idf","1/10/2026, 5:27:27 pm","NAUKRI","Senior Java Developer | Spring Boot | Microservices","Cloudxtreme","Hybrid - Bengaluru","SKIPPED","https://www.naukri.com/job-listings-senior-java-developer-spring-boot-microservices-cloudxtreme-bengaluru-6-to-11-years-040926923461","","unknown_state"
"job_1790855847128_c4403","1/10/2026, 5:27:27 pm","NAUKRI","Senior Java Developer | Spring Boot | Microservices one round only f2f","Cloudxtreme","Bengaluru","SKIPPED","https://www.naukri.com/job-listings-senior-java-developer-spring-boot-microservices-one-round-only-f2f-cloudxtreme-bengaluru-6-to-11-years-040926923457","","unknown_state"
"job_1790855847128_azy5f","1/10/2026, 5:27:27 pm","NAUKRI","Java+AI Developer","Bounteous","Hybrid - Bengaluru","SKIPPED","https://www.naukri.com/job-listings-java-ai-developer-bounteous-bengaluru-5-to-9-years-010926012731","","chatbot_unknown"
"job_1790855847128_3jn2z","1/10/2026, 5:27:27 pm","NAUKRI","Senior Java Developer (Spring Boot) Visibility & Reporting For MNC","RJ Consultants","Hybrid - Mumbai (All Areas), Bengaluru, Chennai","SKIPPED","https://www.naukri.com/job-listings-senior-java-developer-spring-boot-visibility-reporting-for-mnc-rj-consultants-chennai-bengaluru-mumbai-all-areas-7-to-12-years-020626016797","","unknown_state"
"job_1790855847129_04ba6","1/10/2026, 5:27:27 pm","NAUKRI","Java Full Stack Developer","CONFIDENTIAL","Hybrid - Navi Mumbai, Bengaluru, Pune","SKIPPED","https://www.naukri.com/job-listings-java-full-stack-developer-smart-placement-services-navi-mumbai-pune-bengaluru-3-to-5-years-270826030223","","unknown_state"
"job_1790855847129_4ehno","1/10/2026, 5:27:27 pm","NAUKRI","Java Spring Boot + GCP Developers","Tata Consultancy Services","Bengaluru, Kochi, Chennai","SKIPPED","https://www.naukri.com/job-listings-java-spring-boot-gcp-developers-tata-consultancy-services-kochi-chennai-bengaluru-6-to-10-years-040826018354","","no_apply_button"
"job_1790855847129_7pk1j","1/10/2026, 5:27:27 pm","NAUKRI","Software Engineer-Full Stack","Leading Bank","Mumbai, Mumbai (All Areas), Bengaluru, Bangalore Rural, Gurugram, Chennai","SKIPPED","https://www.naukri.com/job-listings-software-engineer-full-stack-bharathire-com-private-limited-mumbai-bangalore-rural-gurugram-chennai-bengaluru-mumbai-all-areas-3-to-8-years-050926012083","","chatbot_unknown"
"job_1790855847129_5d9sb","1/10/2026, 5:27:27 pm","NAUKRI","Full Stack Developer","Infosys","Bengaluru","SKIPPED","https://www.naukri.com/job-listings-full-stack-developer-infosys-limited-bengaluru-3-to-5-years-200826920707","","unknown_state"
"job_1790855847130_448rp","1/10/2026, 5:27:27 pm","NAUKRI","Java J2EE, Spring, Spring Boot, Rest API, Angular (AKS) - Developer","NTT DATA BUSINESS SOLUTIONS","Bengaluru","SKIPPED","https://www.naukri.com/job-listings-java-j2ee-spring-spring-boot-rest-api-angular-aks-developer-ntt-data-services-india-limited-bengaluru-6-to-9-years-030926927481","","unknown_state"
"job_1790855847130_euwpk","1/10/2026, 5:27:27 pm","NAUKRI","Java Full Stack Developer","Infosys","Bengaluru","SKIPPED","https://www.naukri.com/job-listings-java-full-stack-developer-infosys-limited-bengaluru-3-to-5-years-200826920661","","unknown_state"
"job_1790855847130_a6ahg","1/10/2026, 5:27:27 pm","NAUKRI","Java Full Stack Developer","Cloudxtreme","Mumbai, Bengaluru, Pune","SKIPPED","https://www.naukri.com/job-listings-java-full-stack-developer-cloudxtreme-mumbai-pune-bengaluru-6-to-9-years-040926922629","","unknown_state"
"job_1790855847130_9r5ar","1/10/2026, 5:27:27 pm","NAUKRI","Java React Developer","Infosys","Bengaluru","SKIPPED","https://www.naukri.com/job-listings-java-react-developer-infosys-limited-bengaluru-3-to-5-years-100726919371","","unknown_state"
"job_1790855847131_2rmy9","1/10/2026, 5:27:27 pm","NAUKRI","Java Lead / J2EE Lead","Cloudxtreme","Hybrid - Hyderabad, Mumbai, Bengaluru","SKIPPED","https://www.naukri.com/job-listings-java-lead-j2ee-lead-cloudxtreme-mumbai-hyderabad-bengaluru-8-to-12-years-040926922219","","unknown_state"
"job_1790855847131_pcu1w","1/10/2026, 5:27:27 pm","NAUKRI","Java Fullstack (React) Developer","Infosys","Bengaluru","SKIPPED","https://www.naukri.com/job-listings-java-fullstack-react-developer-infosys-limited-bengaluru-3-to-5-years-290626928239","","unknown_state"
"job_1790855847131_whyo0","1/10/2026, 5:27:27 pm","NAUKRI","Java Developer","Infosys","Bengaluru","SKIPPED","https://www.naukri.com/job-listings-java-developer-infosys-limited-bengaluru-3-to-5-years-020726915512","","unknown_state"
"job_1790855847131_e2na8","1/10/2026, 5:27:27 pm","NAUKRI","Java Developer","Infosys","Bengaluru","SKIPPED","https://www.naukri.com/job-listings-java-developer-infosys-limited-bengaluru-2-to-3-years-010726930359","","unknown_state"
"job_1790855847131_2hyut","1/10/2026, 5:27:27 pm","NAUKRI","Java Full Stack Developer","Capgemini","Hybrid - Mumbai (All Areas), Bengaluru","SKIPPED","https://www.naukri.com/job-listings-java-full-stack-developer-capgemini-bengaluru-mumbai-all-areas-5-to-10-years-310826016065","","chatbot_unknown"
"job_1790855847131_7eu6w","1/10/2026, 5:27:27 pm","NAUKRI","Java Reactjs Developer","Infosys","Bengaluru","SKIPPED","https://www.naukri.com/job-listings-java-reactjs-developer-infosys-limited-bengaluru-1-to-5-years-130826920344","","unknown_state"
"job_1790855847132_uz1i2","1/10/2026, 5:27:27 pm","NAUKRI","Java Developer","Infosys","Bengaluru","SKIPPED","https://www.naukri.com/job-listings-java-developer-infosys-limited-bengaluru-2-to-5-years-290626928374","","unknown_state"
"job_1790855847132_80rlg","1/10/2026, 5:27:27 pm","NAUKRI","Java Developer","Digital Harbor","Bengaluru","SKIPPED","https://www.naukri.com/job-listings-java-developer-naukri-e-hire-bengaluru-2-to-5-years-310826010298","","chatbot_unknown"
"job_1790855847132_y06gm","1/10/2026, 5:27:27 pm","NAUKRI","Java Developer","Infosys","Bengaluru","SKIPPED","https://www.naukri.com/job-listings-java-developer-infosys-limited-bengaluru-3-to-5-years-050826935108","","unknown_state"
"job_1790855847132_go0vt","1/10/2026, 5:27:27 pm","NAUKRI","Java Developer","Infosys","Bengaluru","SKIPPED","https://www.naukri.com/job-listings-java-developer-infosys-limited-bengaluru-5-to-10-years-010726930364","","unknown_state"
"job_1790855847133_5dxcl","1/10/2026, 5:27:27 pm","NAUKRI","Java Developer","Cloudxtreme","Bengaluru","SKIPPED","https://www.naukri.com/job-listings-java-developer-cloudxtreme-bengaluru-7-to-11-years-040926927921","","unknown_state"
"job_1790855847133_l8w4f","1/10/2026, 5:27:27 pm","NAUKRI","Java AI Developer","Infosys","Bengaluru","SKIPPED","https://www.naukri.com/job-listings-java-ai-developer-infosys-limited-bengaluru-3-to-5-years-090726923403","","unknown_state"
"job_1790855847133_tfadv","1/10/2026, 5:27:27 pm","NAUKRI","Java Developer-Apache SOLR and/or Lucid Works Fusion","Cloudxtreme","Bengaluru, Chennai","SKIPPED","https://www.naukri.com/job-listings-java-developer-apache-solr-and-or-lucid-works-fusion-cloudxtreme-chennai-bengaluru-4-to-9-years-040926927424","","unknown_state"
"job_1790855847134_w4bcy","1/10/2026, 5:27:27 pm","NAUKRI","Java Developer","Leading Client","Bengaluru","SKIPPED","https://www.naukri.com/job-listings-java-developer-tekskills-india-private-limited-bengaluru-8-to-13-years-210826908317","","unknown_state"
"job_1790855847134_ohhof","1/10/2026, 5:27:27 pm","NAUKRI","Java Azure Developer","Infosys","Bengaluru","SKIPPED","https://www.naukri.com/job-listings-java-azure-developer-infosys-limited-bengaluru-3-to-5-years-200826920670","","unknown_state"
"job_1790855847134_a4ssu","1/10/2026, 5:27:27 pm","NAUKRI","Java onestream Developer-Blr-Hyd","Cloudxtreme","Hybrid - Hyderabad, Bengaluru, Kolkata","SKIPPED","https://www.naukri.com/job-listings-java-onestream-developer-blr-hyd-cloudxtreme-kolkata-hyderabad-bengaluru-6-to-11-years-040926924814","","unknown_state"
"job_1790855847134_lrwyy","1/10/2026, 5:27:27 pm","NAUKRI","Urgent hiring For JAVA developer (4+ yrs)","Han River Technology","Bengaluru, Kolkata","SKIPPED","https://www.naukri.com/job-listings-urgent-hiring-for-java-developer-4-yrs-han-river-technology-kolkata-bengaluru-4-to-8-years-280826007032","","unknown_state"
"job_1790855847135_hyxlz","1/10/2026, 5:27:27 pm","NAUKRI","Java Developer @ Infosys","Infosys","Hybrid - Bengaluru, Pune, Chennai","SKIPPED","https://www.naukri.com/job-listings-java-developer-infosys-infosys-pune-chennai-bengaluru-4-to-9-years-051025004417","","unknown_state"
"job_1790855847140_yiiyu","1/10/2026, 5:27:27 pm","NAUKRI","Java Developer","Cloudxtreme","Hyderabad, Bengaluru, Chennai","SKIPPED","https://www.naukri.com/job-listings-java-developer-cloudxtreme-hyderabad-chennai-bengaluru-4-to-8-years-040926927857","","unknown_state"
"job_1790855847140_gdggf","1/10/2026, 5:27:27 pm","NAUKRI","Java Developer","Cloudxtreme","Hyderabad, Bengaluru, Chennai","SKIPPED","https://www.naukri.com/job-listings-java-developer-cloudxtreme-hyderabad-chennai-bengaluru-6-to-10-years-040926926418","","unknown_state"
"job_1790855847141_xat00","1/10/2026, 5:27:27 pm","NAUKRI","Java Developer - BPM & JPBM","Cloudxtreme","Hybrid - Hyderabad, Bengaluru, Delhi / NCR","SKIPPED","https://www.naukri.com/job-listings-java-developer-bpm-jpbm-cloudxtreme-hyderabad-bengaluru-delhi-ncr-4-to-9-years-040926926029","","unknown_state"
"job_1790855847141_r67oc","1/10/2026, 5:27:27 pm","NAUKRI","Java Developer","Cloudxtreme","Hyderabad, Bengaluru","SKIPPED","https://www.naukri.com/job-listings-java-developer-cloudxtreme-hyderabad-bengaluru-7-to-12-years-040926925820","","unknown_state"
"job_1790855847141_s81ht","1/10/2026, 5:27:27 pm","NAUKRI","Java Developer","Cloudxtreme","Hyderabad, Bengaluru","SKIPPED","https://www.naukri.com/job-listings-java-developer-cloudxtreme-hyderabad-bengaluru-7-to-12-years-040926925819","","unknown_state"
"job_1790855847141_wdvxc","1/10/2026, 5:27:27 pm","NAUKRI","Java Developer","Cloudxtreme","Hyderabad, Bengaluru, Chennai","SKIPPED","https://www.naukri.com/job-listings-java-developer-cloudxtreme-hyderabad-chennai-bengaluru-8-to-13-years-040926923745","","unknown_state"
"job_1790855847142_swrvb","1/10/2026, 5:27:27 pm","NAUKRI","Java Developer","Cloudxtreme","Hyderabad, Bengaluru","SKIPPED","https://www.naukri.com/job-listings-java-developer-cloudxtreme-hyderabad-bengaluru-6-to-11-years-040926923562","","unknown_state"
"job_1790855847142_nb841","1/10/2026, 5:27:27 pm","NAUKRI","Java Developer","Cloudxtreme","Hybrid - Hyderabad, Bengaluru, Kolkata","SKIPPED","https://www.naukri.com/job-listings-java-developer-cloudxtreme-kolkata-hyderabad-bengaluru-8-to-13-years-040926923324","","unknown_state"
"job_1790855847142_59v7s","1/10/2026, 5:27:27 pm","NAUKRI","Java Developer","Cloudxtreme","Hyderabad, Bengaluru","SKIPPED","https://www.naukri.com/job-listings-java-developer-cloudxtreme-hyderabad-bengaluru-7-to-10-years-040926922860","","unknown_state"
"job_1790855847142_78how","1/10/2026, 5:27:27 pm","NAUKRI","Java Developer-react","Cloudxtreme","Hyderabad, Bengaluru, Chennai","SKIPPED","https://www.naukri.com/job-listings-java-developer-react-cloudxtreme-hyderabad-chennai-bengaluru-8-to-13-years-040926922754","","unknown_state"
"job_1790855847143_h3qfb","1/10/2026, 5:27:27 pm","NAUKRI","Java Developer","Cloudxtreme","Hyderabad, Bengaluru, Chennai","SKIPPED","https://www.naukri.com/job-listings-java-developer-cloudxtreme-hyderabad-chennai-bengaluru-10-to-20-years-040926922722","","unknown_state"
"job_1790855847143_yp4su","1/10/2026, 5:27:27 pm","NAUKRI","Java Developer","Cognizant","Hyderabad, Bengaluru, Chennai","SKIPPED","https://www.naukri.com/job-listings-java-developer-cognizant-hyderabad-chennai-bengaluru-6-to-11-years-040926029205","","unknown_state"
"job_1790855847143_89xsn","1/10/2026, 5:27:27 pm","NAUKRI","Java Developer with React","Cloudxtreme","Hyderabad, Bengaluru, Chennai","SKIPPED","https://www.naukri.com/job-listings-java-developer-with-react-cloudxtreme-hyderabad-chennai-bengaluru-6-to-11-years-040926927391","","unknown_state"
"job_1790855847143_fyddx","1/10/2026, 5:27:27 pm","NAUKRI","Java Developer*","Cloudxtreme","Mumbai (All Areas), Bengaluru, Gurugram","SKIPPED","https://www.naukri.com/job-listings-java-developer-cloudxtreme-gurugram-bengaluru-mumbai-all-areas-6-to-11-years-040926927242","","unknown_state"
"job_1790855847144_l66j2","1/10/2026, 5:27:27 pm","NAUKRI","Java Developer","Cloudxtreme","Mumbai (All Areas), Bengaluru","SKIPPED","https://www.naukri.com/job-listings-java-developer-cloudxtreme-bengaluru-mumbai-all-areas-7-to-12-years-040926925813","","unknown_state"
"job_1790855847144_a038v","1/10/2026, 5:27:27 pm","NAUKRI","Java Developer","Mphasis","Hyderabad, Bengaluru, Chennai","SKIPPED","https://www.naukri.com/job-listings-java-developer-mphasis-hyderabad-chennai-bengaluru-7-to-12-years-040926925590","","unknown_state"
"job_1790855847144_a6abq","1/10/2026, 5:27:27 pm","NAUKRI","Java Developer","Cloudxtreme","Hyderabad, Bengaluru","SKIPPED","https://www.naukri.com/job-listings-java-developer-cloudxtreme-hyderabad-bengaluru-7-to-12-years-040926924727","","unknown_state"
"job_1790855847144_9t234","1/10/2026, 5:27:27 pm","NAUKRI","Java Developer","Cloudxtreme","Hyderabad, Bengaluru, Chennai","SKIPPED","https://www.naukri.com/job-listings-java-developer-cloudxtreme-hyderabad-chennai-bengaluru-8-to-12-years-040926924481","","unknown_state"
"job_1790855847144_gskqt","1/10/2026, 5:27:27 pm","NAUKRI","Java Developer","Cloudxtreme","Hyderabad, Bengaluru, Chennai","SKIPPED","https://www.naukri.com/job-listings-java-developer-cloudxtreme-hyderabad-chennai-bengaluru-6-to-9-years-040926923087","","unknown_state"
"job_1790855847145_34i93","1/10/2026, 5:27:27 pm","NAUKRI","Java Developer","Orcapod Consulting Services","Mumbai, Bengaluru","SKIPPED","https://www.naukri.com/job-listings-java-developer-orcapod-consulting-services-mumbai-bengaluru-5-to-10-years-050926014330","","unknown_state"
"job_1790855847145_i779w","1/10/2026, 5:27:27 pm","NAUKRI","Java Developer","MNC Clinet","Hybrid - Hyderabad, Bengaluru, Chennai","SKIPPED","https://www.naukri.com/job-listings-java-developer-cloudxtreme-hyderabad-chennai-bengaluru-4-to-9-years-040926928124","","unknown_state"
"job_1790855847145_ndt3q","1/10/2026, 5:27:27 pm","NAUKRI","Java Developer-react","Cloudxtreme","Hyderabad, Bengaluru, Chennai","SKIPPED","https://www.naukri.com/job-listings-java-developer-react-cloudxtreme-hyderabad-chennai-bengaluru-5-to-8-years-040926927142","","unknown_state"
"job_1790855847145_1flcu","1/10/2026, 5:27:27 pm","NAUKRI","Java Developer","MNC company","Hyderabad, Bengaluru, Chennai","SKIPPED","https://www.naukri.com/job-listings-java-developer-mnc-company-hyderabad-chennai-bengaluru-4-to-8-years-040926927963","","unknown_state"
"job_1790855847146_0tqle","1/10/2026, 5:27:27 pm","NAUKRI","Java Developer","CloudxtremeTechnologies","Hybrid - Hyderabad, Bengaluru, Chennai","SKIPPED","https://www.naukri.com/job-listings-java-developer-cloudxtremetechnologies-hyderabad-chennai-bengaluru-6-to-11-years-040926927924","","unknown_state"
"job_1790855847146_8q8bc","1/10/2026, 5:27:27 pm","NAUKRI","Java Developer","Cloudxtreme","Hybrid - Hyderabad, Bengaluru, Chennai","SKIPPED","https://www.naukri.com/job-listings-java-developer-cloudxtreme-hyderabad-chennai-bengaluru-8-to-12-years-040926927865","","unknown_state"
"job_1790855847146_k472b","1/10/2026, 5:27:27 pm","NAUKRI","Java Developer","Cloudxtreme","Hyderabad, Bengaluru, Chennai","SKIPPED","https://www.naukri.com/job-listings-java-developer-cloudxtreme-hyderabad-chennai-bengaluru-8-to-13-years-040926927851","","unknown_state"
"job_1790855847146_doosx","1/10/2026, 5:27:27 pm","NAUKRI","Java Developer","Cloudxtreme","Hyderabad, Bengaluru, Chennai","SKIPPED","https://www.naukri.com/job-listings-java-developer-cloudxtreme-hyderabad-chennai-bengaluru-6-to-10-years-040926922739","","unknown_state"
"job_1790855847147_x8vdw","1/10/2026, 5:27:27 pm","NAUKRI","Java Developer","orcapod consulting services private limited","Hyderabad, Bengaluru","SKIPPED","https://www.naukri.com/job-listings-java-developer-orcapod-consulting-services-hyderabad-bengaluru-5-to-10-years-030926031874","","unknown_state"
"job_1790855847147_d0nh0","1/10/2026, 5:27:27 pm","NAUKRI","Java Developer Big Query","Perfect Job Accord","Hyderabad, Bengaluru, Chennai","SKIPPED","https://www.naukri.com/job-listings-java-developer-big-query-perfect-accord-hyderabad-chennai-bengaluru-6-to-12-years-030926014114","","unknown_state"
"job_1790855847147_lehtv","1/10/2026, 5:27:27 pm","NAUKRI","Java Developer","Infosys","Bengaluru","SKIPPED","https://www.naukri.com/job-listings-java-developer-infosys-limited-bengaluru-3-to-5-years-170826920077","","unknown_state"
"job_1790855847148_aqev4","1/10/2026, 5:27:27 pm","NAUKRI","Java Developer","Infosys","Bengaluru","SKIPPED","https://www.naukri.com/job-listings-java-developer-infosys-limited-bengaluru-3-to-5-years-010726930384","","unknown_state"
"job_1790855847148_mbgxw","1/10/2026, 5:27:27 pm","NAUKRI","Java Developer with Telecom","Amantya Technologies","Mumbai (All Areas), Bengaluru, Gurugram","SKIPPED","https://www.naukri.com/job-listings-java-developer-with-telecom-amantya-technologies-gurugram-bengaluru-mumbai-all-areas-4-to-9-years-310826002766","","unknown_state"
"job_1790855847148_9o6v9","1/10/2026, 5:27:27 pm","NAUKRI","Java Developer-Apache Camel","Capgemini","Hybrid - Mumbai (All Areas), Bengaluru","SKIPPED","https://www.naukri.com/job-listings-java-developer-apache-camel-capgemini-bengaluru-mumbai-all-areas-6-to-9-years-010926029199","","unknown_state"
"job_1790855847148_thwtf","1/10/2026, 5:27:27 pm","NAUKRI","Java Developer - Fresher","Sequretek It Solutions","Bengaluru","SKIPPED","https://www.naukri.com/job-listings-java-developer-fresher-sequretek-it-solutions-bengaluru-0-to-1-years-020926030537","","unknown_state"
"job_1790855847149_4edh7","1/10/2026, 5:27:27 pm","NAUKRI","Java Developer (Pan India).","Infosys","Mumbai (All Areas), Bengaluru, Pune","SKIPPED","https://www.naukri.com/job-listings-java-developer-pan-india-infosys-pune-bengaluru-mumbai-all-areas-5-to-9-years-100325000953","","unknown_state"
"job_1790855847149_boj68","1/10/2026, 5:27:27 pm","NAUKRI","Java Full Stack Developer","Tata Consultancy Services","Hyderabad","SKIPPED","https://www.naukri.com/job-listings-java-full-stack-developer-tata-consultancy-services-hyderabad-6-to-10-years-080926024794","","unknown_state"
"job_1790855847149_gsoex","1/10/2026, 5:27:27 pm","NAUKRI","Walk-in || Java Backend Developer/Java Full Stack Developer","Hexaware Technologies","Hyderabad, Bengaluru","SKIPPED","https://www.naukri.com/job-listings-java-backend-developer-java-full-stack-developer-hexaware-technologies-hyderabad-bengaluru-6-to-11-years-060526014246","","no_apply_button"
"job_1790855847149_x2pk9","1/10/2026, 5:27:27 pm","NAUKRI","Java Full Stack Developer Lead","AVK Tech Solution","Hyderabad","SKIPPED","https://www.naukri.com/job-listings-java-full-stack-developer-lead-avk-tech-solution-hyderabad-7-to-12-years-070926902759","","unknown_state"
"job_1790855847149_4hsy0","1/10/2026, 5:27:27 pm","NAUKRI","Java Full Stack Developer","Tata Consultancy Services","Hyderabad, Chennai, Bengaluru","SKIPPED","https://www.naukri.com/job-listings-java-full-stack-developer-tata-consultancy-services-hyderabad-chennai-bengaluru-5-to-10-years-070926033351","","unknown_state"
"job_1790855847150_e34re","1/10/2026, 5:27:27 pm","NAUKRI","Java Full Stack Developer","Swift It Staffing","Hyderabad, Bengaluru","SKIPPED","https://www.naukri.com/job-listings-java-full-stack-developer-swift-it-staffing-hyderabad-bengaluru-4-to-8-years-070926005265","","chatbot_unknown"
"job_1790855847150_jb5cw","1/10/2026, 5:27:27 pm","NAUKRI","Java Full Stack Developer","CGI","Hyderabad","SKIPPED","https://www.naukri.com/job-listings-java-full-stack-developer-talent21-hyderabad-6-to-8-years-090926011421","","chatbot_unknown"
"job_1790855847150_c1gtr","1/10/2026, 5:27:27 pm","NAUKRI","Java Full Stack Developer","Synechron","Hybrid - Hyderabad, Bengaluru","SKIPPED","https://www.naukri.com/job-listings-java-full-stack-developer-synechron-hyderabad-bengaluru-4-to-9-years-080926017296","","unknown_state"
"job_1790855847150_hg8at","1/10/2026, 5:27:27 pm","NAUKRI","Java Full Stack Developer","CGI","Hybrid - Hyderabad, Chennai, Bengaluru","SKIPPED","https://www.naukri.com/job-listings-java-full-stack-developer-cgi-hyderabad-chennai-bengaluru-5-to-9-years-070926028947","","unknown_state"
"job_1790855847150_cz3pg","1/10/2026, 5:27:27 pm","NAUKRI","Java Full Stack Developer","Cloudxtreme","Hybrid - Hyderabad, Mumbai (All Areas), Chennai","SKIPPED","https://www.naukri.com/job-listings-java-full-stack-developer-cloudxtreme-hyderabad-chennai-mumbai-all-areas-5-to-10-years-040926922528","","unknown_state"
"job_1790855847150_y82px","1/10/2026, 5:27:27 pm","NAUKRI","Java Full Stack Developer","Intellics Global Services","Hybrid - Hyderabad, Pune, Bengaluru","SKIPPED","https://www.naukri.com/job-listings-java-full-stack-developer-intellics-global-services-hyderabad-pune-bengaluru-5-to-8-years-080926026339","","unknown_state"
"job_1790855847151_srswj","1/10/2026, 5:27:27 pm","NAUKRI","Walk-in || Java Full Stack Developer","Hexaware Technologies","Hyderabad","SKIPPED","https://www.naukri.com/job-listings-java-full-stack-developer-hexaware-technologies-hyderabad-6-to-11-years-250826031666","","no_apply_button"
"job_1790855847151_gyxwo","1/10/2026, 5:27:27 pm","NAUKRI","Senior Java Full Stack Developer/Tech Lead","Coforge","Hybrid - Hyderabad","SKIPPED","https://www.naukri.com/job-listings-senior-java-full-stack-developer-tech-lead-coforge-hyderabad-5-to-10-years-080926029506","","chatbot_unknown"
"job_1790855847151_w4jyt","1/10/2026, 5:27:27 pm","NAUKRI","Java Full Stack Developer","E4 Software Services","Hyderabad","SKIPPED","https://www.naukri.com/job-listings-java-full-stack-developer-e4-software-services-hyderabad-7-to-10-years-030926033321","","unknown_state"
"job_1790855847151_5k0yx","1/10/2026, 5:27:27 pm","NAUKRI","Java Full Stack Developer","Tata Consultancy Services","Hyderabad, Pune, Bengaluru","SKIPPED","https://www.naukri.com/job-listings-java-full-stack-developer-tata-consultancy-services-hyderabad-pune-bengaluru-4-to-9-years-080926000148","","chatbot_unknown"
"job_1790855847152_oeuwq","1/10/2026, 5:27:27 pm","NAUKRI","Senior Java Full Stack Developer (AWS)","Tata Consultancy Services","Hyderabad, Pune, Chennai","SKIPPED","https://www.naukri.com/job-listings-senior-java-full-stack-developer-aws-tata-consultancy-services-hyderabad-pune-chennai-7-to-10-years-180826028335","","chatbot_unknown"
"job_1790855847152_2eqs4","1/10/2026, 5:27:27 pm","NAUKRI","Java Full Stack Developer","Kumaran Systems","Hybrid - Hyderabad","SKIPPED","https://www.naukri.com/job-listings-java-full-stack-developer-kumaran-systems-hyderabad-5-to-10-years-140826029660","","unknown_state"
"job_1790855847152_scyf1","1/10/2026, 5:27:27 pm","NAUKRI","Java Full Stack Developer","Cloudxtreme","Hyderabad, Bengaluru","SKIPPED","https://www.naukri.com/job-listings-java-full-stack-developer-cloudxtreme-hyderabad-bengaluru-5-to-8-years-100826015434","","unknown_state"
"job_1790855847152_jws5l","1/10/2026, 5:27:27 pm","NAUKRI","Java Full Stack Developer","Sdkm Solutions","Remote","SKIPPED","https://www.naukri.com/job-listings-java-full-stack-developer-sdkm-solutions-hyderabad-6-to-11-years-170826014686","","unknown_state"
"job_1790855847152_aiz6r","1/10/2026, 5:27:27 pm","NAUKRI","AWS Java Full Stack Developer - PAN India","Tata Consultancy Services","Hyderabad, Pune, Bengaluru","SKIPPED","https://www.naukri.com/job-listings-aws-java-full-stack-developer-pan-india-tata-consultancy-services-hyderabad-pune-bengaluru-8-to-12-years-100826009589","","chatbot_unknown"
"job_1790855847153_h8aqu","1/10/2026, 5:27:27 pm","NAUKRI","SFCC full stack developer","Infosys","Hyderabad","SKIPPED","https://www.naukri.com/job-listings-sfcc-full-stack-developer-infosys-limited-hyderabad-2-to-3-years-070926918393","","unknown_state"
"job_1790855847153_69cwm","1/10/2026, 5:27:27 pm","NAUKRI","Java Backend Developer-S","Infosys","Hybrid - Hyderabad, Pune, Bengaluru","SKIPPED","https://www.naukri.com/job-listings-java-backend-developer-s-infosys-hyderabad-pune-bengaluru-2-to-7-years-240826031640","","chatbot_unknown"
"job_1790855847153_32vsx","1/10/2026, 5:27:27 pm","NAUKRI","Software-Java Developer","Creative Hands HR","Hyderabad, Chennai, Bengaluru","SKIPPED","https://www.naukri.com/job-listings-software-java-developer-creative-hands-hr-hyderabad-chennai-bengaluru-0-to-5-years-070926003165","","unknown_state"
"job_1790855847153_jbiw0","1/10/2026, 5:27:27 pm","NAUKRI","Walk-in || Java Full Stack Developer","Surge Technology Solutions","Hyderabad","SKIPPED","https://www.naukri.com/job-listings-java-full-stack-developer-surge-technology-solutions-hyderabad-4-to-9-years-080926030403","","no_apply_button"
"job_1790855847154_x9rv3","1/10/2026, 5:27:27 pm","NAUKRI","Java Developer","Winjit Technologies","Hyderabad, Mumbai, Chennai","SKIPPED","https://www.naukri.com/job-listings-java-developer-winjit-technologies-mumbai-hyderabad-chennai-3-to-8-years-080926027006","","unknown_state"
"job_1790855847154_pb5sf","1/10/2026, 5:27:27 pm","NAUKRI","Java FullStack Developer (React)","Luxoft","Hyderabad","SKIPPED","https://www.naukri.com/job-listings-java-fullstack-developer-react-luxoft-india-llp-hyderabad-5-to-10-years-070926915040","","unknown_state"
"job_1790855847154_18by9","1/10/2026, 5:27:27 pm","NAUKRI","Java Full Stack Developer","MNR Solutions","Hybrid - Hyderabad, Navi Mumbai, Pune, Coimbatore, Bengaluru","SKIPPED","https://www.naukri.com/job-listings-java-full-stack-developer-mnr-solutions-hyderabad-navi-mumbai-pune-coimbatore-bengaluru-5-to-10-years-070926025093","","unknown_state"
"job_1790855847154_bzu57","1/10/2026, 5:27:27 pm","NAUKRI","Full Stack Developer (Angular + Java)","Solugenix","Hyderabad, Indore, Bengaluru","SKIPPED","https://www.naukri.com/job-listings-full-stack-developer-angular-java-solugenix-indore-hyderabad-bengaluru-3-to-6-years-080926034237","","unknown_state"
"job_1790855847154_qx29o","1/10/2026, 5:27:27 pm","NAUKRI","Software Engineer","Hackajob","Hybrid - Hyderabad, Bhubaneswar, Kolkata","SKIPPED","https://www.naukri.com/job-listings-software-engineer-hackajob-bhubaneswar-kolkata-hyderabad-4-to-9-years-070926014886","","unknown_state"
"job_1790855847155_wnvht","1/10/2026, 5:27:27 pm","NAUKRI","Walk In Drive For Java Developer - Hyderabad","Cotiviti","Hybrid - Hyderabad","SKIPPED","https://www.naukri.com/job-listings-walk-in-drive-for-java-developer-hyderabad-cotiviti-hyderabad-3-to-6-years-070926031571","","no_apply_button"
"job_1790855847155_6cnyx","1/10/2026, 5:27:27 pm","NAUKRI","Java Full Stack - Manager","PwC","Hybrid - Hyderabad, Mumbai (All Areas), Bengaluru","SKIPPED","https://www.naukri.com/job-listings-java-full-stack-manager-pwc-hyderabad-bengaluru-mumbai-all-areas-9-to-13-years-080926024769","","chatbot_unknown"
"job_1790855847156_spdnx","1/10/2026, 5:27:27 pm","NAUKRI","Senior Full Stack Develope Java, Spring Boot, RESTful APIs, SQL/NoSQL","Tata Consultancy Services","Hyderabad, Mumbai (All Areas), Bengaluru","SKIPPED","https://www.naukri.com/job-listings-senior-full-stack-develope-java-spring-boot-restful-apis-sql-nosql-tata-consultancy-services-hyderabad-bengaluru-mumbai-all-areas-7-to-11-years-080926015984","","unknown_state"
"job_1790855847156_6x0td","1/10/2026, 5:27:27 pm","NAUKRI","JAVA Developer / Senior JAVA Developer","NetM Corporate Solutions","Hybrid - Hyderabad, India, Bengaluru","SKIPPED","https://www.naukri.com/job-listings-java-developer-senior-java-developer-netm-corporate-solutions-hyderabad-bengaluru-india-4-to-8-years-080926032758","","unknown_state"
"job_1790855847157_aynlm","1/10/2026, 5:27:27 pm","NAUKRI","Senior Java FullStack Developer","Luxoft","Hyderabad","SKIPPED","https://www.naukri.com/job-listings-senior-java-fullstack-developer-luxoft-india-llp-hyderabad-5-to-10-years-070926915075","","unknown_state"
"job_1790855847157_l7gsh","1/10/2026, 5:27:27 pm","NAUKRI","Senior Full stack Developer with AI assisted coding","Luxoft","Hyderabad","SKIPPED","https://www.naukri.com/job-listings-senior-full-stack-developer-with-ai-assisted-coding-luxoft-india-llp-hyderabad-8-to-13-years-070926913413","","unknown_state"
"job_1790855847157_xtb5a","1/10/2026, 5:27:27 pm","NAUKRI","Full Stack Developer (Java + React + AWS)","Tata Consultancy Services","Hyderabad, Poland, Bengaluru","SKIPPED","https://www.naukri.com/job-listings-full-stack-developer-java-react-aws-tata-consultancy-services-hyderabad-bengaluru-poland-5-to-9-years-080926015620","","unknown_state"
"job_1790855847157_bn9na","1/10/2026, 5:27:27 pm","NAUKRI","JAVA Developer-INF (2 - 9) YRS","Infosys","Hyderabad, Chennai, Bengaluru","SKIPPED","https://www.naukri.com/job-listings-java-developer-inf-2-9-yrs-infosys-hyderabad-chennai-bengaluru-2-to-7-years-070926029541","","unknown_state"
"job_1790855847157_aclc7","1/10/2026, 5:27:27 pm","NAUKRI","Senior Software Engineer - JAVA, Microservices, AWS","CGI","Hyderabad","SKIPPED","https://www.naukri.com/job-listings-senior-software-engineer-java-microservices-aws-cgi-information-systems-and-management-consultants-hyderabad-8-to-13-years-070926913795","","unknown_state"
"job_1790855847158_scj63","1/10/2026, 5:27:27 pm","NAUKRI","Fullstack Developer","Infosys","Hyderabad","SKIPPED","https://www.naukri.com/job-listings-fullstack-developer-infosys-limited-hyderabad-3-to-5-years-070926918457","","unknown_state"
"job_1790855847158_oaz5e","1/10/2026, 5:27:27 pm","NAUKRI","Lead and Senior Lead Software Engineer","Virtusa","Hybrid - Hyderabad, Chennai, Bengaluru","SKIPPED","https://www.naukri.com/job-listings-lead-and-senior-lead-software-engineer-virtusa-hyderabad-chennai-bengaluru-5-to-10-years-080926028281","","unknown_state"
"job_1790855847158_dcy9n","1/10/2026, 5:27:27 pm","NAUKRI","Java Full Stack Developer(Angular)","Infosys","Hybrid - Hyderabad, Chennai, Bengaluru","SKIPPED","https://www.naukri.com/job-listings-java-full-stack-developer-angular-infosys-hyderabad-chennai-bengaluru-2-to-5-years-020726025169","","already_applied"
"job_1790855847159_8dmy2","1/10/2026, 5:27:27 pm","NAUKRI","Java Developer react or angular","Infosys","Hybrid - Hyderabad, Pune, Chennai","SKIPPED","https://www.naukri.com/job-listings-java-developer-react-or-angular-infosys-hyderabad-pune-chennai-2-to-3-years-100826001352","","unknown_state"
"job_1790855847159_nzmmj","1/10/2026, 5:27:27 pm","NAUKRI","Java Full Stack Developer - Pan India","Infosys","Hybrid - Hyderabad, Mumbai (All Areas), Bengaluru","SKIPPED","https://www.naukri.com/job-listings-java-full-stack-developer-pan-india-infosys-hyderabad-bengaluru-mumbai-all-areas-9-to-14-years-090926035823","","unknown_state"
"job_1790855847159_1a6if","1/10/2026, 5:27:27 pm","NAUKRI","Java Full Stack Developer","Notus Services","Hyderabad","SKIPPED","https://www.naukri.com/job-listings-java-full-stack-developer-notus-services-hyderabad-8-to-13-years-090926031463","","unknown_state"
"job_1790855847159_tb8mr","1/10/2026, 5:27:27 pm","NAUKRI","Java Full Stack Developer","Cognizant","Hybrid - Hyderabad, Chennai, Bengaluru","SKIPPED","https://www.naukri.com/job-listings-java-full-stack-developer-cognizant-hyderabad-chennai-bengaluru-6-to-9-years-090926028167","","unknown_state"
"job_1790855847159_sp7u3","1/10/2026, 5:27:27 pm","NAUKRI","NBBL - Senior Lead Java Developer","National Payments Corporation of India (NPCI)","Hyderabad(Narsingi), Mumbai (All Areas)(Goregaon), Chennai(Siruseri Sipcot IT Park)","SKIPPED","https://www.naukri.com/job-listings-nbbl-senior-lead-java-developer-national-payments-corporation-of-india-npci-hyderabad-chennai-mumbai-all-areas-11-to-16-years-090926028940","","chatbot_unknown"
"job_1790855847160_t6rsp","1/10/2026, 5:27:27 pm","NAUKRI","Java Angular Developer (Bangalore)","Infosys","Hybrid - Hyderabad, Chennai, Bengaluru","SKIPPED","https://www.naukri.com/job-listings-java-angular-developer-bangalore-infosys-hyderabad-chennai-bengaluru-3-to-8-years-261025003519","","unknown_state"
"job_1790855847160_45d8k","1/10/2026, 5:27:27 pm","NAUKRI","Java Production support","Infosys","Hyderabad","SKIPPED","https://www.naukri.com/job-listings-java-production-support-infosys-hyderabad-3-to-8-years-100526005703","","chatbot_unknown"
"job_1790855847160_4ahsl","1/10/2026, 5:27:27 pm","NAUKRI","Java Spring boot Microse (2-9 years)","Infosys","Hybrid - Hyderabad, Chennai, Bengaluru","SKIPPED","https://www.naukri.com/job-listings-java-spring-boot-microse-2-9-years-infosys-hyderabad-chennai-bengaluru-2-to-7-years-090926034257","","unknown_state"
"job_1790855847160_j4ldn","1/10/2026, 5:27:27 pm","NAUKRI","Java Spring boot Microservice (3-15 years)","Infosys","Hybrid - Hyderabad, Chennai, Bengaluru","SKIPPED","https://www.naukri.com/job-listings-java-spring-boot-microservice-3-15-years-infosys-hyderabad-chennai-bengaluru-3-to-8-years-030826024159","","unknown_state"
"job_1790855847160_4qfr2","1/10/2026, 5:27:27 pm","NAUKRI","Java Full Stack Developer","Infosys","Hybrid - Hyderabad, Pune, Bengaluru","SKIPPED","https://www.naukri.com/job-listings-java-full-stack-developer-infosys-hyderabad-pune-bengaluru-2-to-3-years-070826008760","","unknown_state"
"job_1790855847161_glay9","1/10/2026, 5:27:27 pm","NAUKRI","Java Full Stack Developer/ Java Backend Developer","Virtusa","Hybrid - Hyderabad, Chennai","SKIPPED","https://www.naukri.com/job-listings-java-full-stack-developer-java-backend-developer-virtusa-hyderabad-chennai-6-to-10-years-270726012706","","unknown_state"
"job_1790855847161_b2dr5","1/10/2026, 5:27:27 pm","NAUKRI","Java Full Stack Developer","Infosys","Hybrid - Hyderabad, Pune, Bengaluru","SKIPPED","https://www.naukri.com/job-listings-java-full-stack-developer-infosys-hyderabad-pune-bengaluru-4-to-9-years-030826024423","","chatbot_unknown"
"job_1790855847161_alx2j","1/10/2026, 5:27:27 pm","NAUKRI","Walk-in || Java Developer","Hexaware Technologies","Hyderabad, Bengaluru","SKIPPED","https://www.naukri.com/job-listings-java-developer-hexaware-technologies-hyderabad-bengaluru-5-to-9-years-080926015126","","no_apply_button"
"job_1790855847161_sjuol","1/10/2026, 5:27:27 pm","NAUKRI","Fullstack Developer","Cloudxtreme","Hybrid - Hyderabad","SKIPPED","https://www.naukri.com/job-listings-fullstack-developer-cloudxtreme-hyderabad-7-to-12-years-040926923278","","unknown_state"
"job_1790855847161_pwi33","1/10/2026, 5:27:27 pm","NAUKRI","Java Developer react or angular","Infosys","Hybrid - Hyderabad, Pune, Chennai","SKIPPED","https://www.naukri.com/job-listings-java-developer-react-or-angular-infosys-hyderabad-pune-chennai-2-to-3-years-230726034459","","unknown_state"
"job_1790855847161_sl5xw","1/10/2026, 5:27:27 pm","NAUKRI","Senior Software Engineer","Phenom People","Hyderabad, Visakhapatnam","SKIPPED","https://www.naukri.com/job-listings-senior-software-engineer-phenom-people-visakhapatnam-hyderabad-4-to-6-years-080926007968","","chatbot_unknown"
"job_1790855847162_idurf","1/10/2026, 5:27:27 pm","NAUKRI","Java Fullstack","Infosys","Hyderabad, Mumbai (All Areas), Bengaluru","SKIPPED","https://www.naukri.com/job-listings-java-fullstack-infosys-hyderabad-bengaluru-mumbai-all-areas-5-to-10-years-290826009597","","unknown_state"
"job_1790855847162_616m5","1/10/2026, 5:27:27 pm","NAUKRI","Java Full Stack Technical Lead","Tata Consultancy Services","Hyderabad, Bengaluru","SKIPPED","https://www.naukri.com/job-listings-java-full-stack-technical-lead-tata-consultancy-services-hyderabad-bengaluru-12-to-15-years-080926016124","","chatbot_unknown"
"job_1790855847162_y4ehv","1/10/2026, 5:27:27 pm","NAUKRI","Java Developer","Tata Consultancy Services","Hyderabad, Chennai, Bengaluru","SKIPPED","https://www.naukri.com/job-listings-java-developer-tata-consultancy-services-hyderabad-chennai-bengaluru-8-to-11-years-090926024684","","chatbot_unknown"
"job_1790855847162_9gu74","1/10/2026, 5:27:27 pm","NAUKRI","Gen AI JAVA Developer","Birlasoft","Hybrid - Hyderabad, Noida, Bengaluru","SKIPPED","https://www.naukri.com/job-listings-gen-ai-java-developer-birlasoft-noida-hyderabad-bengaluru-4-to-9-years-080926025945","","unknown_state"
"job_1790855847162_edcu7","1/10/2026, 5:27:27 pm","NAUKRI","Japanese Language Java Developer","Cloudxtreme","Hyderabad, Pune, Bengaluru","SKIPPED","https://www.naukri.com/job-listings-japanese-language-java-developer-cloudxtreme-hyderabad-pune-bengaluru-3-to-8-years-040926922884","","unknown_state"
"job_1790855847162_xqjio","1/10/2026, 5:27:27 pm","NAUKRI","Java Developer","Tata Consultancy Services","Hyderabad","SKIPPED","https://www.naukri.com/job-listings-java-developer-tata-consultancy-services-hyderabad-6-to-10-years-080926024686","","unknown_state"
"job_1790855847163_eo8si","1/10/2026, 5:27:27 pm","NAUKRI","Java Developer","Cloudxtreme","Hyderabad, Kochi, Chennai","SKIPPED","https://www.naukri.com/job-listings-java-developer-cloudxtreme-kochi-hyderabad-chennai-6-to-11-years-040926927128","","unknown_state"
"job_1790855847163_qrtr3","1/10/2026, 5:27:27 pm","NAUKRI","Java Developer","Artizent Infosolutions","Hyderabad, Pune, Bengaluru","SKIPPED","https://www.naukri.com/job-listings-java-developer-artizent-infosolutions-hyderabad-pune-bengaluru-7-to-12-years-090926034532","","unknown_state"
"job_1790855847163_cyalp","1/10/2026, 5:27:27 pm","NAUKRI","Java Developer","Infosys","Hybrid - Hyderabad, Pune, Bengaluru","SKIPPED","https://www.naukri.com/job-listings-java-developer-infosys-hyderabad-pune-bengaluru-4-to-9-years-090926031796","","chatbot_unknown"
"job_1790855847163_w4vw9","1/10/2026, 5:27:27 pm","NAUKRI","Java Developer","Cloudxtreme","Hyderabad","SKIPPED","https://www.naukri.com/job-listings-java-developer-cloudxtreme-hyderabad-7-to-12-years-040926927700","","unknown_state"
"job_1790855847164_vatsl","1/10/2026, 5:27:27 pm","NAUKRI","Java Developer","Cloudxtreme","Hyderabad","SKIPPED","https://www.naukri.com/job-listings-java-developer-cloudxtreme-hyderabad-4-to-9-years-040926927483","","unknown_state"
"job_1790855847164_2b5fk","1/10/2026, 5:27:27 pm","NAUKRI","Java Developer","Cloudxtreme","Hyderabad","SKIPPED","https://www.naukri.com/job-listings-java-developer-cloudxtreme-hyderabad-7-to-12-years-040926923038","","unknown_state"
"job_1790855847164_hx79n","1/10/2026, 5:27:27 pm","NAUKRI","Java Developer","Msys Inc","Hybrid - Hyderabad","SKIPPED","https://www.naukri.com/job-listings-java-developer-msys-softsol-hyderabad-9-to-14-years-040926013737","","chatbot_unknown"
"job_1790855847164_ddtyc","1/10/2026, 5:27:27 pm","NAUKRI","Java Developer","Tech Mahindra","Hybrid - Hyderabad, Pune, Bengaluru","SKIPPED","https://www.naukri.com/job-listings-java-developer-tech-mahindra-hyderabad-pune-bengaluru-5-to-10-years-090926036174","","unknown_state"
"job_1790855847165_7d6c8","1/10/2026, 5:27:27 pm","NAUKRI","Java Developer","Tata Consultancy Services","Hyderabad, Chennai, Bengaluru","SKIPPED","https://www.naukri.com/job-listings-java-developer-tata-consultancy-services-hyderabad-chennai-bengaluru-5-to-10-years-070926033460","","unknown_state"
"job_1790855847165_gg87w","1/10/2026, 5:27:27 pm","NAUKRI","Java Developer","Tata Consultancy Services","Hyderabad, Chennai, Bengaluru","SKIPPED","https://www.naukri.com/job-listings-java-developer-tata-consultancy-services-hyderabad-chennai-bengaluru-5-to-10-years-070926030976","","chatbot_unknown"
"job_1790855847165_1wbhx","1/10/2026, 5:27:27 pm","NAUKRI","Java Developer","Cloudxtreme","Hyderabad","SKIPPED","https://www.naukri.com/job-listings-java-developer-cloudxtreme-hyderabad-7-to-12-years-040926927721","","unknown_state"
"job_1790855847165_5up7g","1/10/2026, 5:27:27 pm","NAUKRI","Java Developer","Cloudxtreme","Hybrid - Hyderabad, Pune","SKIPPED","https://www.naukri.com/job-listings-java-developer-cloudxtreme-hyderabad-pune-4-to-9-years-040926925443","","unknown_state"
"job_1790855847165_l3ogz","1/10/2026, 5:27:27 pm","NAUKRI","Java Developer","Cloudxtreme","Hyderabad, Pune, Chennai","SKIPPED","https://www.naukri.com/job-listings-java-developer-cloudxtreme-hyderabad-pune-chennai-4-to-9-years-040926925438","","unknown_state"
"job_1790855847166_ulh9j","1/10/2026, 5:27:27 pm","NAUKRI","Java Developer","Cloudxtreme","Hybrid - Hyderabad","SKIPPED","https://www.naukri.com/job-listings-java-developer-cloudxtreme-hyderabad-9-to-14-years-040926925110","","unknown_state"
"job_1790855847166_kcxrq","1/10/2026, 5:27:27 pm","NAUKRI","Java Developer","Cloudxtreme","Hyderabad","SKIPPED","https://www.naukri.com/job-listings-java-developer-cloudxtreme-hyderabad-6-to-11-years-040926923155","","unknown_state"
"job_1790855847166_keqxy","1/10/2026, 5:27:27 pm","NAUKRI","Java Developer","Cloudxtreme","Hyderabad","SKIPPED","https://www.naukri.com/job-listings-java-developer-cloudxtreme-hyderabad-8-to-12-years-040926927743","","unknown_state"
"job_1790855847166_d5j99","1/10/2026, 5:27:27 pm","NAUKRI","Java Developer","Cloudxtreme","Hyderabad","SKIPPED","https://www.naukri.com/job-listings-java-developer-cloudxtreme-hyderabad-8-to-13-years-040926927684","","unknown_state"
"job_1790855847166_j89zz","1/10/2026, 5:27:27 pm","NAUKRI","Java Developer","Cloudxtreme","Hybrid - Hyderabad","SKIPPED","https://www.naukri.com/job-listings-java-developer-cloudxtreme-hyderabad-6-to-11-years-040926924128","","unknown_state"
"job_1790855847166_zx24c","1/10/2026, 5:27:27 pm","NAUKRI","Java developer Flink And Java Spark,","Cloudxtreme","Hyderabad","SKIPPED","https://www.naukri.com/job-listings-java-developer-flink-and-java-spark-cloudxtreme-hyderabad-7-to-12-years-040926923177","","unknown_state"
"job_1790855847167_7tyt7","1/10/2026, 5:27:27 pm","NAUKRI","Java Developer","Cloudxtreme","Hyderabad, Chennai, Bengaluru","SKIPPED","https://www.naukri.com/job-listings-java-developer-cloudxtreme-hyderabad-chennai-bengaluru-6-to-11-years-040926927516","","unknown_state"
"job_1790855847167_7pzpy","1/10/2026, 5:27:27 pm","NAUKRI","Java Developer","Cloudxtreme","Hyderabad","SKIPPED","https://www.naukri.com/job-listings-java-developer-cloudxtreme-hyderabad-7-to-12-years-040926927430","","unknown_state"
"job_1790855847167_mun8m","1/10/2026, 5:27:27 pm","NAUKRI","Java Developer","Cloudxtreme","Hybrid - Hyderabad, Chennai, Bengaluru","SKIPPED","https://www.naukri.com/job-listings-java-developer-cloudxtreme-hyderabad-chennai-bengaluru-6-to-11-years-040926926353","","unknown_state"
"job_1790855847168_gsblb","1/10/2026, 5:27:27 pm","NAUKRI","Java Developer","Cloudxtreme","Hyderabad, Chennai, Bengaluru","SKIPPED","https://www.naukri.com/job-listings-java-developer-cloudxtreme-hyderabad-chennai-bengaluru-6-to-11-years-040926926336","","unknown_state"
"job_1790855847169_5vedl","1/10/2026, 5:27:27 pm","NAUKRI","Java Developer","Cloudxtreme","Hyderabad","SKIPPED","https://www.naukri.com/job-listings-java-developer-cloudxtreme-hyderabad-6-to-10-years-040926925165","","unknown_state"
"job_1790855847170_luqvr","1/10/2026, 5:27:27 pm","NAUKRI","Java Developer","Cloudxtreme","Hyderabad, Pune, Bengaluru","SKIPPED","https://www.naukri.com/job-listings-java-developer-cloudxtreme-hyderabad-pune-bengaluru-8-to-13-years-040926924892","","unknown_state"
"job_1790855847170_kipnt","1/10/2026, 5:27:27 pm","NAUKRI","Java Developer","Cloudxtreme","Hyderabad, Bengaluru","SKIPPED","https://www.naukri.com/job-listings-java-developer-cloudxtreme-hyderabad-bengaluru-4-to-9-years-040926924804","","unknown_state"
"job_1790855847170_2p3dq","1/10/2026, 5:27:27 pm","NAUKRI","Java Developer","Cloudxtreme","Hybrid - Hyderabad","SKIPPED","https://www.naukri.com/job-listings-java-developer-cloudxtreme-hyderabad-6-to-10-years-040926924781","","unknown_state"
"job_1790855847171_t8kk1","1/10/2026, 5:27:27 pm","NAUKRI","Java Developer","Cloudxtreme","Hyderabad","SKIPPED","https://www.naukri.com/job-listings-java-developer-cloudxtreme-hyderabad-7-to-9-years-040926924611","","unknown_state"
"job_1790855847171_vloj8","1/10/2026, 5:27:27 pm","NAUKRI","Java Developer","Cloudxtreme","Hybrid - Hyderabad, Pune, Bengaluru","SKIPPED","https://www.naukri.com/job-listings-java-developer-cloudxtreme-hyderabad-pune-bengaluru-6-to-10-years-040926924585","","unknown_state"
"job_1790855847171_w1kzs","1/10/2026, 5:27:27 pm","NAUKRI","Java Developer","Cloudxtreme","Hybrid - Hyderabad, Pune, Bengaluru","SKIPPED","https://www.naukri.com/job-listings-java-developer-cloudxtreme-hyderabad-pune-bengaluru-7-to-12-years-040926923373","","unknown_state"
"job_1790855847171_4ah6f","1/10/2026, 5:27:27 pm","NAUKRI","Java Developer-kafka","Cloudxtreme","Hyderabad, Bengaluru","SKIPPED","https://www.naukri.com/job-listings-java-developer-kafka-cloudxtreme-hyderabad-bengaluru-7-to-12-years-040926922868","","unknown_state"
"job_1790855847171_71dmj","1/10/2026, 5:27:27 pm","NAUKRI","Java Developer","Cloudxtreme","Hybrid - Hyderabad, Bengaluru","SKIPPED","https://www.naukri.com/job-listings-java-developer-cloudxtreme-hyderabad-bengaluru-8-to-13-years-040926922845","","unknown_state"
"job_1790855847172_eokjh","1/10/2026, 5:27:27 pm","NAUKRI","Java Developer","Cloudxtreme","Hybrid - Hyderabad","SKIPPED","https://www.naukri.com/job-listings-java-developer-cloudxtreme-hyderabad-8-to-13-years-040926922844","","unknown_state"
"job_1790855847172_4a7j9","1/10/2026, 5:27:27 pm","NAUKRI","Java Developer","Cloudxtreme","Hybrid - Hyderabad, Chennai, Bengaluru","SKIPPED","https://www.naukri.com/job-listings-java-developer-cloudxtreme-hyderabad-chennai-bengaluru-10-to-15-years-040926922777","","unknown_state"
"job_1790855847172_ky0b4","1/10/2026, 5:27:27 pm","NAUKRI","Java Developer with React","Cloudxtreme","Hybrid - Hyderabad, Chennai, Bengaluru","SKIPPED","https://www.naukri.com/job-listings-java-developer-with-react-cloudxtreme-hyderabad-chennai-bengaluru-8-to-13-years-040926922738","","unknown_state"
"job_1790855847173_cuz8n","1/10/2026, 5:27:27 pm","NAUKRI","Java Developer","Cloudxtreme","Hyderabad, Bengaluru","SKIPPED","https://www.naukri.com/job-listings-java-developer-cloudxtreme-hyderabad-bengaluru-8-to-12-years-040926922257","","unknown_state"
"job_1790855847173_q6p2u","1/10/2026, 5:27:27 pm","NAUKRI","Java Developer + React - Hyderabad","Infosys","Hybrid - Hyderabad","SKIPPED","https://www.naukri.com/job-listings-java-developer-react-hyderabad-infosys-hyderabad-5-to-10-years-280526028400","","unknown_state"
"job_1790855847173_ri2lu","1/10/2026, 5:27:27 pm","NAUKRI","Java Developer","Infosys","Hybrid - Hyderabad, Pune, Bengaluru","SKIPPED","https://www.naukri.com/job-listings-java-developer-infosys-hyderabad-pune-bengaluru-5-to-9-years-080726034693","","unknown_state"
"job_1790855847174_zt0fh","1/10/2026, 5:27:27 pm","NAUKRI","Java Developer","Cloudxtreme","Hyderabad","SKIPPED","https://www.naukri.com/job-listings-java-developer-cloudxtreme-hyderabad-7-to-11-years-040926927523","","unknown_state"
"job_1790855847174_k8d8m","1/10/2026, 5:27:27 pm","NAUKRI","Java Developer","Cloudxtreme","Hyderabad, Chennai, Bengaluru","SKIPPED","https://www.naukri.com/job-listings-java-developer-cloudxtreme-hyderabad-chennai-bengaluru-8-to-13-years-040926925793","","unknown_state"
"job_1790855847174_ege63","1/10/2026, 5:27:27 pm","NAUKRI","Java Developer","Cloudxtreme","Hyderabad, Chennai, Bengaluru","SKIPPED","https://www.naukri.com/job-listings-java-developer-cloudxtreme-hyderabad-chennai-bengaluru-8-to-13-years-040926925040","","unknown_state"
"job_1790855847174_lsuw4","1/10/2026, 5:27:27 pm","NAUKRI","Java Developer","Cloudxtreme","Hyderabad, Bengaluru","SKIPPED","https://www.naukri.com/job-listings-java-developer-cloudxtreme-hyderabad-bengaluru-6-to-10-years-040926923492","","unknown_state"
"job_1790855847175_jmn57","1/10/2026, 5:27:27 pm","NAUKRI","Java Developer","Cloudxtreme","Hyderabad, Bengaluru","SKIPPED","https://www.naukri.com/job-listings-java-developer-cloudxtreme-hyderabad-bengaluru-7-to-12-years-040926923230","","unknown_state"
"job_1790855847175_fxxkt","1/10/2026, 5:27:27 pm","NAUKRI","Java developer + Graph QL(10years)","Cloudxtreme","Hyderabad, Bengaluru, Delhi / NCR","SKIPPED","https://www.naukri.com/job-listings-java-developer-graph-ql-10years-cloudxtreme-hyderabad-bengaluru-delhi-ncr-10-to-18-years-040926922730","","unknown_state"
"job_1790855847175_j4xoq","1/10/2026, 5:27:27 pm","NAUKRI","Java Developer with SRE experience","Techwise Digital","Hybrid - Hyderabad","SKIPPED","https://www.naukri.com/job-listings-java-developer-with-sre-experience-indihire-consultants-hyderabad-4-to-8-years-040926015130","","unknown_state"
"job_1790855847175_n4enf","1/10/2026, 5:27:27 pm","NAUKRI","Java Developer with GraphQL","Cloudxtreme","Hybrid - Hyderabad, Chennai, Bengaluru","SKIPPED","https://www.naukri.com/job-listings-java-developer-with-graphql-cloudxtreme-hyderabad-chennai-bengaluru-10-to-18-years-040926922728","","unknown_state"
"job_1790855847175_lugjq","1/10/2026, 5:27:27 pm","NAUKRI","Java Developer","Cloudxtreme Technologies","Hybrid - Hyderabad, Chennai, Bengaluru","SKIPPED","https://www.naukri.com/job-listings-java-developer-cloudxtreme-hyderabad-chennai-bengaluru-4-to-8-years-040926928137","","unknown_state"
"job_1790855847176_b9mi7","1/10/2026, 5:27:27 pm","NAUKRI","Java Developer","Cloudxtreme Technologies","Hybrid - Hyderabad, Chennai, Bengaluru","SKIPPED","https://www.naukri.com/job-listings-java-developer-cloudxtreme-hyderabad-chennai-bengaluru-4-to-8-years-040926928106","","unknown_state"
"job_1790855847176_5n2bl","1/10/2026, 5:27:27 pm","NAUKRI","Java Developer","Cloudxtreme","Hyderabad, Chennai, Bengaluru","SKIPPED","https://www.naukri.com/job-listings-java-developer-cloudxtreme-hyderabad-chennai-bengaluru-10-to-12-years-040926922725","","unknown_state"
"job_1790855847176_lf8di","1/10/2026, 5:27:27 pm","NAUKRI","Java + React Developer Hyderabad","Cloudxtreme","Hyderabad","SKIPPED","https://www.naukri.com/job-listings-java-react-developer-hyderabad-cloudxtreme-hyderabad-4-to-9-years-040926924549","","unknown_state"
"job_1790855847177_blj3o","1/10/2026, 5:27:27 pm","NAUKRI","Java + Springboot Developer / Lead","Infosys","Hybrid - Hyderabad, Chennai, Bengaluru","SKIPPED","https://www.naukri.com/job-listings-java-springboot-developer-lead-infosys-hyderabad-chennai-bengaluru-6-to-9-years-060326010315","","unknown_state"
"job_1790855847177_g7vy1","1/10/2026, 5:27:27 pm","NAUKRI","java 17 developer","Cloudxtreme","Hybrid - Hyderabad, Bengaluru, Delhi / NCR","SKIPPED","https://www.naukri.com/job-listings-java-17-developer-cloudxtreme-hyderabad-bengaluru-delhi-ncr-6-to-10-years-040926925913","","unknown_state"
"job_1790855847177_8ujng","1/10/2026, 5:27:27 pm","NAUKRI","Software Engineer","Cornerstone","Hyderabad","SKIPPED","https://www.naukri.com/job-listings-software-engineer-cornerstone-ondemand-enterprise-indiaprivate-limited-hyderabad-3-to-4-years-270826927718","","unknown_state"
"job_1790855847177_d7drw","1/10/2026, 5:27:27 pm","NAUKRI","Job | Java React - Fullstack Development at Deloitte","Deloitte US-India Offices","Hyderabad, Chennai, Bengaluru","SKIPPED","https://www.naukri.com/job-listings-java-react-fullstack-development-at-deloitte-deloitte-us-india-offices-hyderabad-chennai-bengaluru-4-to-7-years-190826015588","","unknown_state"
"job_1790855847178_djp3a","1/10/2026, 5:27:27 pm","NAUKRI","Software Engineer","Cloudxtreme technologies","Hyderabad, Pune, Bengaluru","SKIPPED","https://www.naukri.com/job-listings-software-engineer-cloudxtreme-hyderabad-pune-bengaluru-4-to-9-years-040926928127","","unknown_state"
"job_1790855847178_qcx4d","1/10/2026, 5:27:27 pm","NAUKRI","Java + React js. (2-5 Years)","Infosys","Hybrid - Hyderabad, Mumbai (All Areas), Bengaluru","SKIPPED","https://www.naukri.com/job-listings-java-react-js-2-5-years-infosys-hyderabad-bengaluru-mumbai-all-areas-2-to-5-years-080726035644","","unknown_state"
"job_1790855847178_1cza5","1/10/2026, 5:27:27 pm","NAUKRI","Java React fullstack developer","Infosys","Hybrid - Hyderabad, Chennai, Bengaluru","SKIPPED","https://www.naukri.com/job-listings-java-react-fullstack-developer-infosys-hyderabad-chennai-bengaluru-3-to-6-years-180325014134","","unknown_state"
"job_1790855847178_oqlxn","1/10/2026, 5:27:27 pm","NAUKRI","Java React Senior Developer","Infosys","Hybrid - Hyderabad, Chennai, Bengaluru","SKIPPED","https://www.naukri.com/job-listings-java-react-senior-developer-infosys-hyderabad-chennai-bengaluru-3-to-5-years-191125931806","","unknown_state"
"job_1790855847179_vy1qb","1/10/2026, 5:27:27 pm","NAUKRI","React js with java developer","Cloudxtreme","Hyderabad","SKIPPED","https://www.naukri.com/job-listings-react-js-with-java-developer-cloudxtreme-hyderabad-8-to-13-years-040926924778","","unknown_state"
"job_1790855847179_ytwbs","1/10/2026, 5:27:27 pm","NAUKRI","Java React Senior Developer","Infosys","Hyderabad","SKIPPED","https://www.naukri.com/job-listings-java-react-senior-developer-infosys-limited-hyderabad-3-to-5-years-120826935658","","unknown_state"
"job_1790855847179_nsekd","1/10/2026, 5:27:27 pm","NAUKRI","Java React","Cloudxtreme","Hyderabad","SKIPPED","https://www.naukri.com/job-listings-java-react-cloudxtreme-hyderabad-6-to-11-years-040926924773","","unknown_state"
"job_1790855847180_pl561","1/10/2026, 5:27:27 pm","NAUKRI","Java react architect","Cloudxtreme","Hybrid - Hyderabad, Chennai, Bengaluru","SKIPPED","https://www.naukri.com/job-listings-java-react-architect-cloudxtreme-hyderabad-chennai-bengaluru-14-to-19-years-040926922727","","unknown_state"
"job_1790855847180_0xydn","1/10/2026, 5:27:27 pm","NAUKRI","Job Open position For Java React","Capgemini","Hyderabad, Pune, Bengaluru","SKIPPED","https://www.naukri.com/job-listings-open-position-for-java-react-capgemini-hyderabad-pune-bengaluru-5-to-9-years-030926014345","","unknown_state"
"job_1790855847180_a0r3b","1/10/2026, 5:27:27 pm","NAUKRI","Java React Fullstack Lead - Hyd &Blr","Cloudxtreme","Hyderabad, Bengaluru","SKIPPED","https://www.naukri.com/job-listings-java-react-fullstack-lead-hyd-blr-cloudxtreme-hyderabad-bengaluru-7-to-12-years-040926922547","","unknown_state"
"job_1790855847181_abdog","1/10/2026, 5:27:27 pm","NAUKRI","Java React Lead","Cloudxtreme","Hyderabad, Bengaluru","SKIPPED","https://www.naukri.com/job-listings-java-react-lead-cloudxtreme-hyderabad-bengaluru-8-to-13-years-040926922462","","unknown_state"
"job_1790855847182_9dsyf","1/10/2026, 5:27:27 pm","NAUKRI","Java +React Professional","Leading Client","Hyderabad","SKIPPED","https://www.naukri.com/job-listings-java-react-professional-tekskills-india-private-limited-hyderabad-6-to-11-years-180826938455","","unknown_state"
"job_1790855847182_y4xyz","1/10/2026, 5:27:27 pm","NAUKRI","SSSE- Full Stack Java React.js Hyderabad/Chennai -Immediate Joiners","Innova Solutions","Hybrid - Hyderabad, Chennai","SKIPPED","https://www.naukri.com/job-listings-ssse-full-stack-java-react-js-hyderabad-chennai-immediate-joiners-innova-solutions-hyderabad-chennai-5-to-7-years-270826008424","","unknown_state"
"job_1790855847182_nxne4","1/10/2026, 5:27:27 pm","NAUKRI","Java + React.Js - H","Tata Consultancy Services","Hyderabad, Chennai, Bengaluru","SKIPPED","https://www.naukri.com/job-listings-java-react-js-h-tata-consultancy-services-hyderabad-chennai-bengaluru-6-to-11-years-020926018002","","unknown_state"
"job_1790855847183_yo9pd","1/10/2026, 5:27:27 pm","NAUKRI","Java + React Professional","Leading Client","Hyderabad","SKIPPED","https://www.naukri.com/job-listings-java-react-professional-tekskills-india-private-limited-hyderabad-6-to-11-years-180826931119","","unknown_state"
"job_1790855847183_9oqzs","1/10/2026, 5:27:27 pm","NAUKRI","Java React","Cloudxtreme","Hyderabad, Chennai, Bengaluru","SKIPPED","https://www.naukri.com/job-listings-java-react-cloudxtreme-hyderabad-chennai-bengaluru-7-to-9-years-100726006325","","unknown_state"
"job_1790855847184_3qs7y","1/10/2026, 5:27:27 pm","NAUKRI","Senior Software Engineer","Epam Systems","Hyderabad, Pune, Bengaluru","SKIPPED","https://www.naukri.com/job-listings-senior-software-engineer-epam-systems-hyderabad-pune-bengaluru-5-to-10-years-060926004926","","unknown_state"
"job_1790855847184_jbk9h","1/10/2026, 5:27:27 pm","NAUKRI","Lead Software Engineer (Full Stack)","Acedynamiz Solution","Hybrid - Hyderabad","SKIPPED","https://www.naukri.com/job-listings-lead-software-engineer-full-stack-acedynamiz-solutions-hyderabad-8-to-10-years-070926919729","","unknown_state"
"job_1790855847184_2qnvi","1/10/2026, 5:27:27 pm","NAUKRI","Solution Architect – Java Full Stack","Epam Systems","Hyderabad, Chennai, Bengaluru","SKIPPED","https://www.naukri.com/job-listings-solution-architect-java-full-stack-epam-systems-hyderabad-chennai-bengaluru-10-to-13-years-040926019407","","unknown_state"
"job_1790855847184_ajrgo","1/10/2026, 5:27:27 pm","NAUKRI","Java + React Professional","Leading Client","Hyderabad","SKIPPED","https://www.naukri.com/job-listings-java-react-professional-tekskills-india-private-limited-hyderabad-5-to-10-years-180826931688","","unknown_state"
"job_1790855847185_585oj","1/10/2026, 5:27:27 pm","NAUKRI","Java React Lead","Cloudxtreme","Hyderabad, Bengaluru","SKIPPED","https://www.naukri.com/job-listings-java-react-lead-cloudxtreme-hyderabad-bengaluru-11-to-14-years-090726007726","","unknown_state"
"job_1790855847186_7gs4y","1/10/2026, 5:27:27 pm","NAUKRI","Senior Software Developer","Cloudxtreme","Hyderabad, Bengaluru","SKIPPED","https://www.naukri.com/job-listings-senior-software-developer-cloudxtreme-hyderabad-bengaluru-8-to-13-years-040926923467","","unknown_state"
"job_1790855847186_31vx1","1/10/2026, 5:27:27 pm","NAUKRI","Job Open position For Java React","Capgemini","Hybrid - Hyderabad, Pune, Bengaluru","SKIPPED","https://www.naukri.com/job-listings-open-position-for-java-react-capgemini-hyderabad-pune-bengaluru-6-to-11-years-200826028708","","unknown_state"
"job_1790855847186_yngee","1/10/2026, 5:27:27 pm","NAUKRI","Java, React, Blockchain","Tata Consultancy Services","Hyderabad","SKIPPED","https://www.naukri.com/job-listings-java-react-blockchain-tata-consultancy-services-hyderabad-6-to-9-years-170826001628","","unknown_state"
"job_1790855847186_pulnj","1/10/2026, 5:27:27 pm","NAUKRI","Staff Java Full Stack Engineer (Java + React + Typescript )","Sdkm Solutions","Remote","SKIPPED","https://www.naukri.com/job-listings-staff-java-full-stack-engineer-java-react-typescript-sdkm-solutions-hyderabad-8-to-13-years-100826023045","","unknown_state"
"job_1790855847187_shemd","1/10/2026, 5:27:27 pm","NAUKRI","Senior Java FSD ( Java +React)","Sdkm Solutions","Remote","SKIPPED","https://www.naukri.com/job-listings-senior-java-fsd-java-react-sdkm-solutions-hyderabad-6-to-11-years-130826032687","","unknown_state"
"job_1790855847187_pxelx","1/10/2026, 5:27:27 pm","NAUKRI","Senior Java Full stack Developer(Java +React )","Sdkm Solutions","Remote","SKIPPED","https://www.naukri.com/job-listings-senior-java-full-stack-developer-java-react-sdkm-solutions-hyderabad-6-to-10-years-130826030740","","unknown_state"
"job_1790855847187_r1ab0","1/10/2026, 5:27:27 pm","NAUKRI","Java FSD ( Java + React )","Sdkm Solutions","Remote","SKIPPED","https://www.naukri.com/job-listings-java-fsd-java-react-sdkm-solutions-hyderabad-6-to-11-years-120826022190","","unknown_state"
"job_1790855847188_d5w8j","1/10/2026, 5:27:27 pm","NAUKRI","Lead Software Engineer","Optum","Hybrid - Hyderabad","SKIPPED","https://www.naukri.com/job-listings-lead-software-engineer-optum-hyderabad-7-to-10-years-250826026663","","unknown_state"
"job_1790855847188_idmzc","1/10/2026, 5:27:27 pm","NAUKRI","Java Full Stack Developer-Angular/React (3-8 years)","Infosys","Hybrid - Hyderabad, Pune, Chennai","SKIPPED","https://www.naukri.com/job-listings-java-full-stack-developer-angular-react-3-8-years-infosys-hyderabad-pune-chennai-3-to-8-years-100826022879","","unknown_state"
"job_1790855847188_5ml4b","1/10/2026, 5:27:27 pm","NAUKRI","Software Engineer-L4","Ashoka Builders","Hyderabad, Chennai, Bengaluru","SKIPPED","https://www.naukri.com/job-listings-software-engineer-l4-ashoka-builders-hyderabad-chennai-bengaluru-8-to-13-years-120826027587","","unknown_state"
"job_1790855847189_4batj","1/10/2026, 5:27:27 pm","NAUKRI","Software Engineer","Lloyds Technology Centre","Hybrid - Hyderabad","SKIPPED","https://www.naukri.com/job-listings-software-engineer-lloyds-technology-centre-hyderabad-5-to-10-years-130826024961","","unknown_state"
"job_1790855847189_0riy9","1/10/2026, 5:27:27 pm","NAUKRI","JAVA Full stack REACT/Angular","Infosys","Hybrid - Hyderabad, Pune, Bengaluru","SKIPPED","https://www.naukri.com/job-listings-java-full-stack-react-angular-infosys-hyderabad-pune-bengaluru-2-to-3-years-080826011415","","unknown_state"
"job_1790855847189_yuat8","1/10/2026, 5:27:27 pm","NAUKRI","JAVA Full stack REACT/Angular","Infosys","Hybrid - Hyderabad, Chennai, Bengaluru","SKIPPED","https://www.naukri.com/job-listings-java-full-stack-react-angular-infosys-hyderabad-chennai-bengaluru-2-to-3-years-080826011399","","unknown_state"
"job_1790855847189_0tdnj","1/10/2026, 5:27:27 pm","NAUKRI","Full Stack (React Java)","Wissen Technology","Hyderabad","SKIPPED","https://www.naukri.com/job-listings-full-stack-react-java-wissen-technology-hyderabad-5-to-10-years-010926013112","","unknown_state"
"job_1790855847189_6bng4","1/10/2026, 5:27:27 pm","NAUKRI","java/aws","Cloudxtreme","Hyderabad","SKIPPED","https://www.naukri.com/job-listings-java-aws-cloudxtreme-hyderabad-6-to-11-years-040926927328","","unknown_state"
"job_1790855847189_oa42f","1/10/2026, 5:27:27 pm","NAUKRI","Full Stack Engineer - Agentic AI, Java, Spring Boot, React","Supreme Consulting","Hyderabad, Bengaluru","SKIPPED","https://www.naukri.com/job-listings-full-stack-engineer-agentic-ai-java-spring-boot-react-supreme-consulting-hyderabad-bengaluru-6-to-8-years-070926911805","","unknown_state"
"job_1790855847190_xjoml","1/10/2026, 5:27:27 pm","NAUKRI","Java Developer react or angular","Infosys","Hybrid - Hyderabad, Chennai, Bengaluru","SKIPPED","https://www.naukri.com/job-listings-java-developer-react-or-angular-infosys-hyderabad-chennai-bengaluru-2-to-3-years-230726019991","","unknown_state"
"job_1790855847190_rwyoa","1/10/2026, 5:27:27 pm","NAUKRI","Java Angular or react","Infosys","Hybrid - Hyderabad, Pune, Chennai","SKIPPED","https://www.naukri.com/job-listings-java-angular-or-react-infosys-hyderabad-pune-chennai-2-to-7-years-220726034209","","unknown_state"
"job_1790855847190_e0jsd","1/10/2026, 5:27:27 pm","NAUKRI","Java Developer- with angular or react","Infosys","Hybrid - Hyderabad, Chennai, Bengaluru","SKIPPED","https://www.naukri.com/job-listings-java-developer-with-angular-or-react-infosys-hyderabad-chennai-bengaluru-2-to-7-years-220726034184","","unknown_state"
"job_1790855847190_g1zi8","1/10/2026, 5:27:27 pm","NAUKRI","Java FSD react","Tata Consultancy Services","Hyderabad, Chennai, Bengaluru","SKIPPED","https://www.naukri.com/job-listings-java-fsd-react-tata-consultancy-services-hyderabad-chennai-bengaluru-6-to-10-years-040626031916","","unknown_state"
"job_1790855847190_hodyw","1/10/2026, 5:27:27 pm","NAUKRI","Full Stack AI Engineer J2ee","LTM","Hybrid - Hyderabad, Pune, Bengaluru","SKIPPED","https://www.naukri.com/job-listings-full-stack-ai-engineer-j2ee-ltm-hyderabad-pune-bengaluru-5-to-10-years-260826031197","","unknown_state"
"job_1790855847191_nbkhr","1/10/2026, 5:27:27 pm","NAUKRI","Java Full Stack with React JS 9th Sept 26","Tata Consultancy Services","Hyderabad, Chennai, Bengaluru","SKIPPED","https://www.naukri.com/job-listings-java-full-stack-with-react-js-9th-sept-26-tata-consultancy-services-hyderabad-chennai-bengaluru-8-to-12-years-020826004421","","unknown_state"
"job_1790855847191_xnzw1","1/10/2026, 5:27:27 pm","NAUKRI","Java MSB with React JS- F2F","Cloudxtreme","Hyderabad, Chennai, Bengaluru","SKIPPED","https://www.naukri.com/job-listings-java-msb-with-react-js-f2f-cloudxtreme-hyderabad-chennai-bengaluru-6-to-11-years-040926927194","","unknown_state"
"job_1790855847191_yz6ab","1/10/2026, 5:27:27 pm","NAUKRI","Java Developer (Angular OR React + AWS) | Long Term Contract | Tier 1","Cloudxtreme","Hybrid - Hyderabad","SKIPPED","https://www.naukri.com/job-listings-java-developer-angular-or-react-aws-long-term-contract-tier-1-cloudxtreme-hyderabad-18-to-20-years-040926925417","","unknown_state"
"job_1790855847192_wtbuq","1/10/2026, 5:27:27 pm","NAUKRI","f2f Java MSB with React + Python + Kafka + AWS","Cloudxtreme","Hyderabad","SKIPPED","https://www.naukri.com/job-listings-f2f-java-msb-with-react-python-kafka-aws-cloudxtreme-hyderabad-8-to-13-years-040926924125","","unknown_state"
"job_1790855847192_hdudb","1/10/2026, 5:27:27 pm","NAUKRI","Senior software Engineer java with react","Cloudxtreme","Hyderabad","SKIPPED","https://www.naukri.com/job-listings-senior-software-engineer-java-with-react-cloudxtreme-hyderabad-4-to-9-years-040926922341","","unknown_state"
"job_1790855847192_brop9","1/10/2026, 5:27:27 pm","NAUKRI","Java Fullstack Developer + React","Albireo Recruiters","Hyderabad, Mumbai (All Areas), Pune, Gurugram, Chennai, Bengaluru, Delhi / NCR","SKIPPED","https://www.naukri.com/job-listings-java-fullstack-developer-react-albireo-hyderabad-pune-gurugram-chennai-bengaluru-delhi-ncr-mumbai-all-areas-8-to-12-years-240826027144","","unknown_state"
"job_1790855847192_46m1s","1/10/2026, 5:27:27 pm","NAUKRI","Senior Java Developer(Java with JSF)","Notus Services","Hyderabad","SKIPPED","https://www.naukri.com/job-listings-senior-java-developer-java-with-jsf-notus-services-hyderabad-8-to-13-years-260826022313","","unknown_state"
"job_1790855847193_68pgc","1/10/2026, 5:27:27 pm","NAUKRI","Lead Software Engineer (Full Stack)","Acedynamiz Solution","Hyderabad","SKIPPED","https://www.naukri.com/job-listings-lead-software-engineer-full-stack-acedynamiz-solutions-hyderabad-7-to-12-years-070926919777","","unknown_state"
"job_1790855847193_c7fie","1/10/2026, 5:27:27 pm","NAUKRI","Java with python REact are angular","Cloudxtreme","Hyderabad, Bengaluru","SKIPPED","https://www.naukri.com/job-listings-java-with-python-react-are-angular-cloudxtreme-hyderabad-bengaluru-5-to-10-years-040926923611","","unknown_state"
"job_1790855847193_2m573","1/10/2026, 5:27:27 pm","NAUKRI","Java MS, Spring boot AND Kafka AND React","Cloudxtreme","Hyderabad, Bengaluru","SKIPPED","https://www.naukri.com/job-listings-java-ms-spring-boot-and-kafka-and-react-cloudxtreme-hyderabad-bengaluru-7-to-12-years-040926923008","","unknown_state"
"job_1790855847194_8ci75","1/10/2026, 5:27:27 pm","NAUKRI","java full stack react- face To face interivew on saturday","Cloudxtreme","Hyderabad","SKIPPED","https://www.naukri.com/job-listings-java-full-stack-react-face-to-face-interivew-on-saturday-cloudxtreme-hyderabad-7-to-12-years-040926922872","","unknown_state"
"job_1790855847194_68yzu","1/10/2026, 5:27:27 pm","NAUKRI","Java Developer react/angular aws","Cloudxtreme","Hybrid - Hyderabad","SKIPPED","https://www.naukri.com/job-listings-java-developer-react-angular-aws-cloudxtreme-hyderabad-7-to-12-years-040926925414","","unknown_state"
"job_1790855847194_7swgf","1/10/2026, 5:27:27 pm","NAUKRI","Full Stack Java SpringBoot React Professional","Leading Client","Hyderabad, Chennai, Bengaluru","SKIPPED","https://www.naukri.com/job-listings-full-stack-java-springboot-react-professional-vak-consulting-llc-hyderabad-chennai-bengaluru-5-to-7-years-130826911222","","unknown_state"
"job_1790855847194_mrv8y","1/10/2026, 5:27:27 pm","NAUKRI","Java Full Stack Developer - Angular or React","Cloudxtreme","Hyderabad, Bengaluru","SKIPPED","https://www.naukri.com/job-listings-java-full-stack-developer-angular-or-react-cloudxtreme-hyderabad-bengaluru-4-to-9-years-210826014523","","unknown_state"
"job_1790855847194_8cgoq","1/10/2026, 5:27:27 pm","NAUKRI","Fullstack Java Application Developer","Bahwan CyberTek","Hyderabad","SKIPPED","https://www.naukri.com/job-listings-fullstack-java-application-developer-bct-consulting-hyderabad-3-to-4-years-090926014043","","unknown_state"
"job_1790855847194_pqofd","1/10/2026, 5:27:27 pm","NAUKRI","Java Full Stack Developer,React","Platinus Technologies","Hyderabad","SKIPPED","https://www.naukri.com/job-listings-java-full-stack-developer-react-platinus-technologies-hyderabad-11-to-17-years-280826007787","","unknown_state"
"job_1790855847195_vt63t","1/10/2026, 5:27:27 pm","NAUKRI","Fullstack VIBE Developer","Manvision Technologies","Hyderabad","SKIPPED","https://www.naukri.com/job-listings-fullstack-vibe-developer-manvision-technologies-hyderabad-2-to-5-years-080926026017","","unknown_state"
"job_1790855847195_hwicq","1/10/2026, 5:27:27 pm","NAUKRI","Java Full Stack Developer with React JS","Tata Consultancy Services","Hyderabad, Pune, Bengaluru","SKIPPED","https://www.naukri.com/job-listings-java-full-stack-developer-with-react-js-tata-consultancy-services-hyderabad-pune-bengaluru-4-to-9-years-100826011277","","unknown_state"
"job_1790855847195_7hlpt","1/10/2026, 5:27:27 pm","NAUKRI","Full Stack Developer - Java, Angular & React","Radiant Digital Solutions","Hybrid - Hyderabad","SKIPPED","https://www.naukri.com/job-listings-full-stack-developer-java-angular-react-radiant-digital-solutions-hyderabad-9-to-14-years-250826015885","","unknown_state"
"job_1790855847196_aek2p","1/10/2026, 5:27:27 pm","NAUKRI","Chief Technology Officer/Vice President - Full Stack Development","Benovymed Healthcare Private Ltd","Hyderabad","SKIPPED","https://www.naukri.com/job-listings-chief-technology-officer-vice-president-full-stack-development-benovymed-healthcare-private-ltd-hyderabad-2-to-7-years-080926910423","","unknown_state"
"job_1790855847196_o2vj3","1/10/2026, 5:27:27 pm","NAUKRI","Chief Technology Officer / Vice President - Full Stack Development","Benovymed Healthcare Private Limited","Hyderabad","SKIPPED","https://www.naukri.com/job-listings-chief-technology-officer-vice-president-full-stack-development-benovymed-healthcare-private-limited-hyderabad-2-to-7-years-080926909635","","unknown_state"
"job_1790855847197_zmj7q","1/10/2026, 5:27:27 pm","NAUKRI","Java Full Stack Developer (React JS)","Tata Consultancy Services","Hyderabad","SKIPPED","https://www.naukri.com/job-listings-java-full-stack-developer-react-js-tata-consultancy-services-hyderabad-5-to-10-years-260626028126","","unknown_state"
"job_1790855847197_t98bn","1/10/2026, 5:27:27 pm","NAUKRI","Java FSD - React","Cloudxtreme","Hyderabad, Bengaluru","SKIPPED","https://www.naukri.com/job-listings-java-fsd-react-cloudxtreme-hyderabad-bengaluru-6-to-9-years-180626007148","","unknown_state"
"job_1790855847198_hee8o","1/10/2026, 5:27:27 pm","NAUKRI","Java Full stack AND react OR Angular","Rekrut India","Hyderabad, Chennai, Bengaluru","SKIPPED","https://www.naukri.com/job-listings-java-full-stack-and-react-or-angular-rekrut-india-hyderabad-chennai-bengaluru-5-to-18-years-110826017900","","unknown_state"
"job_1790855847198_0a36o","1/10/2026, 5:27:27 pm","NAUKRI","Java FSD AI Lead - React","Cloudxtreme","Hyderabad, Bengaluru","SKIPPED","https://www.naukri.com/job-listings-java-fsd-ai-lead-react-cloudxtreme-hyderabad-bengaluru-11-to-13-years-030726011422","","unknown_state"
"job_1790855847199_0qpgc","1/10/2026, 5:27:27 pm","NAUKRI","Dotnet React with Java","Virtusa","Hyderabad, Chennai, Bengaluru","SKIPPED","https://www.naukri.com/job-listings-dotnet-react-with-java-virtusa-hyderabad-chennai-bengaluru-6-to-11-years-300826004399","","unknown_state"
"job_1790855847199_s88yf","1/10/2026, 5:27:27 pm","NAUKRI","Java Full Stack Developer","Broadridge","Hybrid - Hyderabad, Bengaluru","SKIPPED","https://www.naukri.com/job-listings-java-full-stack-developer-broadridge-hyderabad-bengaluru-3-to-6-years-220726013303","","unknown_state"
"job_1790855847199_37i4t","1/10/2026, 5:27:27 pm","NAUKRI","AI Software Engineer","Tata Consultancy Services","Hyderabad, Bengaluru","SKIPPED","https://www.naukri.com/job-listings-ai-software-engineer-tata-consultancy-services-hyderabad-bengaluru-6-to-11-years-310826025167","","unknown_state"
"job_1790855847200_qlnfa","1/10/2026, 5:27:27 pm","NAUKRI","Java Full Stack Developer, React Js","Teamware Solutions","Hyderabad, Gurugram, Bengaluru","SKIPPED","https://www.naukri.com/job-listings-java-full-stack-developer-react-js-teamware-solutions-hyderabad-gurugram-bengaluru-9-to-11-years-240826002095","","unknown_state"
"job_1790855847200_euowb","1/10/2026, 5:27:27 pm","NAUKRI","Java FSD Gen Ai - React","Cloudxtreme","Hyderabad, Bengaluru","SKIPPED","https://www.naukri.com/job-listings-java-fsd-gen-ai-react-cloudxtreme-hyderabad-bengaluru-6-to-10-years-190626013478","","unknown_state"
"job_1790855847200_tu54w","1/10/2026, 5:27:27 pm","NAUKRI","Java Developer With React JS Exp","tekskills india","Hybrid - Hyderabad","SKIPPED","https://www.naukri.com/job-listings-java-developer-with-react-js-exp-tekskills-hyderabad-7-to-12-years-180826937361","","unknown_state"
"job_1790855847200_fyzpn","1/10/2026, 5:27:27 pm","NAUKRI","Java FSD - React","Cloudxtreme","Hyderabad, Bengaluru","SKIPPED","https://www.naukri.com/job-listings-java-fsd-react-cloudxtreme-hyderabad-bengaluru-5-to-10-years-180826009486","","unknown_state"
"job_1790855847200_zxlzz","1/10/2026, 5:27:27 pm","NAUKRI","Java Developer Lead - React","Cloudxtreme","Hyderabad, Bengaluru","SKIPPED","https://www.naukri.com/job-listings-java-developer-lead-react-cloudxtreme-hyderabad-bengaluru-11-to-13-years-180726006737","","unknown_state"
"job_1790855847200_es26w","1/10/2026, 5:27:27 pm","NAUKRI","Java FSE - React.Js","Cloudxtreme","Hyderabad","SKIPPED","https://www.naukri.com/job-listings-java-fse-react-js-cloudxtreme-hyderabad-8-to-13-years-090626009696","","unknown_state"
"job_1790855847201_91a0u","1/10/2026, 5:27:27 pm","NAUKRI","Java FSD - React","Cloudxtreme","Hyderabad, Bengaluru","SKIPPED","https://www.naukri.com/job-listings-java-fsd-react-cloudxtreme-hyderabad-bengaluru-6-to-10-years-030626010099","","unknown_state"
"job_1790855847201_uf9nr","1/10/2026, 5:27:27 pm","NAUKRI","Java FSD - React, Kafka","Cloudxtreme","Hyderabad, Bengaluru","SKIPPED","https://www.naukri.com/job-listings-java-fsd-react-kafka-cloudxtreme-hyderabad-bengaluru-6-to-8-years-030626009746","","unknown_state"
"job_1790855847201_xgzx2","1/10/2026, 5:27:27 pm","NAUKRI","Java full stack with React js","Tata Consultancy Services","Hyderabad, Chennai, Bengaluru","SKIPPED","https://www.naukri.com/job-listings-java-full-stack-with-react-js-tata-consultancy-services-hyderabad-chennai-bengaluru-8-to-12-years-200826017540","","unknown_state"
"job_1790855847201_w2xzs","1/10/2026, 5:27:27 pm","NAUKRI","Java + React.js Developer (2-3yrs)","Infosys","Hybrid - Hyderabad, Chennai, Bengaluru","SKIPPED","https://www.naukri.com/job-listings-java-react-js-developer-2-3yrs-infosys-hyderabad-chennai-bengaluru-2-to-3-years-200826027145","","unknown_state"
"job_1790855847202_h2dq5","1/10/2026, 5:27:27 pm","NAUKRI","Lead Generative AI- Software Engineer","Clarus","Hyderabad, Gurugram, Bengaluru","SKIPPED","https://www.naukri.com/job-listings-lead-generative-ai-software-engineer-clarus-advisers-hyderabad-gurugram-bengaluru-6-to-9-years-270826011253","","unknown_state"
"job_1790855847202_hqbg8","1/10/2026, 5:27:27 pm","NAUKRI","Java Micro services","Virtusa","Hyderabad, Pune, Chennai","SKIPPED","https://www.naukri.com/job-listings-java-micro-services-virtusa-hyderabad-pune-chennai-0-to-7-years-080926019000","","unknown_state"
"job_1790855847202_alegk","1/10/2026, 5:27:27 pm","NAUKRI","Java Production support- B","Infosys","Hybrid - Hyderabad, Chennai, Bengaluru","SKIPPED","https://www.naukri.com/job-listings-java-production-support-b-infosys-hyderabad-chennai-bengaluru-3-to-8-years-230426034742","","unknown_state"
"job_1790855847203_palp5","1/10/2026, 5:27:27 pm","NAUKRI","Java Full Stack Developer","Tata Consultancy Services","Hyderabad, Pune, Bengaluru","SKIPPED","https://www.naukri.com/job-listings-java-full-stack-developer-tata-consultancy-services-hyderabad-pune-bengaluru-5-to-10-years-090926021572","","unknown_state"
"job_1790855847203_i2cgq","1/10/2026, 5:27:27 pm","NAUKRI","Java Spring boot Developer with AWS","Infosys","Hybrid - Hyderabad, Chennai, Bengaluru","SKIPPED","https://www.naukri.com/job-listings-java-spring-boot-developer-with-aws-infosys-hyderabad-chennai-bengaluru-3-to-5-years-260426004474","","unknown_state"
"job_1790855847203_jgqvu","1/10/2026, 5:27:27 pm","NAUKRI","Walk-in || Java Full Stack Lead","Surge Technology Solutions","Hyderabad","SKIPPED","https://www.naukri.com/job-listings-java-full-stack-lead-surge-technology-solutions-hyderabad-8-to-13-years-080926028804","","no_apply_button"
"job_1790855847203_2ock1","1/10/2026, 5:27:27 pm","NAUKRI","Fullstack Engineer","Deloitte US-India Offices","Hybrid - Hyderabad","SKIPPED","https://www.naukri.com/job-listings-fullstack-engineer-deloitte-us-india-offices-hyderabad-7-to-9-years-080926025332","","unknown_state"
"job_1790855847204_jrnr9","1/10/2026, 5:27:27 pm","NAUKRI","Java Fullstack","Intellics Global Services","Hybrid - Hyderabad, Chennai, Bengaluru","SKIPPED","https://www.naukri.com/job-listings-java-fullstack-intellics-global-services-hyderabad-chennai-bengaluru-5-to-10-years-080926027996","","unknown_state"
"job_1790855847204_b3dvc","1/10/2026, 5:27:27 pm","NAUKRI","Senior Java Fullstack Developer","Integrated Personnel Services","Hyderabad, Chennai, Bengaluru","SKIPPED","https://www.naukri.com/job-listings-senior-java-fullstack-developer-integrated-personnel-services-hyderabad-chennai-bengaluru-7-to-15-years-290826007276","","unknown_state"
"job_1790855847204_apu9a","1/10/2026, 5:27:27 pm","NAUKRI","Java FullStack with ReactJS","Tata Consultancy Services","Hyderabad, New Delhi, Pune","SKIPPED","https://www.naukri.com/job-listings-java-fullstack-with-reactjs-tata-consultancy-services-new-delhi-hyderabad-pune-6-to-10-years-010926038061","","unknown_state"
"job_1790855847204_ufymy","1/10/2026, 5:27:27 pm","NAUKRI","Java Fullstack Engineer","Ascendion Engineering","Hyderabad, Bengaluru","SKIPPED","https://www.naukri.com/job-listings-java-fullstack-engineer-ascendion-engineering-hyderabad-bengaluru-5-to-10-years-040926019598","","unknown_state"
"job_1790855847204_g5onu","1/10/2026, 5:27:27 pm","NAUKRI","Java Full Stack Developer","Infosys","Hybrid - Bengaluru, Pune, Chennai","SKIPPED","https://www.naukri.com/job-listings-java-full-stack-developer-infosys-pune-chennai-bengaluru-2-to-3-years-070826009006","","unknown_state"
"job_1790855847205_y2wg9","1/10/2026, 5:27:27 pm","NAUKRI","Java Full Stack Developer | Immediate Joiner-S","Infosys","Hybrid - Bengaluru, Pune","SKIPPED","https://www.naukri.com/job-listings-java-full-stack-developer-immediate-joiner-s-infosys-pune-bengaluru-2-to-3-years-080826015821","","chatbot_unknown"
"job_1790855847205_sid9x","1/10/2026, 5:27:27 pm","NAUKRI","Java Full Stack Developer - Angular","EY","Bengaluru","SKIPPED","https://www.naukri.com/job-listings-java-full-stack-developer-angular-ernst-young-llp-bengaluru-3-to-7-years-080926919154","","unknown_state"
"job_1790855847205_ngvew","1/10/2026, 5:27:27 pm","NAUKRI","Java Full Stack Developer","Innominds Software","Hyderabad, Bengaluru","SKIPPED","https://www.naukri.com/job-listings-java-full-stack-developer-innominds-software-hyderabad-bengaluru-7-to-10-years-100926013841","","unknown_state"
"job_1790855847205_yswux","1/10/2026, 5:27:27 pm","NAUKRI","Java Full Stack Developer","Bounteous","Hybrid - Bengaluru","SKIPPED","https://www.naukri.com/job-listings-java-full-stack-developer-bounteous-bengaluru-5-to-10-years-090926011773","","chatbot_unknown"
"job_1790855847205_eyz4v","1/10/2026, 5:27:27 pm","NAUKRI","Java Full Stack Developer (Immediate Joiner)","Logixal Solutions","Mumbai (All Areas)","SKIPPED","https://www.naukri.com/job-listings-java-full-stack-developer-immediate-joiner-logixal-solutions-mumbai-all-areas-2-to-4-years-090926025204","","unknown_state"
"job_1790855847205_j493n","1/10/2026, 5:27:27 pm","NAUKRI","Java Full Stack Developer","Shashwath Solution","Pune","SKIPPED","https://www.naukri.com/job-listings-java-full-stack-developer-shashwath-solution-pune-1-to-4-years-200826930599","","unknown_state"
"job_1790855847206_5fko1","1/10/2026, 5:27:27 pm","NAUKRI","Java Full Stack Developer","Shashwath Solution","Noida","SKIPPED","https://www.naukri.com/job-listings-java-full-stack-developer-shashwath-solution-noida-1-to-4-years-200826923686","","unknown_state"
"job_1790855847206_gf3zl","1/10/2026, 5:27:27 pm","NAUKRI","Java Full Stack Developer","Kiya.ai","Hybrid - Mumbai Suburban, Mumbai (All Areas), Thane","SKIPPED","https://www.naukri.com/job-listings-java-full-stack-developer-kiya-ai-mumbai-suburban-thane-mumbai-all-areas-2-to-6-years-010926035695","","unknown_state"
"job_1790855847206_jdlig","1/10/2026, 5:27:27 pm","NAUKRI","Java Full Stack Developer","Brandsmashers Tech Llp","Bhopal","SKIPPED","https://www.naukri.com/job-listings-java-full-stack-developer-brandsmashers-tech-llp-bhopal-2-to-6-years-070926015990","","unknown_state"
"job_1790855847206_5rac5","1/10/2026, 5:27:27 pm","NAUKRI","Java Full Stack Developer","Shashwath Solution","Pune","SKIPPED","https://www.naukri.com/job-listings-java-full-stack-developer-shashwath-solution-pune-2-to-4-years-200826930432","","unknown_state"
"job_1790855847206_74rs8","1/10/2026, 5:27:27 pm","NAUKRI","Java Full Stack Developer","Virtusa","Hybrid - Hyderabad","SKIPPED","https://www.naukri.com/job-listings-java-full-stack-developer-virtusa-hyderabad-7-to-12-years-100926021818","","unknown_state"
"job_1790855847206_npld9","1/10/2026, 5:27:27 pm","NAUKRI","Java Full Stack Developer","Tata Consultancy Services","Mumbai (All Areas)","SKIPPED","https://www.naukri.com/job-listings-java-full-stack-developer-tata-consultancy-services-mumbai-all-areas-3-to-7-years-010926009820","","chatbot_unknown"
"job_1790855847206_72lzi","1/10/2026, 5:27:27 pm","NAUKRI","Java Full Stack Developer (Angular)","Infosys","Pune, Chennai, Bengaluru","SKIPPED","https://www.naukri.com/job-listings-java-full-stack-developer-angular-infosys-pune-chennai-bengaluru-3-to-5-years-280526030601","","unknown_state"
"job_1790855847207_4fj0h","1/10/2026, 5:27:27 pm","NAUKRI","Excellent Opportunities For Java Fullstack Professionals","Artizent Infosolutions","Hybrid - Hyderabad, Pune, Bengaluru","SKIPPED","https://www.naukri.com/job-listings-excellent-opportunities-for-java-fullstack-professionals-artizent-infosolutions-hyderabad-pune-bengaluru-6-to-11-years-100926013941","","chatbot_unknown"
"job_1790855847207_etaer","1/10/2026, 5:27:27 pm","NAUKRI","Java Fullstack (React) Engineer","Infosys","Bengaluru","SKIPPED","https://www.naukri.com/job-listings-java-fullstack-react-engineer-infosys-limited-bengaluru-2-to-3-years-290626928268","","unknown_state"
"job_1790855847207_avc4v","1/10/2026, 5:27:27 pm","NAUKRI","Java Fullstack Developer","Infosys","Bengaluru","SKIPPED","https://www.naukri.com/job-listings-java-fullstack-developer-infosys-limited-bengaluru-2-to-3-years-290626928427","","unknown_state"
"job_1790855847208_j08aa","1/10/2026, 5:27:27 pm","NAUKRI","Java Fullstack(Angular) Developer","Infosys","Bengaluru","SKIPPED","https://www.naukri.com/job-listings-java-fullstack-angular-developer-infosys-limited-bengaluru-2-to-4-years-140826931196","","unknown_state"
"job_1790855847208_vucq9","1/10/2026, 5:27:27 pm","NAUKRI","Java fullstack developer with ReactJS","Infosys","Bengaluru","SKIPPED","https://www.naukri.com/job-listings-java-fullstack-developer-with-reactjs-infosys-limited-bengaluru-2-to-3-years-290626928529","","unknown_state"
"job_1790855847208_4ucjl","1/10/2026, 5:27:27 pm","NAUKRI","Full Stack Developer","Tenacious Hr Solution","Mumbai (All Areas), Bengaluru, Delhi / NCR","SKIPPED","https://www.naukri.com/job-listings-full-stack-developer-tenacious-hr-solution-bengaluru-delhi-ncr-mumbai-all-areas-2-to-7-years-070926001858","","chatbot_unknown"
"job_1790855847208_yzq3t","1/10/2026, 5:27:27 pm","NAUKRI","Technical Lead Java Fullstack (Cassandra, NodeJS)","Leading Client","Bengaluru","SKIPPED","https://www.naukri.com/job-listings-technical-lead-java-fullstack-cassandra-nodejs-tekskills-india-private-limited-bengaluru-6-to-11-years-210826910992","","unknown_state"
"job_1790855847209_wg585","1/10/2026, 5:27:27 pm","NAUKRI","Senior Java Fullstack Developer","Capgemini","Hybrid - Mumbai (All Areas), Bengaluru","SKIPPED","https://www.naukri.com/job-listings-senior-java-fullstack-developer-capgemini-bengaluru-mumbai-all-areas-6-to-11-years-060826016776","","chatbot_unknown"
"job_1790855847209_st4q6","1/10/2026, 5:27:27 pm","NAUKRI","Hiring For Java Fullstack Developer -Fulltime- Bangalore/WFO","Royal Cyber","Hybrid - Bengaluru","SKIPPED","https://www.naukri.com/job-listings-hiring-for-java-fullstack-developer-fulltime-bangalore-wfo-royal-cyber-bengaluru-7-to-12-years-080926008767","","unknown_state"
"job_1790855847210_8m6vu","1/10/2026, 5:27:27 pm","NAUKRI","React JS Java Fullstack Developer","HCLTech","Hybrid - Bengaluru","SKIPPED","https://www.naukri.com/job-listings-react-js-java-fullstack-developer-hcltech-bengaluru-7-to-12-years-260826026820","","chatbot_unknown"
"job_1790855847211_ygvmt","1/10/2026, 5:27:27 pm","NAUKRI","Senior Java Fullstack Developer","Allstate Solutions (ASPL)","Bengaluru","SKIPPED","https://www.naukri.com/job-listings-senior-java-fullstack-developer-allstate-solutions-aspl-bengaluru-4-to-6-years-030926016507","","unknown_state"
"job_1790855847211_zi6ym","1/10/2026, 5:27:27 pm","NAUKRI","Senior Java Fullstack Developer","Surajit Satpathy","Remote","SKIPPED","https://www.naukri.com/job-listings-senior-java-fullstack-developer-surajit-satpathy-bengaluru-6-to-10-years-210826007638","","no_apply_button"
"job_1790855847212_oh0h4","1/10/2026, 5:27:27 pm","NAUKRI","Senior Java Fullstack Developer","Cognizant","Hybrid - Bengaluru, Bangalore Rural","SKIPPED","https://www.naukri.com/job-listings-senior-java-fullstack-developer-cognizant-bangalore-rural-bengaluru-6-to-10-years-040926009055","","unknown_state"
"job_1790855847212_2xtxj","1/10/2026, 5:27:27 pm","NAUKRI","Java Fullstack with Angular","Tata Consultancy Services","Bengaluru","SKIPPED","https://www.naukri.com/job-listings-java-fullstack-with-angular-tata-consultancy-services-bengaluru-6-to-10-years-100926021106","","chatbot_unknown"
"job_1790855847212_fleuz","1/10/2026, 5:27:27 pm","NAUKRI","Java Fullstack Developer - React Js","Cloudxtreme","Hybrid - Bengaluru, Chennai","SKIPPED","https://www.naukri.com/job-listings-java-fullstack-developer-react-js-cloudxtreme-chennai-bengaluru-6-to-10-years-040926926427","","unknown_state"
"job_1790855847213_712xe","1/10/2026, 5:27:27 pm","NAUKRI","Senior Java Fullstack Developer","CGI","Hybrid - Bengaluru","SKIPPED","https://www.naukri.com/job-listings-senior-java-fullstack-developer-cgi-bengaluru-6-to-10-years-080926015832","","unknown_state"
"job_1790855847213_ji65y","1/10/2026, 5:27:27 pm","NAUKRI","Senior Java Fullstack Developer","tasknera","Hybrid - Bengaluru","SKIPPED","https://www.naukri.com/job-listings-senior-java-fullstack-developer-tasknera-bengaluru-7-to-10-years-020926036775","","no_apply_button"
"job_1790855847214_6qmrz","1/10/2026, 5:27:27 pm","NAUKRI","AWS + Java FullStack","Tata Consultancy Services","Bengaluru","SKIPPED","https://www.naukri.com/job-listings-aws-java-fullstack-tata-consultancy-services-bengaluru-5-to-10-years-270826017287","","chatbot_unknown"
"job_1790855847215_zmbmh","1/10/2026, 5:27:27 pm","NAUKRI","Java Fullstack Developer (React)","Infosys","Bengaluru","SKIPPED","https://www.naukri.com/job-listings-java-fullstack-developer-react-infosys-limited-bengaluru-3-to-5-years-290626928590","","unknown_state"
"job_1790855847215_y03fq","1/10/2026, 5:27:27 pm","NAUKRI","Hiring For Java Fullstack Developer -Fulltime-Royal Cyber Inc","Royal Cyber","Remote","SKIPPED","https://www.naukri.com/job-listings-hiring-for-java-fullstack-developer-fulltime-royal-cyber-inc-royal-cyber-bengaluru-8-to-13-years-250826017391","","unknown_state"
"job_1790855847215_gljs5","1/10/2026, 5:27:27 pm","NAUKRI","Senior Java Fullstack Developer","CGI","Hybrid - Bengaluru","SKIPPED","https://www.naukri.com/job-listings-senior-java-fullstack-developer-cgi-bengaluru-5-to-8-years-100926034226","","unknown_state"
"job_1790855847215_l4tg4","1/10/2026, 5:27:27 pm","NAUKRI","Senior Java Fullstack Developer","Innova Solutions","Hybrid - Bengaluru","SKIPPED","https://www.naukri.com/job-listings-senior-java-fullstack-developer-innova-solutions-bengaluru-6-to-10-years-170826016215","","chatbot_unknown"
"job_1790855847215_yh6io","1/10/2026, 5:27:27 pm","NAUKRI","Java Fullstack Engineer","Leading Client","Bengaluru","SKIPPED","https://www.naukri.com/job-listings-java-fullstack-engineer-purview-india-consulting-and-services-llp-bengaluru-5-to-8-years-120826937909","","unknown_state"
"job_1790855847216_1hc9u","1/10/2026, 5:27:27 pm","NAUKRI","Senior Java Fullstack Developer","CGI","Hybrid - Bengaluru","SKIPPED","https://www.naukri.com/job-listings-senior-java-fullstack-developer-cgi-bengaluru-5-to-9-years-040926021591","","unknown_state"
"job_1790855847216_j5swe","1/10/2026, 5:27:27 pm","NAUKRI","Java Fullstack (Angular) Developer","Infosys","Bengaluru","SKIPPED","https://www.naukri.com/job-listings-java-fullstack-angular-developer-infosys-limited-bengaluru-3-to-8-years-210726926893","","unknown_state"
"job_1790855847216_7u9ox","1/10/2026, 5:27:27 pm","NAUKRI","Java Fullstack ( SDE3) OpenText , Bangalore ( 5 Days WFO)","Opentext","Bengaluru","SKIPPED","https://www.naukri.com/job-listings-java-fullstack-sde3-opentext-bangalore-5-days-wfo-opentext-bengaluru-5-to-9-years-280826003280","","unknown_state"
"job_1790855847216_9oh0k","1/10/2026, 5:27:27 pm","NAUKRI","Full Stack Java Developer - React.js/Spring Boot","Forward Eye Technologies","Pune","SKIPPED","https://www.naukri.com/job-listings-full-stack-java-developer-react-js-spring-boot-forward-eye-technologies-pune-2-to-5-years-210826936172","","unknown_state"
"job_1790855847216_oji70","1/10/2026, 5:27:27 pm","NAUKRI","Full Stack Java Developer - React.js/Spring Boot","Forward Eye Technologies","Noida","SKIPPED","https://www.naukri.com/job-listings-full-stack-java-developer-react-js-spring-boot-forward-eye-technologies-noida-2-to-5-years-210826931213","","unknown_state"
"job_1790855847217_8oraq","1/10/2026, 5:27:27 pm","NAUKRI","Full Stack Java Developer","Forward Eye Technologies","Mumbai","SKIPPED","https://www.naukri.com/job-listings-full-stack-java-developer-forward-eye-technologies-mumbai-1-to-4-years-090926920966","","unknown_state"
"job_1790855847217_cjhyq","1/10/2026, 5:27:27 pm","NAUKRI","FullStack Developer","Bitkraft Technologies","Mumbai","SKIPPED","https://www.naukri.com/job-listings-fullstack-developer-bitkraft-technologies-mumbai-2-to-4-years-090926921077","","unknown_state"
"job_1790855847217_oplyb","1/10/2026, 5:27:27 pm","NAUKRI","Java Back End Developer","Altimetrik","Hyderabad, Pune, Bengaluru","SKIPPED","https://www.naukri.com/job-listings-java-back-end-developer-altimetrik-hyderabad-pune-bengaluru-8-to-9-years-080926025062","","unknown_state"
"job_1790855847217_u157d","1/10/2026, 5:27:27 pm","NAUKRI","Java Back End Developer","Altimetrik","Hybrid - Hyderabad, Pune, Bengaluru","SKIPPED","https://www.naukri.com/job-listings-java-back-end-developer-altimetrik-hyderabad-pune-bengaluru-7-to-8-years-080926024638","","unknown_state"
"job_1790855847217_r5930","1/10/2026, 5:27:27 pm","NAUKRI","Java Back End Developer","Altimetrik","Hybrid - Hyderabad, Pune, Bengaluru","SKIPPED","https://www.naukri.com/job-listings-java-back-end-developer-altimetrik-hyderabad-pune-bengaluru-6-to-7-years-080926024563","","unknown_state"
"job_1790855847217_4hjgc","1/10/2026, 5:27:27 pm","NAUKRI","Java Back End Developer","Tata Consultancy Services","Hyderabad, Chennai, Bengaluru","SKIPPED","https://www.naukri.com/job-listings-java-back-end-developer-tata-consultancy-services-hyderabad-chennai-bengaluru-5-to-10-years-080926034354","","unknown_state"
"job_1790855847218_dv1tf","1/10/2026, 5:27:27 pm","NAUKRI","Java Back End Developer","Payroll: CloudXtreme Client: Cognizant","Hybrid - Hyderabad, Chennai, Bengaluru","SKIPPED","https://www.naukri.com/job-listings-java-back-end-developer-cloudxtreme-hyderabad-chennai-bengaluru-6-to-7-years-040926928004","","unknown_state"
"job_1790855847218_2c6cq","1/10/2026, 5:27:27 pm","NAUKRI","Java Back End Developer","Cloudxtreme Technologies","Hyderabad, Chennai, Bengaluru","SKIPPED","https://www.naukri.com/job-listings-java-back-end-developer-cloudxtreme-hyderabad-chennai-bengaluru-4-to-9-years-040926928000","","unknown_state"
"job_1790855847218_s017m","1/10/2026, 5:27:27 pm","NAUKRI","Java Back End Developer","Hexaware Technologies","Hyderabad, Pune, Bengaluru","SKIPPED","https://www.naukri.com/job-listings-java-back-end-developer-hexaware-technologies-hyderabad-pune-bengaluru-5-to-10-years-250526030276","","unknown_state"
"job_1790855847218_5hje4","1/10/2026, 5:27:27 pm","NAUKRI","Java Back End Developer","State Street","Hybrid - Hyderabad","SKIPPED","https://www.naukri.com/job-listings-java-back-end-developer-10-to-18-years-160726037059","","unknown_state"
"job_1790855847218_nc8g8","1/10/2026, 5:27:27 pm","NAUKRI","Java Back End Developer","Virtusa","Hyderabad, Chennai","SKIPPED","https://www.naukri.com/job-listings-java-back-end-developer-virtusa-hyderabad-chennai-5-to-10-years-050926009813","","unknown_state"
"job_1790855847218_f1vb1","1/10/2026, 5:27:27 pm","NAUKRI","Java Back End Developer","cloudxtreme tech","Hybrid - Hyderabad, Kolkata, Pune","SKIPPED","https://www.naukri.com/job-listings-java-back-end-developer-cloudxtreme-kolkata-hyderabad-pune-4-to-7-years-040926928088","","unknown_state"
"job_1790855847218_8ouzb","1/10/2026, 5:27:27 pm","NAUKRI","Java Back End Developer","Altimetrik","Hybrid - Hyderabad, Pune, Bengaluru","SKIPPED","https://www.naukri.com/job-listings-java-back-end-developer-altimetrik-hyderabad-pune-bengaluru-6-to-11-years-030926034130","","unknown_state"
"job_1790855847218_utn0w","1/10/2026, 5:27:27 pm","NAUKRI","Java Back End Developer","Tata Consultancy Services","Hyderabad, Chennai, Bengaluru","SKIPPED","https://www.naukri.com/job-listings-java-back-end-developer-tata-consultancy-services-hyderabad-chennai-bengaluru-6-to-10-years-020926009768","","unknown_state"
"job_1790855847219_13ymz","1/10/2026, 5:27:27 pm","NAUKRI","Java Back End Developer","IBM","Hyderabad","SKIPPED","https://www.naukri.com/job-listings-java-back-end-developer-dynpro-hyderabad-4-to-9-years-030926012722","","unknown_state"
"job_1790855847219_26j8r","1/10/2026, 5:27:27 pm","NAUKRI","Java Back End Developer","LTM","Hybrid - Hyderabad","SKIPPED","https://www.naukri.com/job-listings-java-back-end-developer-alike-thoughts-hyderabad-6-to-10-years-310826005275","","unknown_state"
"job_1790855847219_8zxec","1/10/2026, 5:27:27 pm","NAUKRI","Walk-in || Java Backend Developer/Java Full Stack Developer","Hexaware Technologies","Hyderabad","SKIPPED","https://www.naukri.com/job-listings-java-backend-developer-java-full-stack-developer-hexaware-technologies-hyderabad-6-to-11-years-060526014246","","no_apply_button"
"job_1790855847219_vi4eq","1/10/2026, 5:27:27 pm","NAUKRI","Java Back End Developer","Hexaware Technologies","Hybrid - Hyderabad, Bengaluru","SKIPPED","https://www.naukri.com/job-listings-java-back-end-developer-hexaware-technologies-hyderabad-bengaluru-6-to-8-years-200826038213","","unknown_state"
"job_1790855847220_nsknk","1/10/2026, 5:27:27 pm","NAUKRI","Java Backend Developer - 3 To 20 years","CONFIDENTIAL","Hybrid - Hyderabad, Chennai, Bengaluru","SKIPPED","https://www.naukri.com/job-listings-java-backend-developer-3-to-20-years-integel-institute-of-technology-tamil-nadu-hyderabad-chennai-bengaluru-3-to-8-years-100926036160","","unknown_state"
"job_1790855847220_fvttp","1/10/2026, 5:27:27 pm","NAUKRI","Java Back End Developer","Mergen Corporates","Hybrid - Hyderabad, Pune, Bengaluru","SKIPPED","https://www.naukri.com/job-listings-java-back-end-developer-mergen-corporates-hyderabad-pune-bengaluru-6-to-11-years-130826009898","","unknown_state"
"job_1790855847220_sbnj9","1/10/2026, 5:27:27 pm","NAUKRI","Senior Java Backend Developer with GCP & Kafka-Bangalore, Hyderabad","Capco","Hybrid - Hyderabad, Bengaluru","SKIPPED","https://www.naukri.com/job-listings-senior-java-backend-developer-with-gcp-kafka-bangalore-hyderabad-capco-hyderabad-bengaluru-8-to-13-years-210225006426","","unknown_state"
"job_1790855847221_r0fx5","1/10/2026, 5:27:27 pm","NAUKRI","Java Back End Developer","LTM","Hybrid - Hyderabad, Pune","SKIPPED","https://www.naukri.com/job-listings-java-back-end-developer-ltm-hyderabad-pune-6-to-10-years-291125007259","","unknown_state"
"job_1790855847221_c4aa0","1/10/2026, 5:27:27 pm","NAUKRI","Java Back End Developer","Tata Consultancy Services","Hyderabad, Chennai, Bengaluru","SKIPPED","https://www.naukri.com/job-listings-java-back-end-developer-tata-consultancy-services-hyderabad-chennai-bengaluru-5-to-10-years-170826035404","","unknown_state"
"job_1790855847221_9y96m","1/10/2026, 5:27:27 pm","NAUKRI","Java Back End Developer","Tata Consultancy Services","Hyderabad, Pune","SKIPPED","https://www.naukri.com/job-listings-java-back-end-developer-tata-consultancy-services-hyderabad-pune-5-to-10-years-090726021057","","unknown_state"
"job_1790855847222_jfwu0","1/10/2026, 5:27:27 pm","NAUKRI","Java Back End Developer -N","Tata Consultancy Services","Hyderabad, Chennai, Bengaluru","SKIPPED","https://www.naukri.com/job-listings-java-back-end-developer-n-tata-consultancy-services-hyderabad-chennai-bengaluru-5-to-8-years-170826011670","","unknown_state"
"job_1790855847222_4zz09","1/10/2026, 5:27:27 pm","NAUKRI","Java Back End Developer","Infosys","Hyderabad","SKIPPED","https://www.naukri.com/job-listings-java-back-end-developer-tekskills-hyderabad-6-to-11-years-180826927309","","unknown_state"
"job_1790855847222_jbk5c","1/10/2026, 5:27:27 pm","NAUKRI","Java Back End Developer","eLabs Infotech","Hyderabad, Pune","SKIPPED","https://www.naukri.com/job-listings-java-back-end-developer-elabs-infotech-hyderabad-pune-5-to-10-years-110826033122","","unknown_state"
"job_1790855847222_q3sy5","1/10/2026, 5:27:27 pm","NAUKRI","Java Backend Developer - MongoDB","Cloudxtreme","Hyderabad","SKIPPED","https://www.naukri.com/job-listings-java-backend-developer-mongodb-cloudxtreme-hyderabad-5-to-10-years-190826010141","","unknown_state"
"job_1790855847223_ysxtm","1/10/2026, 5:27:27 pm","NAUKRI","Senior Java Backend Developer","Leading Client","Hyderabad","SKIPPED","https://www.naukri.com/job-listings-senior-java-backend-developer-serendipity-corporate-services-hyderabad-6-to-11-years-250826912457","","unknown_state"
"job_1790855847223_m5lsn","1/10/2026, 5:27:27 pm","NAUKRI","Senior Java Backend Developer","Leading Client","Hyderabad","SKIPPED","https://www.naukri.com/job-listings-senior-java-backend-developer-serendipity-corporate-services-hyderabad-6-to-9-years-240826908444","","unknown_state"
"job_1790855847223_z1it4","1/10/2026, 5:27:27 pm","NAUKRI","Senior Java Backend Developer - 7+ Years","Leading MNC","Hybrid - Hyderabad, Chennai, Bengaluru","SKIPPED","https://www.naukri.com/job-listings-senior-java-backend-developer-7-years-sdna-global-hyderabad-chennai-bengaluru-8-to-13-years-100826023169","","unknown_state"
"job_1790855847224_2ybow","1/10/2026, 5:27:27 pm","NAUKRI","Java Backend Developer (Microservices)","Tech Mahindra","Hybrid - Hyderabad, Chennai, Delhi / NCR","SKIPPED","https://www.naukri.com/job-listings-java-backend-developer-microservices-tech-mahindra-hyderabad-chennai-delhi-ncr-6-to-11-years-120826017543","","unknown_state"
"job_1790855847224_ynjvs","1/10/2026, 5:27:27 pm","NAUKRI","Java Back End Developer","e Labs Infotech Pvt Ltd","Hyderabad, Pune","SKIPPED","https://www.naukri.com/job-listings-java-back-end-developer-elabs-infotech-hyderabad-pune-4-to-9-years-110826032744","","unknown_state"
"job_1790855847224_qoi7o","1/10/2026, 5:27:27 pm","NAUKRI","Java Backend Developer with FICO decision management suite","CGI","Hybrid - Hyderabad","SKIPPED","https://www.naukri.com/job-listings-java-backend-developer-with-fico-decision-management-suite-cgi-hyderabad-5-to-9-years-260826031358","","unknown_state"
"job_1790855847224_4iod2","1/10/2026, 5:27:27 pm","NAUKRI","Senior Software Engineer- Java Backend Developer","CGI","Hyderabad, Chennai, Bengaluru","SKIPPED","https://www.naukri.com/job-listings-senior-software-engineer-java-backend-developer-cgi-hyderabad-chennai-bengaluru-7-to-10-years-100826017986","","unknown_state"
"job_1790855847224_pzslw","1/10/2026, 5:27:27 pm","NAUKRI","Urgent Req : Java Backend Developer | Immediate Joiner","EY","Hybrid - Hyderabad, Gurugram, Bengaluru","SKIPPED","https://www.naukri.com/job-listings-urgent-req-java-backend-developer-immediate-joiner-ey-hyderabad-gurugram-bengaluru-4-to-8-years-010926022895","","unknown_state"
"job_1790855847225_cnqai","1/10/2026, 5:27:27 pm","NAUKRI","Java Back End Developer","Mergen Corporates","Hyderabad, Chennai, Bengaluru","SKIPPED","https://www.naukri.com/job-listings-java-back-end-developer-mergen-corporates-hyderabad-chennai-bengaluru-7-to-12-years-180826043464","","unknown_state"
"job_1790855847225_nuhox","1/10/2026, 5:27:27 pm","NAUKRI","Java Back End Developer","Think People Solutions","Hyderabad","SKIPPED","https://www.naukri.com/job-listings-java-back-end-developer-think-people-solutions-hyderabad-7-to-12-years-110826019563","","unknown_state"
"job_1790855847225_rqqqb","1/10/2026, 5:27:27 pm","NAUKRI","Java Back End Developer","Tekskills","Hyderabad","SKIPPED","https://www.naukri.com/job-listings-java-back-end-developer-tekskills-hyderabad-8-to-13-years-100826014165","","unknown_state"
"job_1790855847225_xmwei","1/10/2026, 5:27:27 pm","NAUKRI","Senior Java backend developer","Virtusa","Hyderabad, Pune, Chennai","SKIPPED","https://www.naukri.com/job-listings-senior-java-backend-developer-virtusa-hyderabad-pune-chennai-8-to-15-years-100926012584","","unknown_state"
"job_1790855847226_sioin","1/10/2026, 5:27:27 pm","NAUKRI","Java Backend Developer.","Cloudxtreme","Hyderabad, Chennai, Bengaluru","SKIPPED","https://www.naukri.com/job-listings-java-backend-developer-cloudxtreme-hyderabad-chennai-bengaluru-8-to-12-years-040926924766","","unknown_state"
"job_1790855847226_6ew7j","1/10/2026, 5:27:27 pm","NAUKRI","Java backend developer with Kafka Oracle","Tech Mahindra","Hybrid - Hyderabad, Pune","SKIPPED","https://www.naukri.com/job-listings-java-backend-developer-with-kafka-oracle-tech-mahindra-hyderabad-pune-7-to-12-years-030926012909","","unknown_state"
"job_1790855847226_rz7y3","1/10/2026, 5:27:27 pm","NAUKRI","Java Backend Developer - Hacker Earth Test","Cloudxtreme","Hyderabad, Bengaluru","SKIPPED","https://www.naukri.com/job-listings-java-backend-developer-hacker-earth-test-cloudxtreme-hyderabad-bengaluru-6-to-10-years-190626006509","","unknown_state"
"job_1790855847226_8uykl","1/10/2026, 5:27:27 pm","NAUKRI","Java Full Stack Developer","Cerebra","Hyderabad(Adibatla)","SKIPPED","https://www.naukri.com/job-listings-java-full-stack-developer-cerebra-hyderabad-8-to-13-years-110926003585","","unknown_state"
"job_1790855847227_jmh5k","1/10/2026, 5:27:27 pm","NAUKRI","Java Back End Developer","Live Connections","Hyderabad, Chennai, Bengaluru","SKIPPED","https://www.naukri.com/job-listings-java-back-end-developer-live-connections-hyderabad-chennai-bengaluru-8-to-13-years-090926029211","","unknown_state"
"job_1790855847227_9xz2u","1/10/2026, 5:27:27 pm","NAUKRI","Java Back End Developer","Ankyah Infinity","Bengaluru","SKIPPED","https://www.naukri.com/job-listings-java-back-end-developer-ankyah-infinity-bengaluru-1-to-6-years-090926013367","","unknown_state"
"job_1790855847228_8noe6","1/10/2026, 5:27:27 pm","NAUKRI","Java Back End Developer","Newgen","Bengaluru","SKIPPED","https://www.naukri.com/job-listings-java-back-end-developer-naukri-e-hire-campaign-bengaluru-1-to-3-years-080926009694","","unknown_state"
"job_1790855847228_uxt1m","1/10/2026, 5:27:27 pm","NAUKRI","Java Back End Developer","Avom Consultants","Bengaluru, Pune, Delhi / NCR","SKIPPED","https://www.naukri.com/job-listings-java-back-end-developer-avom-consultants-pune-bengaluru-delhi-ncr-1-to-6-years-240826004506","","unknown_state"
"job_1790855847228_a2wjs","1/10/2026, 5:27:27 pm","NAUKRI","Backend Developer- Java (Senior Software Engineer I/II)","MakeMyTrip","Bengaluru","SKIPPED","https://www.naukri.com/job-listings-backend-developer-java-senior-software-engineer-i-ii-makemytrip-bengaluru-2-to-7-years-021123008584","","unknown_state"
"job_1790855847228_xhn3m","1/10/2026, 5:27:27 pm","NAUKRI","Java Back End Developer","Altimetrik","Hybrid - Hyderabad, Bengaluru, Pune","SKIPPED","https://www.naukri.com/job-listings-java-back-end-developer-altimetrik-hyderabad-pune-bengaluru-7-to-10-years-100926023752","","unknown_state"
"job_1790855847229_bst6y","1/10/2026, 5:27:27 pm","NAUKRI","Java Back End Developer","Altimetrik","Hybrid - Hyderabad, Bengaluru, Pune","SKIPPED","https://www.naukri.com/job-listings-java-back-end-developer-altimetrik-hyderabad-pune-bengaluru-6-to-10-years-100926023134","","unknown_state"
"job_1790855847229_n839y","1/10/2026, 5:27:27 pm","NAUKRI","Java Back End Developer","Infosys","Hybrid - Hyderabad, Bengaluru, Chennai","SKIPPED","https://www.naukri.com/job-listings-java-back-end-developer-infosys-hyderabad-chennai-bengaluru-5-to-9-years-280326014108","","unknown_state"
"job_1790855847229_jvp8g","1/10/2026, 5:27:27 pm","NAUKRI","Java Backend Developer","NTT DATA BUSINESS SOLUTIONS","Bengaluru","SKIPPED","https://www.naukri.com/job-listings-java-backend-developer-ntt-data-services-india-private-limited-bengaluru-10-to-15-years-210826925172","","unknown_state"
"job_1790855847230_as2x5","1/10/2026, 5:27:27 pm","NAUKRI","Java Back End Developer- N","Tata Consultancy Services","Hyderabad, Bengaluru, Chennai","SKIPPED","https://www.naukri.com/job-listings-java-back-end-developer-n-tata-consultancy-services-hyderabad-chennai-bengaluru-5-to-8-years-290626031046","","unknown_state"
"job_1790855847231_g919p","1/10/2026, 5:27:27 pm","NAUKRI","Java Back End Developer","MnC","Hybrid - Bengaluru, Noida, Pune","SKIPPED","https://www.naukri.com/job-listings-java-back-end-developer-advance-career-solutions-noida-pune-bengaluru-3-to-8-years-050926011312","","unknown_state"
"job_1790855847231_cjxeo","1/10/2026, 5:27:27 pm","NAUKRI","Java Back End Developer","Smart Ims","Bengaluru","SKIPPED","https://www.naukri.com/job-listings-java-back-end-developer-smart-ims-bengaluru-3-to-5-years-060826014190","","unknown_state"
"job_1790855847231_py3mb","1/10/2026, 5:27:27 pm","NAUKRI","Java Back End Developer","Cloudxtreme","Bengaluru","SKIPPED","https://www.naukri.com/job-listings-java-back-end-developer-cloudxtreme-bengaluru-7-to-12-years-040926924831","","unknown_state"
"job_1790855847231_a868a","1/10/2026, 5:27:27 pm","NAUKRI","Java Back End Developer & AWS Cloud","Tata Consultancy Services","Bengaluru, Pune, Chennai","SKIPPED","https://www.naukri.com/job-listings-java-back-end-developer-aws-cloud-tata-consultancy-services-pune-chennai-bengaluru-6-to-10-years-110926000115","","unknown_state"
"job_1790855847232_xz84f","1/10/2026, 5:27:27 pm","NAUKRI","Java Back End Developer","TENARAI TECHNOLOGIES PRIVATE LIMITED","Hybrid - Bengaluru","SKIPPED","https://www.naukri.com/job-listings-java-back-end-developer-tenarai-technologies-private-limited-bengaluru-6-to-10-years-090926012088","","unknown_state"
"job_1790855847232_uvloj","1/10/2026, 5:27:27 pm","NAUKRI","Java Back End Developer","Cloudxtreme","Bengaluru","SKIPPED","https://www.naukri.com/job-listings-java-back-end-developer-cloudxtreme-bengaluru-6-to-11-years-040926924717","","unknown_state"
"job_1790855847232_xd1sy","1/10/2026, 5:27:27 pm","NAUKRI","Java Back End Developer","LTM","Hybrid - Bengaluru","SKIPPED","https://www.naukri.com/job-listings-java-back-end-developer-ltm-bengaluru-8-to-11-years-090926015668","","unknown_state"
"job_1790855847232_1fq8g","1/10/2026, 5:27:27 pm","NAUKRI","Java Back End Developer - Bangalore -N","Tata Consultancy Services","Bengaluru","SKIPPED","https://www.naukri.com/job-listings-java-back-end-developer-bangalore-n-tata-consultancy-services-bengaluru-5-to-8-years-170826001475","","unknown_state"
"job_1790855847232_vz089","1/10/2026, 5:27:27 pm","NAUKRI","Java Back End Developer","CloudXtremeTechnologies","Bengaluru","SKIPPED","https://www.naukri.com/job-listings-java-back-end-developer-cloudxtreme-bengaluru-6-to-9-years-040926927969","","unknown_state"
"job_1790855847232_s6of7","1/10/2026, 5:27:27 pm","NAUKRI","Java Back End Developer","Tech Mahindra","Hybrid - Bengaluru, Pune, Chennai","SKIPPED","https://www.naukri.com/job-listings-java-back-end-developer-tech-mahindra-pune-chennai-bengaluru-6-to-11-years-010926032101","","unknown_state"
"job_1790855847233_gsbdt","1/10/2026, 5:27:27 pm","NAUKRI","Java Back End Developer","Virtusa","Bengaluru","SKIPPED","https://www.naukri.com/job-listings-java-back-end-developer-virtusa-bengaluru-6-to-10-years-010926014348","","unknown_state"
"job_1790855847233_24wsk","1/10/2026, 5:27:27 pm","NAUKRI","Java Back End Developer","Intellistaff services pvt ltd","Hybrid - Bengaluru, Pune, Chennai","SKIPPED","https://www.naukri.com/job-listings-java-back-end-developer-intellistaff-pune-chennai-bengaluru-6-to-11-years-020926035420","","unknown_state"
"job_1790855847233_83ddy","1/10/2026, 5:27:27 pm","NAUKRI","Java Back End Developer","Varite","Hybrid - Bengaluru, Bangalore Rural","SKIPPED","https://www.naukri.com/job-listings-java-back-end-developer-varite-bangalore-rural-bengaluru-5-to-10-years-030926034115","","unknown_state"
"job_1790855847233_lhxo0","1/10/2026, 5:27:27 pm","NAUKRI","Java Back End Developer","Quess IT Solutions","Hybrid - Bengaluru","SKIPPED","https://www.naukri.com/job-listings-java-back-end-developer-quess-bengaluru-7-to-12-years-280826009200","","unknown_state"
"job_1790855847233_zdcbc","1/10/2026, 5:27:27 pm","NAUKRI","Java Back End Developer","MNR Solutions","Bengaluru(Hoodi)","SKIPPED","https://www.naukri.com/job-listings-java-back-end-developer-mnr-solutions-bengaluru-7-to-12-years-030926022458","","unknown_state"
"job_1790855847234_0sj0d","1/10/2026, 5:27:27 pm","NAUKRI","Walk-in || Senior Java backend developer","Impelsys","Hybrid - Bengaluru","SKIPPED","https://www.naukri.com/job-listings-senior-java-backend-developer-impelsys-bengaluru-6-to-9-years-040926024090","","no_apply_button"
"job_1790855847234_5atlp","1/10/2026, 5:27:27 pm","NAUKRI","Java Backend Developer with Gen AI","Infosys","Bengaluru","SKIPPED","https://www.naukri.com/job-listings-java-backend-developer-with-gen-ai-infosys-limited-bengaluru-5-to-10-years-200826920716","","unknown_state"
"job_1790855847234_cny15","1/10/2026, 5:27:27 pm","NAUKRI","Urgent requirement For Java Backend Developer @ Altimetrik","Altimetrik","Hybrid - Bengaluru, Pune, Chennai","SKIPPED","https://www.naukri.com/job-listings-urgent-requirement-for-java-backend-developer-altimetrik-altimetrik-pune-chennai-bengaluru-6-to-11-years-100926019520","","unknown_state"
"job_1790855847234_3jq7l","1/10/2026, 5:27:27 pm","NAUKRI","Java Backend Developer","Tech Mahindra","Mumbai","SKIPPED","https://www.naukri.com/job-listings-java-backend-developer-naukri-e-hire-campaign-mumbai-1-to-4-years-070926003879","","unknown_state"
"job_1790855847234_7vo3q","1/10/2026, 5:27:27 pm","NAUKRI","Java Backend developer","Tech Mahindra","Mumbai","SKIPPED","https://www.naukri.com/job-listings-java-backend-developer-naukri-e-hire-campaign-mumbai-2-to-3-years-070926003541","","unknown_state"
"job_1790855847235_cue56","1/10/2026, 5:27:27 pm","NAUKRI","Java Back End Developer","Rainclouds Global Solutions","Hybrid - Pune(Viman Nagar)","SKIPPED","https://www.naukri.com/job-listings-java-back-end-developer-rainclouds-global-solutions-pune-2-to-6-years-040926030314","","unknown_state"
"job_1790855847235_kf6uu","1/10/2026, 5:27:27 pm","NAUKRI","Java Back End Developer","IntraEdge Technology","Hybrid - Pune","SKIPPED","https://www.naukri.com/job-listings-java-back-end-developer-intraedge-technology-pune-1-to-2-years-170826012154","","unknown_state"
"job_1790855847235_5xx8v","1/10/2026, 5:27:27 pm","NAUKRI","Java Backend Developer || Noida","Amar Ujala","Noida(Sector 59)","SKIPPED","https://www.naukri.com/job-listings-java-backend-developer-noida-amar-ujala-noida-2-to-4-years-290826009316","","unknown_state"
"job_1790855847236_fqyl3","1/10/2026, 5:27:27 pm","NAUKRI","Java/Spring Boot Developer - Backend Technologies","Forward Eye Technologies","Pune","SKIPPED","https://www.naukri.com/job-listings-java-spring-boot-developer-backend-technologies-forward-eye-technologies-pune-1-to-3-years-210826935437","","unknown_state"
"job_1790855847236_gy6dy","1/10/2026, 5:27:27 pm","NAUKRI","Java/Spring Boot Developer - Backend Technologies","Forward Eye Technologies","Noida","SKIPPED","https://www.naukri.com/job-listings-java-spring-boot-developer-backend-technologies-forward-eye-technologies-noida-1-to-3-years-210826930363","","unknown_state"
"job_1790855847236_4z7xt","1/10/2026, 5:27:27 pm","NAUKRI","Backend Developer(Java, AWS & System Design)-Prod based Startup- Pune","A Client of Seventh contact Hiring solutions","Hybrid - Pune(Yerwada)","SKIPPED","https://www.naukri.com/job-listings-backend-developer-java-aws-system-design-prod-based-startup-pune-seventh-contact-hiring-solutions-pune-2-to-6-years-070926021047","","unknown_state"
"job_1790855847237_eavig","1/10/2026, 5:27:27 pm","NAUKRI","Backend Developer - Java/Spring Boot","Forward Eye Technologies","Pune","SKIPPED","https://www.naukri.com/job-listings-backend-developer-java-spring-boot-forward-eye-technologies-pune-1-to-3-years-210826935435","","unknown_state"
"job_1790855847237_12dcj","1/10/2026, 5:27:27 pm","NAUKRI","Java Backend Developer","Hiring Squad","Bengaluru","SKIPPED","https://www.naukri.com/job-listings-java-backend-developer-hiring-squad-bengaluru-6-to-11-years-080926030780","","unknown_state"
"job_1790855847237_3j4wc","1/10/2026, 5:27:27 pm","NAUKRI","Java Backend Developer","Tata Consultancy Services","Thiruvananthapuram","SKIPPED","https://www.naukri.com/job-listings-java-backend-developer-albireo-thiruvananthapuram-8-to-13-years-070926002723","","unknown_state"
"job_1790855847237_7o2yz","1/10/2026, 5:27:27 pm","NAUKRI","Java Backend Developer","NTT DATA, Inc.","Hybrid - Pune","SKIPPED","https://www.naukri.com/job-listings-java-backend-developer-ntt-data-inc-pune-5-to-10-years-270826018651","","unknown_state"
"job_1790855847237_4p5dg","1/10/2026, 5:27:27 pm","NAUKRI","Java Backend Developer","Steersman Talent Acquisition","Mumbai (All Areas)(Andheri)","SKIPPED","https://www.naukri.com/job-listings-java-backend-developer-steersman-talent-acquisition-mumbai-all-areas-5-to-8-years-170626032913","","unknown_state"
"job_1790855847237_0i42h","1/10/2026, 5:27:27 pm","NAUKRI","Java Backend Developer","Epam Systems","Hyderabad, Bengaluru","SKIPPED","https://www.naukri.com/job-listings-java-backend-developer-epam-systems-hyderabad-bengaluru-5-to-9-years-200826016133","","unknown_state"
"job_1790855847238_xg0aa","1/10/2026, 5:27:27 pm","NAUKRI","Java Backend Developer","Solugenix","Hybrid - Hyderabad, Bengaluru","SKIPPED","https://www.naukri.com/job-listings-java-backend-developer-solugenix-hyderabad-bengaluru-8-to-10-years-100826011664","","unknown_state"
"job_1790855847238_neyh1","1/10/2026, 5:27:27 pm","NAUKRI","Java Backend Developer","e-Labs Infotech","Hybrid - Hyderabad, Pune","SKIPPED","https://www.naukri.com/job-listings-java-backend-developer-elabs-infotech-hyderabad-pune-5-to-8-years-130826031046","","unknown_state"
"job_1790855847238_c9f7v","1/10/2026, 5:27:27 pm","NAUKRI","Java Back End Developer","Innova Solutions","Hybrid - Bengaluru","SKIPPED","https://www.naukri.com/job-listings-java-back-end-developer-innova-solutions-bengaluru-3-to-6-years-080926030366","","unknown_state"
"job_1790855847238_12yqq","1/10/2026, 5:27:27 pm","NAUKRI","Java Backend Developer","Web Digital Mantra It Services","Remote","SKIPPED","https://www.naukri.com/job-listings-java-backend-developer-web-digital-mantra-it-solutions-remote-5-to-10-years-110826508332","","unknown_state"
"job_1790855847239_j42zk","1/10/2026, 5:27:27 pm","NAUKRI","Java Backend Developer","Tekskills India","Hyderabad","SKIPPED","https://www.naukri.com/job-listings-java-backend-developer-tekskills-hyderabad-6-to-11-years-180826938654","","unknown_state"
"job_1790855847239_1vozn","1/10/2026, 5:27:27 pm","NAUKRI","Java Back End Developer","Capgemini","Hybrid - Mumbai (All Areas), Bengaluru","SKIPPED","https://www.naukri.com/job-listings-java-back-end-developer-capgemini-bengaluru-mumbai-all-areas-6-to-9-years-110926004018","","unknown_state"
"job_1790855847239_2svhy","1/10/2026, 5:27:27 pm","NAUKRI","Backend Java Developer","Tata Consultancy Services","Hyderabad, Kolkata, Bengaluru","SKIPPED","https://www.naukri.com/job-listings-backend-java-developer-tata-consultancy-services-kolkata-hyderabad-bengaluru-8-to-13-years-270126013380","","unknown_state"
"job_1790855847239_chgp1","1/10/2026, 5:27:27 pm","NAUKRI","Java Backend Developer","Leading Client","Hyderabad","SKIPPED","https://www.naukri.com/job-listings-java-backend-developer-talent21-management-shared-services-pvt-ltd-hyderabad-6-to-9-years-030926923055","","unknown_state"
"job_1790855847239_l6huj","1/10/2026, 5:27:27 pm","NAUKRI","Backend Java Developer","Nisum","Hyderabad","SKIPPED","https://www.naukri.com/job-listings-backend-java-developer-nisum-hyderabad-8-to-13-years-070926006378","","unknown_state"
"job_1790855847239_1qkst","1/10/2026, 5:27:27 pm","NAUKRI","Backend Java Developer","Nisum","Hyderabad","SKIPPED","https://www.naukri.com/job-listings-backend-java-developer-nisum-hyderabad-8-to-13-years-040926028005","","unknown_state"
"job_1790855847240_dsu6m","1/10/2026, 5:27:27 pm","NAUKRI","Backend Java Developer","Insight Global","Hyderabad","SKIPPED","https://www.naukri.com/job-listings-backend-java-developer-insight-global-hyderabad-6-to-11-years-110826017881","","unknown_state"
"job_1790855847240_dghs1","1/10/2026, 5:27:27 pm","NAUKRI","Senior Java Developer","Epam Systems","Hyderabad, Chennai, Bengaluru","SKIPPED","https://www.naukri.com/job-listings-senior-java-developer-epam-systems-hyderabad-chennai-bengaluru-5-to-9-years-020926009189","","unknown_state"
"job_1790855847240_z02of","1/10/2026, 5:27:27 pm","NAUKRI","Backend Java Developer","CGI","Hyderabad","SKIPPED","https://www.naukri.com/job-listings-backend-java-developer-naukri-e-hire-campaign-hyderabad-8-to-12-years-180826035670","","unknown_state"
"job_1790855847240_vcxd2","1/10/2026, 5:27:27 pm","NAUKRI","Backend Java Developer","Abacus Service","Bengaluru","SKIPPED","https://www.naukri.com/job-listings-backend-java-developer-abacus-service-bengaluru-6-to-10-years-100926029792","","unknown_state"
"job_1790855847240_6mdi8","1/10/2026, 5:27:27 pm","NAUKRI","Backend Java Developer","Acesoft Labs","Bengaluru","SKIPPED","https://www.naukri.com/job-listings-backend-java-developer-acesoft-labs-bengaluru-4-to-6-years-100926015335","","unknown_state"
"job_1790855847241_ga50v","1/10/2026, 5:27:27 pm","NAUKRI","Z2 Backend Developer (JAVA Spring Boot Microservices)","NTT DATA BUSINESS SOLUTIONS","Bengaluru","SKIPPED","https://www.naukri.com/job-listings-z2-backend-developer-java-spring-boot-microservices-ntt-data-services-india-limited-bengaluru-3-to-4-years-090926908089","","unknown_state"
"job_1790855847241_ks81g","1/10/2026, 5:27:27 pm","NAUKRI","Backend Java Developer (sixty To hundred USD per hour fully remote)","pro integrate","Remote","SKIPPED","https://www.naukri.com/job-listings-backend-java-developer-sixty-to-hundred-usd-per-hour-fully-remote-prointegrate-world-it-consulting-bengaluru-5-to-8-years-210826000165","","unknown_state"
"job_1790855847241_hr0pz","1/10/2026, 5:27:27 pm","NAUKRI","Backend Java Developer","Thinkapps Solutions","Bengaluru, Bangalore Rural","SKIPPED","https://www.naukri.com/job-listings-backend-java-developer-thinkapps-solutions-bangalore-rural-bengaluru-4-to-8-years-260826020478","","unknown_state"
"job_1790855847242_h4398","1/10/2026, 5:27:27 pm","NAUKRI","Senior Software Engineer","Newgen","Hyderabad","SKIPPED","https://www.naukri.com/job-listings-senior-software-engineer-newgen-hyderabad-2-to-4-years-160726018863","","unknown_state"
"job_1790855847242_e5v94","1/10/2026, 5:27:27 pm","NAUKRI","Software Developer (Java Full Stack / Python GenAI)","Infosys","Hyderabad","SKIPPED","https://www.naukri.com/job-listings-software-developer-java-full-stack-python-genai-infosys-limited-hyderabad-2-to-5-years-180826942642","","unknown_state"
"job_1790855847242_zymzz","1/10/2026, 5:27:27 pm","NAUKRI","Software Engineer","Experian","Hyderabad","SKIPPED","https://www.naukri.com/job-listings-software-engineer-experian-services-india-private-limited-hyderabad-2-to-7-years-170826927445","","unknown_state"
"job_1790855847243_xdtx1","1/10/2026, 5:27:27 pm","NAUKRI","Angular Full Stack Developer | Angular + Java + Spring Boot | 4-8 Year","Bizionic Technologies & Marketing Solutions","Hyderabad(Rajbhavan Road)","SKIPPED","https://www.naukri.com/job-listings-angular-full-stack-developer-angular-java-spring-boot-4-8-year-bizionic-technologies-marketing-solutions-hyderabad-3-to-5-years-260826019435","","unknown_state"
"job_1790855847243_0xo3t","1/10/2026, 5:27:27 pm","NAUKRI","Java Full Stack Developer","Indian MNC","Hybrid - Hyderabad, Indore, Pune","SKIPPED","https://www.naukri.com/job-listings-java-full-stack-developer-alike-thoughts-indore-hyderabad-pune-7-to-12-years-100926009224","","unknown_state"
"job_1790855847244_6m6vb","1/10/2026, 5:27:27 pm","NAUKRI","Software Engineer","Thyrocare","Bengaluru","SKIPPED","https://www.naukri.com/job-listings-software-engineer-thyrocare-bengaluru-1-to-3-years-100926013598","","unknown_state"
"job_1790855847244_vxpvq","1/10/2026, 5:27:27 pm","NAUKRI","Software Engineer at A FinTech Company","Talentzo Delhi","Remote","SKIPPED","https://www.naukri.com/job-listings-software-engineer-at-a-fintech-company-talentzo-delhi-bengaluru-0-to-3-years-190826036962","","unknown_state"
"job_1790855847245_vnme1","1/10/2026, 5:27:27 pm","NAUKRI","Java Full Stack Developer","Infosys","Hybrid - Hyderabad, Bengaluru, Chennai","SKIPPED","https://www.naukri.com/job-listings-java-full-stack-developer-infosys-hyderabad-chennai-bengaluru-10-to-20-years-110926003300","","unknown_state"
"job_1790855847245_44q4t","1/10/2026, 5:27:27 pm","NAUKRI","Java Full Stack Developer 9- 15 yrs","Infosys","Hybrid - Hyderabad, Bengaluru, Chennai","SKIPPED","https://www.naukri.com/job-listings-java-full-stack-developer-9-15-yrs-infosys-hyderabad-chennai-bengaluru-9-to-14-years-100926015919","","unknown_state"
"job_1790855847245_2hzmb","1/10/2026, 5:27:27 pm","NAUKRI","Senior Software Engineer","Expertshub Ai","Mumbai (All Areas), Bengaluru, Gurugram","SKIPPED","https://www.naukri.com/job-listings-senior-software-engineer-expertshub-ai-gurugram-bengaluru-mumbai-all-areas-5-to-8-years-090926010037","","unknown_state"
"job_1790855847245_2kd2f","1/10/2026, 5:27:27 pm","NAUKRI","Senior Software Engineer-Java Backend","CGI","Bengaluru","SKIPPED","https://www.naukri.com/job-listings-senior-software-engineer-java-backend-cgi-information-systems-and-management-consultants-bengaluru-8-to-13-years-140826914409","","unknown_state"
"job_1790855847245_g2c2n","1/10/2026, 5:27:27 pm","NAUKRI","java backend with reactjs","Cloudxtreme","Bengaluru","SKIPPED","https://www.naukri.com/job-listings-java-backend-with-reactjs-cloudxtreme-bengaluru-6-to-11-years-040926924221","","unknown_state"
"job_1790855847246_jeeh2","1/10/2026, 5:27:27 pm","NAUKRI","Senior Backend Developer - Kotlin/Java","Forward Eye Technologies","Pune","SKIPPED","https://www.naukri.com/job-listings-senior-backend-developer-kotlin-java-forward-eye-technologies-pune-2-to-4-years-210826936257","","unknown_state"
"job_1790855847246_7qi2g","1/10/2026, 5:27:27 pm","NAUKRI","Senior Backend Developer - Kotlin/Java","Forward Eye Technologies","Noida","SKIPPED","https://www.naukri.com/job-listings-senior-backend-developer-kotlin-java-forward-eye-technologies-noida-2-to-4-years-210826931309","","unknown_state"
"job_1790855847246_jo8qa","1/10/2026, 5:27:27 pm","NAUKRI","Backend Developer - Java/Spring Boot","Forward Eye Technologies","Noida","SKIPPED","https://www.naukri.com/job-listings-backend-developer-java-spring-boot-forward-eye-technologies-noida-1-to-3-years-210826930360","","unknown_state"
"job_1790855847247_eybo1","1/10/2026, 5:27:27 pm","NAUKRI","Java Springboot Developer","Infosys","Thiruvananthapuram","SKIPPED","https://www.naukri.com/job-listings-java-springboot-developer-infosys-limited-thiruvananthapuram-2-to-5-years-300626926259","","unknown_state"
"job_1790855847247_y79ad","1/10/2026, 5:27:27 pm","NAUKRI","Java Backend Developer","Capgemini","Hyderabad","SKIPPED","https://www.naukri.com/job-listings-java-backend-developer-capgemini-technology-services-india-limited-hyderabad-10-to-15-years-030926923017","","unknown_state"
"job_1790855847247_0esdc","1/10/2026, 5:27:27 pm","NAUKRI","Java Backend Developer - Quarkus","Clover Infotech","Navi Mumbai, Mumbai (All Areas), Thane","SKIPPED","https://www.naukri.com/job-listings-java-backend-developer-quarkus-clover-infotech-thane-navi-mumbai-mumbai-all-areas-4-to-7-years-090926012681","","unknown_state"
"job_1790855847248_ufu5n","1/10/2026, 5:27:27 pm","NAUKRI","Backend Java Developer","Winjit Technologies","Mumbai","SKIPPED","https://www.naukri.com/job-listings-backend-java-developer-winjit-technologies-mumbai-3-to-5-years-080926035362","","unknown_state"
"job_1790855847248_xdzwu","1/10/2026, 5:27:27 pm","NAUKRI","Java Backend Developer","Innova AM Tech","Mumbai, Bengaluru","SKIPPED","https://www.naukri.com/job-listings-java-backend-developer-innova-esi-mumbai-bengaluru-5-to-10-years-100926917633","","unknown_state"
"job_1790855847248_024uy","1/10/2026, 5:27:27 pm","NAUKRI","Java Full Stack Developer (Angular/React)(2-3 Years)","Infosys","Hybrid - Bengaluru, Pune, Chennai","SKIPPED","https://www.naukri.com/job-listings-java-full-stack-developer-angular-react-2-3-years-infosys-pune-chennai-bengaluru-2-to-3-years-060826033871","","unknown_state"
"job_1790855847248_hp0au","1/10/2026, 5:27:27 pm","NAUKRI","Software Engineer / PayX Developer","Comviva Technology","Gurugram","SKIPPED","https://www.naukri.com/job-listings-software-engineer-payx-developer-comviva-technology-gurugram-2-to-4-years-260826024333","","unknown_state"
"job_1790855847249_oyxzd","1/10/2026, 5:27:27 pm","NAUKRI","Java Full Stack Developer","Clover Infotech","Pune","SKIPPED","https://www.naukri.com/job-listings-java-full-stack-developer-clover-infotech-pune-2-to-4-years-080926014085","","unknown_state"
"job_1790855847249_yvzjr","1/10/2026, 5:27:27 pm","NAUKRI","Java Full Stack Developer","Ample Softech System","Mumbai (All Areas), Nagpur, Pune","SKIPPED","https://www.naukri.com/job-listings-java-full-stack-developer-ample-softech-system-nagpur-pune-mumbai-all-areas-0-to-4-years-020926019243","","unknown_state"
"job_1790855847249_ih92z","1/10/2026, 5:27:27 pm","NAUKRI","Java Full Stack Developer - Salem","Veetechnologies","Salem","SKIPPED","https://www.naukri.com/job-listings-java-full-stack-developer-salem-veetechnologies-salem-3-to-6-years-070926009548","","unknown_state"
"job_1790855847249_amnmk","1/10/2026, 5:27:27 pm","NAUKRI","Java Full Stack Developer (angular)","Ignitefortune Tech","Remote","SKIPPED","https://www.naukri.com/job-listings-java-full-stack-developer-angular-ignitefortune-tech-chennai-0-to-1-years-070926000093","","unknown_state"
"job_1790855847250_fs9xe","1/10/2026, 5:27:27 pm","NAUKRI","Java Full Stack Developer","Cloudxtreme","Hybrid - Ahmedabad, Gurugram, Jaipur","SKIPPED","https://www.naukri.com/job-listings-java-full-stack-developer-cloudxtreme-ahmedabad-gurugram-jaipur-3-to-8-years-040926924473","","unknown_state"
"job_1790855847250_ynwqv","1/10/2026, 5:27:27 pm","NAUKRI","Java Full Stack Developer","Cloudxtreme","Hybrid - Chennai, Jaipur","SKIPPED","https://www.naukri.com/job-listings-java-full-stack-developer-cloudxtreme-chennai-jaipur-3-to-8-years-040926924470","","unknown_state"
"job_1790855847250_xhxx8","1/10/2026, 5:27:27 pm","NAUKRI","Java Full Stack Developer | Immediate Joiner","Infosys","Hybrid - Bengaluru","SKIPPED","https://www.naukri.com/job-listings-java-full-stack-developer-immediate-joiner-infosys-bengaluru-2-to-3-years-080826000046","","unknown_state"
"job_1790855847250_abdox","1/10/2026, 5:27:27 pm","NAUKRI","Java Full Stack Developer","CONFIDENTIAL","Hybrid - Hyderabad, Chennai, Bengaluru","SKIPPED","https://www.naukri.com/job-listings-java-full-stack-developer-integel-institute-of-technology-tamil-nadu-hyderabad-chennai-bengaluru-3-to-8-years-100926035678","","unknown_state"
"job_1790855847250_3lh17","1/10/2026, 5:27:27 pm","NAUKRI","Java Developer (2-9 y)","Infosys","Hybrid - Hyderabad, Bengaluru, Pune","SKIPPED","https://www.naukri.com/job-listings-java-developer-2-9-y-infosys-hyderabad-pune-bengaluru-2-to-7-years-100926033756","","unknown_state"
"job_1790855847251_fimuf","1/10/2026, 5:27:27 pm","NAUKRI","Full Stack Developer (Java + React.js / Angular)","Bounteous","Hybrid - Mumbai (All Areas), Bengaluru, Gurugram","SKIPPED","https://www.naukri.com/job-listings-full-stack-developer-java-react-js-angular-bounteous-gurugram-bengaluru-mumbai-all-areas-6-to-11-years-100926032585","","unknown_state"
"job_1790855847251_syclz","1/10/2026, 5:27:27 pm","NAUKRI","Java Backend - Spring boot, Microservices","Tata Consultancy Services","Hyderabad, Bengaluru, Chennai","SKIPPED","https://www.naukri.com/job-listings-java-backend-spring-boot-microservices-tata-consultancy-services-hyderabad-chennai-bengaluru-5-to-10-years-051225930985","","unknown_state"
"job_1790855847251_48va7","1/10/2026, 5:27:27 pm","NAUKRI","Java + Spring Boot + Microservices +Kafka +Mongo- SSE","Cloudxtreme","Hybrid - Hyderabad, Bengaluru","SKIPPED","https://www.naukri.com/job-listings-java-spring-boot-microservices-kafka-mongo-sse-cloudxtreme-hyderabad-bengaluru-5-to-8-years-040926922263","","unknown_state"
"job_1790855847251_g7ts4","1/10/2026, 5:27:27 pm","NAUKRI","JAVA Spring boot/Microservices Full Stack Professional","Infosys","Bengaluru","SKIPPED","https://www.naukri.com/job-listings-java-spring-boot-microservices-full-stack-professional-infosys-limited-bengaluru-5-to-7-years-020726915271","","unknown_state"
"job_1790855847251_v326w","1/10/2026, 5:27:27 pm","NAUKRI","Manager Java Angular","Embarkgcc Services","Bengaluru","SKIPPED","https://www.naukri.com/job-listings-manager-java-angular-embarkgcc-services-bengaluru-10-to-16-years-100926020089","","unknown_state"
"job_1790855847251_dgk2a","1/10/2026, 5:27:27 pm","NAUKRI","Senior Consultant Java Angular","Embarkgcc Services","Bengaluru","SKIPPED","https://www.naukri.com/job-listings-senior-consultant-java-angular-embarkgcc-services-bengaluru-6-to-11-years-100926010031","","unknown_state"
"job_1790855847252_fkans","1/10/2026, 5:27:27 pm","NAUKRI","Backend API Developer Java , Spring Boot , Microservices","Resolvent IT Services Pvt Ltd","Remote","SKIPPED","https://www.naukri.com/job-listings-backend-api-developer-java-spring-boot-microservices-resolvent-it-services-pvt-ltd-bengaluru-4-to-5-years-280826011777","","unknown_state"
"job_1790855847252_ao1mg","1/10/2026, 5:27:27 pm","NAUKRI","Java Back end (Lead /Architect)","IT Comapny","Mumbai (All Areas), Bengaluru, Chennai","SKIPPED","https://www.naukri.com/job-listings-java-back-end-lead-architect-sonyo-management-consultants-chennai-bengaluru-mumbai-all-areas-8-to-13-years-220826011269","","unknown_state"
"job_1790855847252_jrph9","1/10/2026, 5:27:27 pm","NAUKRI","Java with Spring boot & Microservices","tekskills india","Bengaluru","SKIPPED","https://www.naukri.com/job-listings-java-with-spring-boot-microservices-tekskills-bengaluru-5-to-10-years-180826936096","","unknown_state"
"job_1790855847252_p2qcn","1/10/2026, 5:27:27 pm","NAUKRI","Consultant Java Angular","Embarkgcc Services","Bengaluru","SKIPPED","https://www.naukri.com/job-listings-consultant-java-angular-embarkgcc-services-bengaluru-4-to-6-years-100926008140","","unknown_state"
"job_1790855847252_irm2i","1/10/2026, 5:27:27 pm","NAUKRI","Java FS Developer","Tech Mahindra Ltd.","Hyderabad, Pune, Bengaluru","SKIPPED","https://www.naukri.com/job-listings-java-fs-developer-naukri-e-hire-campaign-hyderabad-pune-bengaluru-3-to-9-years-100926019132","","unknown_state"
"job_1790855847252_0iaik","1/10/2026, 5:27:27 pm","NAUKRI","Java Developer","CIEL HR","Bengaluru","SKIPPED","https://www.naukri.com/job-listings-java-developer-ciel-hr-bengaluru-1-to-3-years-070926004638","","unknown_state"
"job_1790855847253_wgfa6","1/10/2026, 5:27:27 pm","NAUKRI","Java Developer | 3-5 Yrs | Bangalore | Immediate Joiners","Sketch Brahma Technologies","Bengaluru","SKIPPED","https://www.naukri.com/job-listings-java-developer-3-5-yrs-bangalore-immediate-joiners-sketch-brahma-technologies-bengaluru-2-to-4-years-240726011345","","unknown_state"
"job_1790855847253_ym65k","1/10/2026, 5:27:27 pm","NAUKRI","Java Developer with Banking / Financial_ Immediate joiners","Atyeti","Hybrid - Bengaluru, Pune, Chennai","SKIPPED","https://www.naukri.com/job-listings-java-developer-with-banking-financial-immediate-joiners-atyeti-pune-chennai-bengaluru-2-to-4-years-010926036981","","unknown_state"
"job_1790855847253_75g2q","1/10/2026, 5:27:27 pm","NAUKRI","Java Developer","Newgen","Bengaluru","SKIPPED","https://www.naukri.com/job-listings-java-developer-newgen-bengaluru-2-to-5-years-280826008937","","unknown_state"
"job_1790855847253_vetcd","1/10/2026, 5:27:27 pm","NAUKRI","Java Developer","NTT DATA BUSINESS SOLUTIONS","Bengaluru","SKIPPED","https://www.naukri.com/job-listings-java-developer-ntt-data-services-india-limited-bengaluru-1-to-6-years-270826924589","","unknown_state"
"job_1790855847253_7k1e7","1/10/2026, 5:27:27 pm","NAUKRI","Java Developer (Pan India).","Infosys","Bengaluru, Pune, Chennai","SKIPPED","https://www.naukri.com/job-listings-java-developer-pan-india-infosys-pune-chennai-bengaluru-3-to-6-years-050325024788","","unknown_state"
"job_1790855847253_mp3o1","1/10/2026, 5:27:27 pm","NAUKRI","Java Developer","SRS Infoway","Hyderabad, Bengaluru, Chennai","SKIPPED","https://www.naukri.com/job-listings-java-developer-srs-infoway-hyderabad-chennai-bengaluru-7-to-12-years-100926017325","","no_apply_button"
"job_1790855847254_u0uyd","1/10/2026, 5:27:27 pm","NAUKRI","Java Developer","Paramatrix Technologies","Navi Mumbai, Mumbai (All Areas), Thane","SKIPPED","https://www.naukri.com/job-listings-java-developer-paramatrix-technologies-thane-navi-mumbai-mumbai-all-areas-2-to-6-years-090926013624","","no_apply_button"
"job_1790855847254_yd7q6","1/10/2026, 5:27:27 pm","NAUKRI","Java Developer","3i Infotech","Mumbai","SKIPPED","https://www.naukri.com/job-listings-java-developer-3i-infotech-mumbai-1-to-2-years-080926033468","","no_apply_button"
"job_1790855847254_msbpz","1/10/2026, 5:27:27 pm","NAUKRI","Java Developer","Jaguar Solutions","Pune","SKIPPED","https://www.naukri.com/job-listings-java-developer-jaguar-solutions-pvt-ltd-pune-2-to-4-years-100926917642","","no_apply_button"
"job_1790855847254_cetbq","1/10/2026, 5:27:27 pm","NAUKRI","Java Full Stack Developer","Barclays","Pune","SKIPPED","https://www.naukri.com/job-listings-java-full-stack-developer-barclays-shared-services-pune-2-to-8-years-270826501456","","no_apply_button"
"job_1790855847254_uhp96","1/10/2026, 5:27:27 pm","NAUKRI","Java Full Stack Developer - Spring / AngularJS","Forward Eye Technologies","Pune","SKIPPED","https://www.naukri.com/job-listings-java-full-stack-developer-spring-angularjs-forward-eye-technologies-pune-2-to-5-years-210826936505","","no_apply_button"
"job_1790855847254_sq6ec","1/10/2026, 5:27:27 pm","NAUKRI","Software Engineer","Neemtree Internet","Mumbai (All Areas), Pune","SKIPPED","https://www.naukri.com/job-listings-software-engineer-neemtree-internet-pune-mumbai-all-areas-2-to-5-years-070926020101","","no_apply_button"
"job_1790855847254_77gp3","1/10/2026, 5:27:27 pm","NAUKRI","Technical Consultant - Java Full Stack Developer","NTT DATA BUSINESS SOLUTIONS","Pune","SKIPPED","https://www.naukri.com/job-listings-technical-consultant-java-full-stack-developer-ntt-data-services-india-private-limited-pune-1-to-6-years-210826925403","","no_apply_button"
"job_1790855847255_1mm3o","1/10/2026, 5:27:27 pm","NAUKRI","Custom Software Engineer","Accenture","Pune","SKIPPED","https://www.naukri.com/job-listings-custom-software-engineer-accenture-solutions-pvt-ltd-pune-2-to-5-years-240826924774","","no_apply_button"
"job_1790855847255_yupf0","1/10/2026, 5:27:27 pm","NAUKRI","Custom Software Engineer","Accenture","Pune","SKIPPED","https://www.naukri.com/job-listings-custom-software-engineer-accenture-solutions-pvt-ltd-pune-2-to-7-years-010926921329","","no_apply_button"
"job_1790855847255_8wz1q","1/10/2026, 5:27:27 pm","NAUKRI","Java Full Stack Developer","Honeybee Tech Solutions","Pune","SKIPPED","https://www.naukri.com/job-listings-java-full-stack-developer-honeybee-tech-solutions-pune-3-to-5-years-290726027787","","no_apply_button"
"job_1790855847255_k7sti","1/10/2026, 5:27:27 pm","NAUKRI","Java Full Stack Developer (5-15 Years)","Infosys","Hybrid - Pune, Noida, Bengaluru","SKIPPED","https://www.naukri.com/job-listings-java-full-stack-developer-5-15-years-infosys-noida-pune-bengaluru-5-to-10-years-280826011127","","no_apply_button"
"job_1790855847255_5ds7d","1/10/2026, 5:27:27 pm","NAUKRI","Java Full Stack Developer(REACT) INF","Infosys","Hyderabad, Chennai, Bengaluru","SKIPPED","https://www.naukri.com/job-listings-java-full-stack-developer-react-inf-infosys-hyderabad-chennai-bengaluru-2-to-5-years-210726029129","","already_applied"
"job_1790855847255_tbpeu","1/10/2026, 5:27:27 pm","NAUKRI","Lead Developer Java Full stack","CGI","Hybrid - Hyderabad","SKIPPED","https://www.naukri.com/job-listings-lead-developer-java-full-stack-cgi-hyderabad-8-to-13-years-110926006782","","chatbot_unknown"
"job_1790855847255_m94jb","1/10/2026, 5:27:27 pm","NAUKRI","Java Full Stack Developer","Honchoshunters","Hyderabad","SKIPPED","https://www.naukri.com/job-listings-java-full-stack-developer-honchoshunters-hyderabad-5-to-8-years-110926008522","","chatbot_unknown"
"job_1790855847256_uokav","1/10/2026, 5:27:27 pm","NAUKRI","Java Full Stack Developer","Hexaware Technologies","Mumbai (All Areas), Bengaluru, Pune","SKIPPED","https://www.naukri.com/job-listings-java-full-stack-developer-hexaware-technologies-pune-bengaluru-mumbai-all-areas-6-to-11-years-110926016884","","chatbot_unknown"
"job_1790855847256_ryvth","1/10/2026, 5:27:27 pm","NAUKRI","Java Full Stack Developer ( Java + Angular)","Induct Hr Solutions","Thiruvananthapuram","SKIPPED","https://www.naukri.com/job-listings-java-full-stack-developer-java-angular-induct-hr-solutions-thiruvananthapuram-2-to-6-years-110926020050","","chatbot_unknown"
"job_1790855847256_sc6we","1/10/2026, 5:27:27 pm","NAUKRI","Excellent Opportunities For Java Fullstack Professionals","Artizent Infosolutions","Hybrid - Hyderabad, Pune, Bengaluru","SKIPPED","https://www.naukri.com/job-listings-excellent-opportunities-for-java-fullstack-professionals-artizent-infosolutions-hyderabad-pune-bengaluru-6-to-11-years-110926011146","","chatbot_unknown"
"job_1790855847256_i34o3","1/10/2026, 5:27:27 pm","NAUKRI","Fullstack Developer","dishtv","Noida, Greater Noida","SKIPPED","https://www.naukri.com/job-listings-fullstack-developer-dishtv-noida-greater-noida-1-to-4-years-110926008910","","chatbot_unknown"
"job_1790855847256_jv3z1","1/10/2026, 5:27:27 pm","NAUKRI","Java Developer","SRS Infoway","Hybrid - Hyderabad, Bengaluru, Chennai","SKIPPED","https://www.naukri.com/job-listings-java-developer-srs-infoway-hyderabad-chennai-bengaluru-7-to-12-years-110926004693","","chatbot_unknown"
"job_1790855847256_m7k4g","1/10/2026, 5:27:27 pm","NAUKRI","Java Developer","Synechron","Mumbai (All Areas)","SKIPPED","https://www.naukri.com/job-listings-java-developer-synechron-mumbai-all-areas-3-to-5-years-160626033343","","unknown_state"
"job_1790855847257_n6ov1","1/10/2026, 5:27:27 pm","NAUKRI","Java Full Stack Developer (Java + React)","Fidel Softech","Pune, Kalyani Nagar","SKIPPED","https://www.naukri.com/job-listings-java-full-stack-developer-java-react-fidel-softech-limited-pune-kalyani-nagar-6-to-8-years-110926915371","","unknown_state"
"job_1790855847257_s79uf","1/10/2026, 5:27:27 pm","NAUKRI","Sr Java (Full Stack Developer) For Pune","CMM Level5 Company","Hybrid - Pune","SKIPPED","https://www.naukri.com/job-listings-sr-java-full-stack-developer-for-pune-h-b-hr-solutions-pune-10-to-19-years-110926011996","","unknown_state"
"job_1790855847257_fsb3q","1/10/2026, 5:27:27 pm","NAUKRI","Java Full Stack Developer(Angular)-BFSI domain For Pune based Prod Co","A Client of Seventh contact Hiring solutions","Hybrid - Pune","SKIPPED","https://www.naukri.com/job-listings-java-full-stack-developer-angular-bfsi-domain-for-pune-based-prod-co-seventh-contact-hiring-solutions-pune-3-to-5-years-310826022018","","unknown_state"
"job_1790855847258_4he78","1/10/2026, 5:27:27 pm","NAUKRI","Java Developer","Infosys","Hybrid - Hyderabad, Chennai, Bengaluru","SKIPPED","https://www.naukri.com/job-listings-java-developer-infosys-hyderabad-chennai-bengaluru-2-to-7-years-170826028475","","chatbot_unknown"
"job_1790855847258_249bc","1/10/2026, 5:27:27 pm","NAUKRI","Senior Java Backend Developer","Tekskills","Hybrid - Bengaluru","SKIPPED","https://www.naukri.com/job-listings-senior-java-backend-developer-tekskills-bengaluru-10-to-12-years-260826017723","","chatbot_unknown"
"job_1790855847258_sng7o","1/10/2026, 5:27:27 pm","NAUKRI","Senior Java Fullstack Developer","Tekskills","Hybrid - Hyderabad, Pune","SKIPPED","https://www.naukri.com/job-listings-senior-java-fullstack-developer-tekskills-hyderabad-pune-12-to-15-years-100926015874","","chatbot_unknown"
"job_1790855847259_e4b8c","1/10/2026, 5:27:27 pm","NAUKRI","Excellent Opportunities For Java Fullstack Professionals","Artizent Infosolutions","Hybrid - Hyderabad, Pune, Bengaluru","SKIPPED","https://www.naukri.com/job-listings-excellent-opportunities-for-java-fullstack-professionals-artizent-infosolutions-hyderabad-pune-bengaluru-6-to-11-years-100926014033","","chatbot_unknown"
"job_1790855847259_u1tuf","1/10/2026, 5:27:27 pm","LINKEDIN","Senior Backend Engineer","Hey Recruiting Agency","India (Remote)","SKIPPED","https://www.linkedin.com/jobs/view/4465469415/","","Easy Apply modal could not advance"
"job_1790855847259_dlume","1/10/2026, 5:27:27 pm","LINKEDIN","Senior Software Engineer","STEIGEN ELEVATORS","Hyderabad, Telangana, India (On-site)","SKIPPED","https://www.linkedin.com/jobs/view/4465460340/","","Easy Apply modal could not advance"
"job_1790855847260_98dsn","1/10/2026, 5:27:27 pm","NAUKRI","Walk-in || Fullstack Developer","RAPS Consulting India","Hybrid - Hyderabad","SKIPPED","https://www.naukri.com/job-listings-fullstack-developer-raps-professional-services-hyderabad-6-to-10-years-240726026023","","no_apply_button"
"job_1790855847260_nt3j5","1/10/2026, 5:27:27 pm","NAUKRI","Node JS Developer - Navi Mumbai","Jforce Solutions","Mumbai","SKIPPED","https://www.naukri.com/job-listings-node-js-developer-navi-mumbai-jforce-solutions-mumbai-3-to-8-years-010926505526","","no_apply_button"
"job_1790855847260_xp5v4","1/10/2026, 5:27:27 pm","LINKEDIN","L3 Production Support Engineer – Java","Technorover","India (Remote)","SKIPPED","https://www.linkedin.com/jobs/view/4468630756/","","Easy Apply modal could not advance"
"job_1790855847260_62hbg","1/10/2026, 5:27:27 pm","LINKEDIN","Full Stack Developer","Siox Global, LLC","Vadodara, Gujarat, India (On-site)","SKIPPED","https://www.linkedin.com/jobs/view/4466255803/","","Easy Apply modal could not advance"
"job_1790855847261_uwm65","1/10/2026, 5:27:27 pm","LINKEDIN","Java Full stack angular 18 Developer","Zenith Services Inc.","Bengaluru, Karnataka, India (On-site)","SKIPPED","https://www.linkedin.com/jobs/view/4466285153/","","Easy Apply modal could not advance"
"job_1790855847261_9o2xx","1/10/2026, 5:27:27 pm","LINKEDIN","Java Full-Stack Engineer","Flexton Inc.","Bengaluru, Karnataka, India (Hybrid)","SKIPPED","https://www.linkedin.com/jobs/view/4468641509/","","Easy Apply modal could not advance"
"job_1790855847261_y9pqn","1/10/2026, 5:27:27 pm","LINKEDIN","Java Fullstack Developer","Creospan Private Limited","Bengaluru, Karnataka, India (Hybrid)","SKIPPED","https://www.linkedin.com/jobs/view/4468643492/","","Easy Apply modal could not advance"
"job_1790855847261_srumt","1/10/2026, 5:27:27 pm","LINKEDIN","Full Stack Developer - GenAI","QualiZeal","Hyderabad, Telangana, India (On-site)","SKIPPED","https://www.linkedin.com/jobs/view/4445661913/","","Easy Apply modal could not advance"
"job_1790855847261_4y4cz","1/10/2026, 5:27:27 pm","LINKEDIN","[12YDTLB2] Java Full Stack Developer","ZettaMine Labs Pvt. Ltd.","Hyderabad, Telangana, India (On-site)","SKIPPED","https://www.linkedin.com/jobs/view/4466271155/","","Easy Apply modal could not advance"
"job_1790855847262_drm2r","1/10/2026, 5:27:27 pm","LINKEDIN","Staff Software Engineer","Ping Identity","Bengaluru, Karnataka, India (On-site)","SKIPPED","https://www.linkedin.com/jobs/view/4468646371/","","Easy Apply modal could not advance"
"job_1790855847262_axmhz","1/10/2026, 5:27:27 pm","LINKEDIN","Staff Engineer (Backend)","slice","Bengaluru, Karnataka, India (On-site)","SKIPPED","https://www.linkedin.com/jobs/view/4465020254/","","Easy Apply modal could not advance"
"job_1790855847262_he5pq","1/10/2026, 5:27:27 pm","LINKEDIN","React + Capacitor Mobile Developer","AI Crew Solutions","Hyderabad, Telangana, India (Remote)","SKIPPED","https://www.linkedin.com/jobs/view/4468232244/","","Easy Apply modal could not advance"
"job_1790855847263_jwf8r","1/10/2026, 5:27:27 pm","LINKEDIN","Frontend / Full Stack Developer — Web & App","Voise Tech Ltd","Pune City, Maharashtra, India (On-site)","SKIPPED","https://www.linkedin.com/jobs/view/4466292009/","","Easy Apply modal could not advance"
"job_1790855847263_m0f6l","1/10/2026, 5:27:27 pm","LINKEDIN","Software Engineer","SPADrix Tech","India (Remote)","SKIPPED","https://www.linkedin.com/jobs/view/4468633807/","","Easy Apply modal could not advance"
"job_1790855847263_tbqz6","1/10/2026, 5:27:27 pm","LINKEDIN","Principal Software Engineer","isolved","Hyderabad, Telangana, India (On-site)","SKIPPED","https://www.linkedin.com/jobs/view/4437186901/","","Easy Apply modal could not advance"
"job_1790855847263_c7gi6","1/10/2026, 5:27:27 pm","NAUKRI","Full stack Developer (ReactJS+Node JS) Saturday 5th Sept,26","Tata Consultancy Services","Bengaluru, Kolkata, Pune","SKIPPED","https://www.naukri.com/job-listings-full-stack-developer-reactjs-node-js-saturday-5th-sept-26-tata-consultancy-services-kolkata-pune-bengaluru-6-to-10-years-150726020915","","chatbot_unknown"
"job_1790855847264_z595r","1/10/2026, 5:27:27 pm","NAUKRI","Intermediate Full Stack Developer - Generative AI","CDM Smith","Hybrid - Bengaluru, Pune, Chennai","SKIPPED","https://www.naukri.com/job-listings-intermediate-full-stack-developer-generative-ai-cdm-smith-pune-chennai-bengaluru-3-to-5-years-160926030997","","chatbot_unknown"
"job_1790855847264_0wzrc","1/10/2026, 5:27:27 pm","NAUKRI","Java Full Stack Developer","Shashwath Solution","Noida","FAILED","https://www.naukri.com/job-listings-java-full-stack-developer-shashwath-solution-noida-2-to-4-years-200826923326","","page.evaluate: Execution context was destroyed, most likely because of a navigation"
"job_1790856384621_scc67","1/10/2026, 5:36:24 pm","Naukri","Java Full Stack Developer(React.js)","Infosys","Hybrid - Hyderabad, Kolkata, Pune","SKIPPED","https://www.naukri.com/job-listings-java-full-stack-developer-react-js-infosys-kolkata-hyderabad-pune-2-to-7-years-280926032109","","Naukri chatbot result: timeout"
"job_1790856413986_us8d8","1/10/2026, 5:36:53 pm","Naukri","Java Full Stack Developer(React.js/Angular.js)","Infosys","Hybrid - Hyderabad, Kolkata, Pune","SKIPPED","https://www.naukri.com/job-listings-java-full-stack-developer-react-js-angular-js-infosys-kolkata-hyderabad-pune-2-to-3-years-280926032117","","Naukri chatbot result: timeout"
"job_1790856430814_3vwq4","1/10/2026, 5:37:10 pm","Naukri","Java Full Stack Developer (Spring Boot & Angular)-Hyderabad Location","Infosys","Hyderabad","SKIPPED","https://www.naukri.com/job-listings-java-full-stack-developer-spring-boot-angular-hyderabad-location-infosys-hyderabad-2-to-5-years-290926013469","","Naukri chatbot result: closed"
"job_1790856432480_t3hyd","1/10/2026, 5:37:12 pm","Naukri","Senior Full Stack .NET Developer","ONE Soft Systems","Hyderabad, Navi Mumbai, Warangal","SKIPPED","https://www.naukri.com/job-listings-senior-full-stack-net-developer-one-soft-systems-warangal-hyderabad-navi-mumbai-2-to-7-years-290926014115","","Job title not matching whitelist target"
"job_1790856466651_t5tbr","1/10/2026, 5:37:46 pm","Naukri","Fullstack Developer","Fission Infotech","Hyderabad(Madhapur)","SKIPPED","https://www.naukri.com/job-listings-fullstack-developer-fission-infotech-hyderabad-1-to-2-years-290926023022","","Naukri chatbot result: timeout"
"job_1790856468260_p5kpn","1/10/2026, 5:37:48 pm","Naukri","Full Stack .Net Developer","Karya.cloud","Hyderabad(Nanakramguda)","SKIPPED","https://www.naukri.com/job-listings-full-stack-net-developer-karya-cloud-hyderabad-2-to-3-years-011026016673","","Job title not matching whitelist target"
"job_1790856468260_nc3fc","1/10/2026, 5:37:48 pm","Naukri",".NET Fullstack Developer","CGI","Hyderabad","SKIPPED","https://www.naukri.com/job-listings-net-fullstack-developer-cgi-information-systems-and-management-consultants-hyderabad-2-to-7-years-290926917690","","Job title not matching whitelist target"
"job_1790856495643_1el3k","1/10/2026, 5:38:15 pm","Naukri","Software Engineer - Java Fullstack","Indian Financial Technology And Alliedservices","Hyderabad","SKIPPED","https://www.naukri.com/job-listings-software-engineer-java-fullstack-iftas-hyderabad-2-to-4-years-290926030946","","Naukri chatbot result: timeout"
"job_1790856497348_cmjo7","1/10/2026, 5:38:17 pm","Naukri","Application Developer","Accenture","Hyderabad","SKIPPED","https://www.naukri.com/job-listings-application-developer-accenture-solutions-pvt-ltd-hyderabad-2-to-5-years-280926923790","","Job title not matching whitelist target"
"job_1790856497349_0xamx","1/10/2026, 5:38:17 pm","Naukri","Application Developer","Accenture","Hyderabad","SKIPPED","https://www.naukri.com/job-listings-application-developer-accenture-solutions-pvt-ltd-hyderabad-2-to-5-years-280926923786","","Job title not matching whitelist target"
"job_1790856501997_19rid","1/10/2026, 5:38:21 pm","Naukri","Java Developer","Stark Industries","Hyderabad","EXTERNAL","https://www.naukri.com/job-listings-java-developer-stark-industries-hyderabad-2-to-4-years-280926503213","https://stark-inc.openings.co/stark-inc/jobview/java-developer-hyderabad-telangana-india-java-2026061117373654","Redirects to external company career portal"
"job_1790856506840_pmmek","1/10/2026, 5:38:26 pm","Naukri","Urgent Hiring ASP.NET Full Stack Developer- Guntur/Hyderabad","Bookxpert","Hyderabad, Guntur","SKIPPED","https://www.naukri.com/job-listings-urgent-hiring-asp-net-full-stack-developer-guntur-hyderabad-bookxpert-guntur-hyderabad-0-to-5-years-300526009346","","Job title not matching whitelist target"
"job_1790856506840_uqzwl","1/10/2026, 5:38:26 pm","Naukri","Principal Full-Stack Developer -Full Time -US hours","Centroid","Hyderabad","SKIPPED","https://www.naukri.com/job-listings-principal-full-stack-developer-full-time-us-hours-centroid-hyderabad-9-to-14-years-300926035432","","Job title not matching whitelist target"
"job_1790856506840_jp44w","1/10/2026, 5:38:26 pm","Naukri","SAP BTP Full Stack Developer (CAPM)","Arohak Technologies","Hyderabad","SKIPPED","https://www.naukri.com/job-listings-sap-btp-full-stack-developer-capm-arohak-technologies-hyderabad-5-to-10-years-290926000401","","Job title not matching whitelist target"
"job_1790856514711_nr4j5","1/10/2026, 5:38:34 pm","Naukri","Full Stack Developer","Ecozen Solutions","Bengaluru","EXTERNAL","https://www.naukri.com/job-listings-full-stack-developer-ecofrost-technologies-pvt-ltd-bengaluru-1-to-6-years-250926503483","https://ecozensolutions.darwinbox.in/ms/candidatev2/main/careers/jobDetails/a69ba287209e6e","Redirects to external company career portal"
"job_1790856527854_4t817","1/10/2026, 5:38:47 pm","Naukri","Full Stack Developer AI Applications","RED ROAD HEALTHCARE BUSINESS SOLUTIONS","Bengaluru","APPLIED","https://www.naukri.com/job-listings-full-stack-developer-ai-applications-red-road-healthcare-business-solutions-bengaluru-2-to-5-years-300926025823","","Naukri chatbot result: success"
"job_1790856701213_64cad","1/10/2026, 5:41:41 pm","Naukri","Java Fullstack Developer - L1","Indian Financial Technology And Alliedservices","Hyderabad","EXTERNAL","https://www.naukri.com/job-listings-java-fullstack-developer-l1-indian-financial-technology-and-allied-services-hyderabad-2-to-4-years-300926502221","https://careers.iftas.in/iftas/","Redirects to external company career portal"
"job_1790856708973_5hcpq","1/10/2026, 5:41:48 pm","Naukri","Mean Stack Developer","Nihar Info Global Ltd","Hyderabad","APPLIED","https://www.naukri.com/job-listings-mean-stack-developer-nihar-info-global-ltd-hyderabad-2-to-5-years-300926930929","","Naukri application submitted"
"job_1790856717052_dyx7t","1/10/2026, 5:41:57 pm","Naukri",".Net full stack Developer","Infosys","Bengaluru","SKIPPED","https://www.naukri.com/job-listings-net-full-stack-developer-infosys-limited-bengaluru-2-to-3-years-290926934238","","Job title not matching whitelist target"
"job_1790856717052_80mql","1/10/2026, 5:41:57 pm","Naukri","Dot net Full stack developer","Eurofins","Hybrid - Bengaluru","SKIPPED","https://www.naukri.com/job-listings-dot-net-full-stack-developer-eurofins-bengaluru-2-to-4-years-260926001803","","Job title not matching whitelist target"
"job_1790856723051_8qciy","1/10/2026, 5:42:03 pm","Naukri","Java Full Stack Developer(React/Angular)-(2-5y)","Infosys","Hybrid - Bengaluru, Pune, Chennai","APPLIED","https://www.naukri.com/job-listings-java-full-stack-developer-react-angular-2-5y-infosys-pune-chennai-bengaluru-2-to-5-years-280926030073","","Naukri application submitted"
"job_1790857000916_jv15r","1/10/2026, 5:46:40 pm","Naukri","Software Engineer","Snow Planet","Hyderabad","EXTERNAL","https://www.naukri.com/job-listings-software-engineer-service-now-planet-hyderabad-2-to-7-years-011026503943","https://jobs.smartrecruiters.com/ServiceNow/744000152325889","Redirects to external company career portal"
"job_1790857007758_65bxn","1/10/2026, 5:46:47 pm","Naukri","Software-Java Developer","Creative Hands HR","Hyderabad, Chennai, Bengaluru","APPLIED","https://www.naukri.com/job-listings-software-java-developer-creative-hands-hr-hyderabad-chennai-bengaluru-0-to-5-years-280926000978","","Naukri application submitted"
"job_1790857102910_okrhv","1/10/2026, 5:48:22 pm","Naukri","Software Engineer","UST Healthproof","Hyderabad","EXTERNAL","https://www.naukri.com/job-listings-software-engineer-ust-healthproof-hyderabad-2-to-5-years-280926504152","https://careers-healthedge.icims.com/jobs/8299/jobdetails/job","Redirects to external company career portal"
"job_1790857104668_pvgg3","1/10/2026, 5:48:24 pm","Naukri","Ruby on rails Professional","Imobigeeks Software Technologies","Hyderabad","SKIPPED","https://www.naukri.com/job-listings-ruby-on-rails-professional-imobigeeks-software-technologies-pvt-ltd-hyderabad-2-to-5-years-300926504303","","Job title not matching whitelist target"
"job_1790857110681_op9l0","1/10/2026, 5:48:30 pm","Naukri","Full Stack .Net Developer-S","Infosys","Hybrid - Bengaluru, Pune, Chennai","SKIPPED","https://www.naukri.com/job-listings-full-stack-net-developer-s-infosys-pune-chennai-bengaluru-2-to-3-years-100826024367","","Job title not matching whitelist target"
"job_1790857138086_evuud","1/10/2026, 5:48:58 pm","Naukri","Fullstack Developer","Gemba Concepts","Bengaluru","SKIPPED","https://www.naukri.com/job-listings-fullstack-developer-gemba-concepts-bengaluru-2-to-3-years-280926013232","","Naukri chatbot result: timeout"
"job_1790857167195_p44yp","1/10/2026, 5:49:27 pm","Naukri","Fullstack Developer","Gemba Concepts","Bengaluru","SKIPPED","https://www.naukri.com/job-listings-fullstack-developer-gemba-concepts-bengaluru-2-to-3-years-070826017981","","Naukri chatbot result: timeout"
"job_1790857195443_bxrxq","1/10/2026, 5:49:55 pm","Naukri","Fullstack Developer","Deloitte Shared Services India","Hybrid - Bengaluru","SKIPPED","https://www.naukri.com/job-listings-fullstack-developer-deloitte-shared-services-india-bengaluru-2-to-6-years-120626008685","","Naukri chatbot result: timeout"
"job_1790857200098_o8ec2","1/10/2026, 5:50:00 pm","Naukri","Full Stack Engineer","Accenture","Bengaluru","EXTERNAL","https://www.naukri.com/job-listings-full-stack-engineer-accenture-solutions-pvt-ltd-bengaluru-2-to-5-years-280926928543","https://www.accenture.com/in-en/careers/jobdetails?id=ATCI-5093920-S1882738_en&title=Full+Stack+Engineer&SRC=RECNau","Redirects to external company career portal"
"job_1790857204813_lvy2u","1/10/2026, 5:50:04 pm","Naukri","Custom Software Engineer","Accenture","Bengaluru","EXTERNAL","https://www.naukri.com/job-listings-custom-software-engineer-accenture-solutions-pvt-ltd-bengaluru-2-to-5-years-280926926044","https://www.accenture.com/in-en/careers/jobdetails?id=ATCI-5285140-S1931220_en&title=Custom+Software+Engineer&SRC=RECNau","Redirects to external company career portal"
"job_1790857206491_asq7w","1/10/2026, 5:50:06 pm","Naukri","Application Developer","Net Connect","Hyderabad, Bengaluru","SKIPPED","https://www.naukri.com/job-listings-application-developer-net-connect-hyderabad-bengaluru-1-to-4-years-300926025833","","Job title not matching whitelist target"
"job_1790857211929_9pnsf","1/10/2026, 5:50:11 pm","Naukri","Full Stack Engineer","Accenture","Bengaluru","EXTERNAL","https://www.naukri.com/job-listings-full-stack-engineer-accenture-solutions-pvt-ltd-bengaluru-2-to-5-years-290926936827","https://www.accenture.com/in-en/careers/jobdetails?id=ATCI-5012794-S1871628_en&title=Full+Stack+Engineer&SRC=RECNau","Redirects to external company career portal"
"job_1790857213607_ct4xb","1/10/2026, 5:50:13 pm","Naukri","Application Developer","Accenture","Bengaluru","SKIPPED","https://www.naukri.com/job-listings-application-developer-accenture-solutions-pvt-ltd-bengaluru-2-to-5-years-280926928351","","Job title not matching whitelist target"
"job_1790857213608_rro5f","1/10/2026, 5:50:13 pm","Naukri",".net Fullstack Developer","Cargill","Hybrid - Bengaluru","SKIPPED","https://www.naukri.com/job-listings-net-fullstack-developer-cargill-bengaluru-1-to-3-years-300926031472","","Job title not matching whitelist target"
"job_1790857221336_j17t7","1/10/2026, 5:50:21 pm","Naukri","Full Stack Developer | Leading IT Co.","Leading Client","Bengaluru","APPLIED","https://www.naukri.com/job-listings-full-stack-developer-leading-it-co-hindco-recruitment-consultants-bengaluru-2-to-7-years-220926928626","","Naukri application submitted"
"job_1790857228089_3ef20","1/10/2026, 5:50:28 pm","Naukri","Full Stack Developer","Bitespeed","Bengaluru","APPLIED","https://www.naukri.com/job-listings-full-stack-developer-bitespeed-bengaluru-2-to-6-years-230926936310","","Naukri application submitted"
"job_1790857234848_j5i22","1/10/2026, 5:50:34 pm","Naukri","Agentic GEN AI Full Stack Developer","Capgemini","Bengaluru","APPLIED","https://www.naukri.com/job-listings-agentic-gen-ai-full-stack-developer-capgemini-technology-services-india-limited-bengaluru-3-to-8-years-180926922597","","Naukri application submitted"
"job_1790857241536_yzxs6","1/10/2026, 5:50:41 pm","Naukri","Full Stack Developer","Orient Exchange And Financial Services","Bengaluru","APPLIED","https://www.naukri.com/job-listings-full-stack-developer-orient-exchange-financial-services-p-ltd-bengaluru-3-to-8-years-240926912948","","Naukri application submitted"
"job_1790857247517_l9vjo","1/10/2026, 5:50:47 pm","Naukri","Full Stack Developer","Ecorp Trainings","Bengaluru","EXTERNAL","https://www.naukri.com/job-listings-full-stack-developer-ecorp-trainings-bengaluru-7-to-10-years-220926500687","https://www.ecorptrainings.com/jobs/full-stack-developer.php","Redirects to external company career portal"
"job_1790857254320_fo6po","1/10/2026, 5:50:54 pm","Naukri","Full Stack Developer","Victrix Systems And Labs","Bengaluru","APPLIED","https://www.naukri.com/job-listings-full-stack-developer-victrix-systems-and-labs-bengaluru-6-to-8-years-180926915210","","Naukri application submitted"
"job_1790857255984_9fchs","1/10/2026, 5:50:55 pm","Naukri","Full-Stack Developer","Pvalue Solutions","Bengaluru","SKIPPED","https://www.naukri.com/job-listings-full-stack-developer-pvalue-solutions-pvt-ltd-bengaluru-3-to-7-years-280425500153","","Job title not matching whitelist target"
"job_1790857261000_s3hiw","1/10/2026, 5:51:01 pm","Naukri","Full stack Developer","AcesoftLabs","Hybrid - Bengaluru","APPLIED","https://www.naukri.com/job-listings-full-stack-developer-acesoft-labs-bengaluru-12-to-15-years-180926918577","","Naukri application submitted"
"job_1790857269294_k4dhn","1/10/2026, 5:51:09 pm","Naukri","Full Stack Developer","Galaxeye Space","Bengaluru","EXTERNAL","https://www.naukri.com/job-listings-full-stack-developer-galaxeye-space-bengaluru-3-to-8-years-210926503795","https://galaxeye-pranitgalaxeyespace.zohorecruit.in/jobs/Careers/214465000004962095","Redirects to external company career portal"
"job_1790857297453_pevr3","1/10/2026, 5:51:37 pm","Naukri","Django Full stack developer","Tata Consultancy Services","Bengaluru","SKIPPED","https://www.naukri.com/job-listings-django-full-stack-developer-tata-consultancy-services-bengaluru-5-to-10-years-280926030842","","Naukri chatbot result: timeout"
"job_1790857306672_pdn5t","1/10/2026, 5:51:46 pm","Naukri","Full Stack Developer","Proffer It Consultancy","Bengaluru","EXTERNAL","https://www.naukri.com/job-listings-full-stack-developer-proffer-it-consultancy-private-limited-bengaluru-5-to-11-years-011026503911","https://profferit.in/career/?job_id=z5G7h3l6a1kMvyS65NP3c7tN4n6tp3R-nmQ6iSFkZfk=","Redirects to external company career portal"
"job_1790857308330_8qwrk","1/10/2026, 5:51:48 pm","Naukri","Full-stack Developer","NuWare","Bengaluru","SKIPPED","https://www.naukri.com/job-listings-full-stack-developer-nuware-systems-pvt-ltd-bengaluru-5-to-8-years-011026500446","","Job title not matching whitelist target"
"job_1790857311073_oigix","1/10/2026, 5:51:51 pm","Naukri","Full-Stack Developer","Revsyntech","Remote","SKIPPED","https://www.naukri.com/job-listings-full-stack-developer-revsyntech-remote-2-to-6-years-011026502878","","Job title not matching whitelist target"
"job_1790857314912_r3vbp","1/10/2026, 5:51:54 pm","Naukri","Fullstack Engineer","Logibee","Remote","EXTERNAL","https://www.naukri.com/job-listings-fullstack-engineer-logibee-remote-2-to-6-years-280926500618","https://www.logibee.ai/careers/fullstack-engineer","Redirects to external company career portal"
"job_1790857320503_qa1l0","1/10/2026, 5:52:00 pm","Naukri","Sr Full Stack Engineer (Node.js)","Kapa Digital Media","Remote","EXTERNAL","https://www.naukri.com/job-listings-sr-full-stack-engineer-node-js-kapa-digital-media-remote-1-to-5-years-300926504320","https://www.kapa.my/careers/","Redirects to external company career portal"
"job_1790857330026_aw6j3","1/10/2026, 5:52:10 pm","Naukri","Software Engineer - SFCC","Ranosys Technologies","Remote","EXTERNAL","https://www.naukri.com/job-listings-software-engineer-sfcc-ranosys-technologies-pvt-ltd-remote-1-to-3-years-250926501614","https://www.ranosys.com/global/about-us/career/current-openings/sfcc-developer-job/","Redirects to external company career portal"
"job_1790857331718_90i9h","1/10/2026, 5:52:11 pm","Naukri","Ruby on Rails Developer","Vinayak Solutions","Remote","SKIPPED","https://www.naukri.com/job-listings-ruby-on-rails-developer-vinayak-solutions-pvt-limited-remote-2-to-7-years-011026502803","","Job title not matching whitelist target"
"job_1790857337660_xay0w","1/10/2026, 5:52:17 pm","Naukri","Software Developer","Hockeycurve Growth Solutions","Remote","EXTERNAL","https://www.naukri.com/job-listings-software-developer-hockeycurve-growth-solutions-remote-1-to-3-years-280926500777","https://hockeycurve.com/careers","Redirects to external company career portal"
"job_1790857339327_bwn9y","1/10/2026, 5:52:19 pm","Naukri","Senior Flutter Engineer","Logibee","Remote","SKIPPED","https://www.naukri.com/job-listings-senior-flutter-engineer-logibee-remote-2-to-4-years-280926500619","","Job title not matching whitelist target"
"job_1790857339332_6r4iw","1/10/2026, 5:52:19 pm","Naukri","ServiceNow SOM Developer","Fyerx","Remote","SKIPPED","https://www.naukri.com/job-listings-servicenow-som-developer-fyerx-remote-2-to-6-years-240926504143","","Job title not matching whitelist target"
"job_1790857339333_ti5s4","1/10/2026, 5:52:19 pm","Naukri","Senior Flutter Engineer","Logibee","Remote","SKIPPED","https://www.naukri.com/job-listings-senior-flutter-engineer-logibee-remote-2-to-4-years-240926503768","","Job title not matching whitelist target"
"job_1790857344608_7sgb4","1/10/2026, 5:52:24 pm","Naukri","SOFTWARE ENGINEER","Salespoint Incorporation","Remote","EXTERNAL","https://www.naukri.com/job-listings-software-engineer-salespoint-pvt-ltd-remote-0-to-3-years-300926504481","https://salespointinc.com/careers.html","Redirects to external company career portal"
"job_1790857353026_3qvhc","1/10/2026, 5:52:33 pm","Naukri","ServiceNow Software Engineer - SAM","Newrocket","Remote","EXTERNAL","https://www.naukri.com/job-listings-servicenow-software-engineer-sam-newrocket-remote-2-to-5-years-300926504989","https://www.newrocket.com/careers/job?gh_jid=6200375004&gh_jid=6200375004","Redirects to external company career portal"
"job_1790857354797_qknx3","1/10/2026, 5:52:34 pm","Naukri","DevOps Engineer","Click Informatics","Remote","SKIPPED","https://www.naukri.com/job-listings-devops-engineer-click-informatics-remote-1-to-5-years-300926504361","","Job title not matching whitelist target"
"job_1790857359381_vn0ms","1/10/2026, 5:52:39 pm","Naukri","JavaScript Developer (React.js)","Vinayak Solutions","Remote","EXTERNAL","https://www.naukri.com/job-listings-javascript-developer-react-js-vinayak-solutions-pvt-limited-remote-2-to-7-years-011026502802","https://apply.workable.com/bystadium/j/B78BF9EF9A/","Redirects to external company career portal"
"job_1790857361051_xc4ie","1/10/2026, 5:52:41 pm","Naukri","Security Engineer","Oddball","Remote","SKIPPED","https://www.naukri.com/job-listings-security-engineer-oddball-remote-2-to-6-years-300926505049","","Job title not matching whitelist target"
"job_1790857361051_z5bdq","1/10/2026, 5:52:41 pm","Naukri","DevOps Engineer","Revsyntech","Remote","SKIPPED","https://www.naukri.com/job-listings-devops-engineer-revsyntech-remote-2-to-6-years-011026502877","","Job title not matching whitelist target"
"job_1790857361051_04geb","1/10/2026, 5:52:41 pm","Naukri","Staff Engineer, Software","Alphasense","Remote","SKIPPED","https://www.naukri.com/job-listings-staff-engineer-software-alphasense-india-remote-1-to-5-years-300926504783","","Job title not matching whitelist target"
"job_1790857361052_q3haw","1/10/2026, 5:52:41 pm","Naukri","ServiceNow Platform Analyst - SPM/CSM/Service Portal","Newrocket","Remote","SKIPPED","https://www.naukri.com/job-listings-servicenow-platform-analyst-spm-csm-service-portal-newrocket-remote-2-to-6-years-300926504630","","Job title not matching whitelist target"
"job_1790857361052_yzl7m","1/10/2026, 5:52:41 pm","Naukri","PHP Backend Engineer","Mobisoft Labs","Remote","SKIPPED","https://www.naukri.com/job-listings-php-backend-engineer-mobisoft-labs-remote-0-to-3-years-300926504468","","Job title not matching whitelist target"
"job_1790857361052_e33gv","1/10/2026, 5:52:41 pm","Naukri","WhatsApp Integration Specialist","Kapa Digital Media","Remote","SKIPPED","https://www.naukri.com/job-listings-whatsapp-integration-specialist-kapa-digital-media-remote-0-to-4-years-300926504399","","Job title not matching whitelist target"
"job_1790857361052_fa3bv","1/10/2026, 5:52:41 pm","Naukri","Shopify Developer","Epigroww Global","Remote","SKIPPED","https://www.naukri.com/job-listings-shopify-developer-epigroww-global-remote-1-to-5-years-300926504329","","Job title not matching whitelist target"
"job_1790857363837_gfoxz","1/10/2026, 5:52:43 pm","Naukri","Full-Stack Developer","Anzarkhan.com","Remote","SKIPPED","https://www.naukri.com/job-listings-full-stack-developer-anzarkhan-com-remote-1-to-3-years-100926502483","","Job title not matching whitelist target"
"job_1790857363837_7e19i","1/10/2026, 5:52:43 pm","Naukri","Full-Stack Developer","Bay Street Staffing","Remote","SKIPPED","https://www.naukri.com/job-listings-full-stack-developer-bay-street-staffing-remote-2-to-4-years-291222501585","","Job title not matching whitelist target"
"job_1790857363837_3hx94","1/10/2026, 5:52:43 pm","Naukri","Full-Stack Developer","Flexday Solutions","Remote","SKIPPED","https://www.naukri.com/job-listings-full-stack-developer-flexday-solutions-llc-remote-2-to-4-years-270826501841","","Job title not matching whitelist target"
"job_1790857367991_4nd21","1/10/2026, 5:52:47 pm","Naukri","Full Stack Developer","TCP Corporate Solution","Remote","EXTERNAL","https://www.naukri.com/job-listings-full-stack-developer-tcp-corps-outsourcing-llc-remote-2-to-5-years-110826509083","https://app.pyjamahr.com/careers?company=tcp-corps&job_id=185151&company_uuid=350485C009","Redirects to external company career portal"
"job_1790857375142_zn8ni","1/10/2026, 5:52:55 pm","Naukri","Full Stack Developer","Autorabit","Remote","EXTERNAL","https://www.naukri.com/job-listings-full-stack-developer-autorabit-remote-3-to-4-years-100926503759","https://autorabit.applytojob.com/apply/deZa29hgCv/Full-Stack-Developer","Redirects to external company career portal"
"job_1790857383030_21978","1/10/2026, 5:53:03 pm","Naukri","Full Stack Developer","Camptra Technologies","Remote","EXTERNAL","https://www.naukri.com/job-listings-full-stack-developer-camptra-technologies-remote-2-to-4-years-020926504448","https://camptratech.com/careers/full-stack-developer","Redirects to external company career portal"
"job_1790860099375_qbuvf","1/10/2026, 6:38:19 pm","Naukri","Java React Developer (2-3yrs) @ Infosys","Infosys","Hybrid - Hyderabad, Pune, Bengaluru","APPLIED","https://www.naukri.com/job-listings-java-react-developer-2-3yrs-infosys-infosys-hyderabad-pune-bengaluru-2-to-3-years-190926016685","","Naukri application submitted"
"job_1790860110022_hgshn","1/10/2026, 6:38:30 pm","Naukri","Java React Developer (2-3 yrs) @ Infosys","Infosys","Hybrid - Hyderabad, Pune, Bengaluru","APPLIED","https://www.naukri.com/job-listings-java-react-developer-2-3-yrs-infosys-infosys-hyderabad-pune-bengaluru-2-to-3-years-190926012114","","Naukri application submitted"
"job_1790860111646_xmbts","1/10/2026, 6:38:31 pm","Naukri","Software Engineer","Creative Hands HR","Hyderabad, Chennai, Bengaluru","SKIPPED","https://www.naukri.com/job-listings-software-engineer-creative-hands-hr-hyderabad-chennai-bengaluru-0-to-2-years-280926000975","","Job title not matching whitelist target"
"job_1790860111646_eh45p","1/10/2026, 6:38:31 pm","Naukri","Custom Software Engineer","Accenture","Hyderabad","SKIPPED","https://www.naukri.com/job-listings-custom-software-engineer-accenture-solutions-pvt-ltd-hyderabad-2-to-5-years-280926924164","","Job title not matching whitelist target"
"job_1790860123818_mlz0f","1/10/2026, 6:38:43 pm","Naukri","Java Developer with Streaming","Synechron","Hyderabad","APPLIED","https://www.naukri.com/job-listings-java-developer-with-streaming-synechron-technologies-pvt-ltd-hyderabad-3-to-7-years-210926923065","","Naukri application submitted"
"job_1790860159840_rym27","1/10/2026, 6:39:19 pm","Naukri","Java Developer","Knowledgesprint Technologies","Hyderabad","EXTERNAL","https://www.naukri.com/job-listings-java-developer-knowledgesprint-technologies-india-pvt-ltd-hyderabad-2-to-7-years-160926503331","https://knowledgesprint.com/careers","Form auto-filled on GENERIC portal. Review/Submit completed."
"job_1790860170389_gxd0j","1/10/2026, 6:39:30 pm","Naukri","Java React Developer (3-5yrs) @ Infosys","Infosys","Hybrid - Hyderabad, Pune, Bengaluru","APPLIED","https://www.naukri.com/job-listings-java-react-developer-3-5yrs-infosys-infosys-hyderabad-pune-bengaluru-3-to-5-years-190926016742","","Naukri application submitted"
"job_1790860180943_5xx2e","1/10/2026, 6:39:40 pm","Naukri","Java React Developer (3-5 yrs) @ Infosys","Infosys","Hybrid - Hyderabad, Pune, Bengaluru","APPLIED","https://www.naukri.com/job-listings-java-react-developer-3-5-yrs-infosys-infosys-hyderabad-pune-bengaluru-3-to-5-years-190926012142","","Naukri application submitted"
"job_1790860215816_96jrl","1/10/2026, 6:40:15 pm","Naukri","Java Developer","Knowledgesprint Technologies","Hyderabad","EXTERNAL","https://www.naukri.com/job-listings-java-developer-knowledgesprint-technologies-india-pvt-ltd-hyderabad-3-to-6-years-210926500925","https://knowledgesprint.com/careers","Form auto-filled on GENERIC portal. Review/Submit completed."
"job_1790860226386_klc5t","1/10/2026, 6:40:26 pm","Naukri","Java Developer","MNC's","Hyderabad, Bengaluru","APPLIED","https://www.naukri.com/job-listings-java-developer-siri-tech-solutions-hyderabad-bengaluru-0-to-3-years-190926020031","","Naukri application submitted"
"job_1790860230803_a12xb","1/10/2026, 6:40:30 pm","Naukri","Java Devloper","IT Company","Mumbai (All Areas), Bengaluru","SKIPPED","https://www.naukri.com/job-listings-java-devloper-hr-india-solutions-bengaluru-mumbai-all-areas-2-to-7-years-300926907811","","Job title not matching whitelist target"
"job_1790860259310_o25c6","1/10/2026, 6:40:59 pm","Naukri","Java Developer","Zensar","Bengaluru","EXTERNAL","https://www.naukri.com/job-listings-java-developer-zensar-technologies-bengaluru-1-to-4-years-011026501385","https://fa-etvl-saasfaprod1.fa.ocs.oraclecloud.com/hcmUI/CandidateExperience/en/sites/CX_1/job/151721_3","Form auto-filled on GENERIC portal. Review/Submit completed."
"job_1790860269862_oz6mf","1/10/2026, 6:41:09 pm","Naukri","Java Developer","Sightspectrum","Bengaluru","APPLIED","https://www.naukri.com/job-listings-java-developer-sightspectrum-bengaluru-2-to-5-years-240926018183","","Naukri application submitted"
"job_1790860280372_7z7i8","1/10/2026, 6:41:20 pm","Naukri","Java Developer","Sightspectrum","Bengaluru","APPLIED","https://www.naukri.com/job-listings-java-developer-sightspectrum-bengaluru-2-to-4-years-240926016464","","Naukri application submitted"
"job_1790860291002_e2b6o","1/10/2026, 6:41:31 pm","Naukri","Java Developer","B2Y Infy Solutions","Bengaluru","APPLIED","https://www.naukri.com/job-listings-java-developer-b2y-infy-solutions-bengaluru-1-to-5-years-280926016444","","Naukri application submitted"
"job_1790860301598_o5qo4","1/10/2026, 6:41:41 pm","Naukri","Java Developer","Infosys","Bengaluru","APPLIED","https://www.naukri.com/job-listings-java-developer-infosys-limited-bengaluru-2-to-3-years-290926934098","","Naukri application submitted"
"job_1790860303261_q2732","1/10/2026, 6:41:43 pm","Naukri","Java Cloud Developer","Infosys","Bengaluru","SKIPPED","https://www.naukri.com/job-listings-java-cloud-developer-infosys-limited-bengaluru-2-to-3-years-290926933947","","Job title not matching whitelist target"
"job_1790860303261_nr4wq","1/10/2026, 6:41:43 pm","Naukri","Java GHCP Developer","Birlasoft","Bengaluru","SKIPPED","https://www.naukri.com/job-listings-java-ghcp-developer-birlasoft-india-limited-bengaluru-2-to-5-years-240926504670","","Job title not matching whitelist target"
"job_1790860303263_dlb9j","1/10/2026, 6:41:43 pm","Naukri","Custom Software Engineer","Accenture","Bengaluru","SKIPPED","https://www.naukri.com/job-listings-custom-software-engineer-accenture-solutions-pvt-ltd-bengaluru-2-to-5-years-280926928788","","Job title not matching whitelist target"
"job_1790860303264_82tr3","1/10/2026, 6:41:43 pm","Naukri","Custom Software Engineer","Accenture","Bengaluru","SKIPPED","https://www.naukri.com/job-listings-custom-software-engineer-accenture-solutions-pvt-ltd-bengaluru-2-to-5-years-280926924763","","Job title not matching whitelist target"
"job_1790860314958_eqmuh","1/10/2026, 6:41:54 pm","Naukri","Java Developer","Nxtwave Disruptive Technologies(Hiring for a Client)","Bengaluru","APPLIED","https://www.naukri.com/job-listings-java-developer-nxtwave-disruptive-technologies-hiring-for-a-client-bengaluru-3-to-5-years-250926037784","","Naukri application submitted"
"job_1790860325746_5n3s6","1/10/2026, 6:42:05 pm","Naukri","Java Developer","Capgemini","Bengaluru","APPLIED","https://www.naukri.com/job-listings-java-developer-capgemini-technology-services-india-limited-bengaluru-1-to-6-years-180926922552","","Naukri application submitted"
"job_1790860336343_8a70z","1/10/2026, 6:42:16 pm","Naukri","Java Developer","Tata Consultancy Services","Hyderabad, Bengaluru, Chennai","APPLIED","https://www.naukri.com/job-listings-java-developer-tata-consultancy-services-hyderabad-chennai-bengaluru-5-to-10-years-230926039827","","Naukri application submitted"
"job_1790860338018_gl6n0","1/10/2026, 6:42:18 pm","Naukri","Java GCP Developer","Infosys","Hybrid - Hyderabad, Bengaluru, Pune","SKIPPED","https://www.naukri.com/job-listings-java-gcp-developer-infosys-hyderabad-pune-bengaluru-2-to-5-years-210926000078","","Job title not matching whitelist target"
"job_1790860346944_hnwxk","1/10/2026, 6:42:26 pm","Naukri","Java Developer","Photon","Hyderabad, Bengaluru, Chennai","APPLIED","https://www.naukri.com/job-listings-java-developer-photon-hyderabad-chennai-bengaluru-5-to-7-years-180926020236","","Naukri application submitted"
"job_1790860351268_bho85","1/10/2026, 6:42:31 pm","Naukri","Software Developer","Loop Methods","Remote","SKIPPED","https://www.naukri.com/job-listings-software-developer-loop-it-methods-private-limited-remote-2-to-7-years-250926504180","","Job title not matching whitelist target"
"job_1790860351271_fo7qd","1/10/2026, 6:42:31 pm","Naukri","GenAI Engineer","Workiy Technologies","Remote","SKIPPED","https://www.naukri.com/job-listings-genai-engineer-workiy-inc-remote-0-to-3-years-011026503135","","Job title not matching whitelist target"
"job_1790860351271_mrf0o","1/10/2026, 6:42:31 pm","Naukri","React Native Developer","Jethitech","Remote","SKIPPED","https://www.naukri.com/job-listings-react-native-developer-jethitech-solutions-remote-2-to-4-years-011026503106","","Job title not matching whitelist target"
"job_1790860351271_0vbd4","1/10/2026, 6:42:31 pm","Naukri","AI Platform Engineer (Python, AWS)","Genesys","Remote","SKIPPED","https://www.naukri.com/job-listings-ai-platform-engineer-python-aws-genesys-india-remote-2-to-7-years-011026503092","","Job title not matching whitelist target"
"job_1790860351272_fmsnt","1/10/2026, 6:42:31 pm","Naukri","Sr Staff AI Researcher (Agentic Reasoning)","Capengage","Remote","SKIPPED","https://www.naukri.com/job-listings-sr-staff-ai-researcher-agentic-reasoning-capengage-technology-solutions-pvt-ltd-remote-1-to-5-years-011026502874","","Job title not matching whitelist target"
"job_1790860351273_gse0h","1/10/2026, 6:42:31 pm","Naukri","React Native Developer","Softoasis Technologies","Remote","SKIPPED","https://www.naukri.com/job-listings-react-native-developer-softoasis-technologies-remote-1-to-6-years-250926504208","","Job title not matching whitelist target"
"job_1790860351273_adhxt","1/10/2026, 6:42:31 pm","Naukri","Frontend Developer (React)","Domis Tech","Remote","SKIPPED","https://www.naukri.com/job-listings-frontend-developer-react-domis-tech-pvt-ltd-remote-2-to-5-years-280926500778","","Job title not matching whitelist target"
"job_1790860351273_m1kgb","1/10/2026, 6:42:31 pm","Naukri","Member of Technical Staff","Swipelux","Remote","SKIPPED","https://www.naukri.com/job-listings-member-of-technical-staff-swipelux-remote-1-to-4-years-240926503887","","Job title not matching whitelist target"
"job_1790860351274_xfexb","1/10/2026, 6:42:31 pm","Naukri","DevOps Engineer","Nanomindz Technologies","Remote","SKIPPED","https://www.naukri.com/job-listings-devops-engineer-nanomindz-technologies-pvt-ltd-remote-2-to-4-years-240926503709","","Job title not matching whitelist target"
"job_1790860351274_orch2","1/10/2026, 6:42:31 pm","Naukri","Frontend Engineer (React)","Infoesearch Ites","Remote","SKIPPED","https://www.naukri.com/job-listings-frontend-engineer-react-infoesearch-remote-0-to-2-years-240926503696","","Job title not matching whitelist target"
"job_1790860406001_jstyq","1/10/2026, 6:43:26 pm","Naukri","Fullstack Engineer","Huzzle","Remote","EXTERNAL","https://www.naukri.com/job-listings-fullstack-engineer-huzzle-remote-2-to-6-years-240926503530","https://apply.workable.com/huzzle/j/714D62C458/","Form auto-filled on GENERIC portal. Review/Submit completed."
"job_1790860425959_5h47c","1/10/2026, 6:43:45 pm","Naukri","Java Developer","Sparix Global","Remote","EXTERNAL","https://www.naukri.com/job-listings-java-developer-sparix-global-private-limited-remote-5-to-8-years-260626504502","https://www.sparixglobal.com/career/?job_id=z5G7h3l6a1kMvyS65NP3c4bmpqyUi56hpX1SoDT5acY=","Form auto-filled on GENERIC portal. Review/Submit completed."
"job_1790860439503_x5edv","1/10/2026, 6:43:59 pm","Naukri","Java Developer","Sparix Global","Remote","EXTERNAL","https://www.naukri.com/job-listings-java-developer-sparix-global-private-limited-remote-5-to-8-years-260626504500","https://www.sparixglobal.com/career/?job_id=z5G7h3l6a1kMvyS65NP3c8xJgAR4oyhPli1QWJ9PrKc=","Form auto-filled on GENERIC portal. Review/Submit completed."
"job_1790860455512_exzj4","1/10/2026, 6:44:15 pm","Naukri","Java Developer,Pan India","Devmode It Solutions","Remote","EXTERNAL","https://www.naukri.com/job-listings-java-developer-pan-india-devmode-it-solutions-remote-8-to-10-years-250122501205","https://www.devmode.in/careers.html","Form auto-filled on GENERIC portal. Review/Submit completed."
"job_1790860499791_bheju","1/10/2026, 6:44:59 pm","Naukri","Java Developer","Techknowledgehub","Remote","EXTERNAL","https://www.naukri.com/job-listings-java-developer-techknowledgehub-remote-5-to-8-years-220424500459","https://job.techknowledgehub.org/jobs/java-developer-wfh-remote-job/","Form auto-filled on GENERIC portal. Review/Submit completed."
"job_1790860514913_en2fa","1/10/2026, 6:45:14 pm","Naukri","Java Developer","Gokool Software Labs","Remote","EXTERNAL","https://www.naukri.com/job-listings-java-developer-gokool-software-labs-remote-4-to-5-years-161122500016","https://sites.google.com/gokool.digital/jobs/portal","Form auto-filled on GENERIC portal. Review/Submit completed."
"job_1790860516504_ogdtl","1/10/2026, 6:45:16 pm","Naukri","Java Azure Developer","Gforce Consulting Solutions","Remote","SKIPPED","https://www.naukri.com/job-listings-java-azure-developer-gforce-consulting-solutions-remote-5-to-8-years-210922500693","","Job title not matching whitelist target"
"job_1790860516505_98jjl","1/10/2026, 6:45:16 pm","Naukri","Game Software Engineer","Customerumbrella","Remote","SKIPPED","https://www.naukri.com/job-listings-game-software-engineer-customerumbrella-remote-5-to-8-years-110725500482","","Job title not matching whitelist target"
"job_1790860525426_t48iv","1/10/2026, 6:45:25 pm","Naukri","Full Stack Java Developer","NS Global Corporation","Remote","APPLIED","https://www.naukri.com/job-listings-full-stack-java-developer-ns-global-corporation-remote-2-to-6-years-270326502352","","Naukri application submitted"
"job_1790860553604_18ksn","1/10/2026, 6:45:53 pm","Naukri","Senior Java Developer","Immersive Infotech","Remote","EXTERNAL","https://www.naukri.com/job-listings-senior-java-developer-immerse-infocom-pvt-ltd-remote-2-to-5-years-090625504211","https://www.immersiveinfotech.com/career-details","Form auto-filled on GENERIC portal. Review/Submit completed."
"job_1790860555310_081da","1/10/2026, 6:45:55 pm","Naukri","Sr. java developers (2+)","Nexgeniot","Remote","SKIPPED","https://www.naukri.com/job-listings-sr-java-developers-2-nexgeniot-remote-2-to-4-years-210526505722","","Job title not matching whitelist target"
"job_1790860555310_w1cq2","1/10/2026, 6:45:55 pm","Naukri","Java Developer with Big Data","MNJ Software","Remote","SKIPPED","https://www.naukri.com/job-listings-java-developer-with-big-data-mnj-software-private-limited-remote-3-to-6-years-150223501186","","Job title not matching whitelist target"
"job_1790860591870_tozyf","1/10/2026, 6:46:31 pm","Naukri","Java Developer(associate and senior Associate )","Insignia Consultancy Solutions","Remote","EXTERNAL","https://www.naukri.com/job-listings-java-developer-associate-and-senior-associate-insignia-consultancy-solutions-remote-4-to-8-years-050824500746","https://careerpage.co/insignia-consultancy-solutions/java-developer-associate-and-senior-associate-in112","Form auto-filled on GENERIC portal. Review/Submit completed."
"job_1790860593521_48scy","1/10/2026, 6:46:33 pm","Naukri","ASW Developer","Tangentia","Remote","SKIPPED","https://www.naukri.com/job-listings-asw-developer-tangentia-remote-3-to-5-years-280926500841","","Job title not matching whitelist target"
"job_1790860611641_8zc7m","1/10/2026, 6:46:51 pm","Naukri","Full-stack Java Developer","Digital Conversions Media","Remote","EXTERNAL","https://www.naukri.com/job-listings-full-stack-java-developer-digital-conversions-media-remote-5-to-8-years-050924502005","https://www.dcm-inc.com/careers/","Form auto-filled on GENERIC portal. Review/Submit completed."
"job_1790860642500_bgtox","1/10/2026, 6:47:22 pm","Naukri","Core Java Developer","Gforce Consulting Solutions","Remote","EXTERNAL","https://www.naukri.com/job-listings-core-java-developer-gforce-consulting-solutions-remote-3-to-6-years-210922500682","https://www.gforces.in/category/?action=search&catid=&salary=&jobtype=&location=&post_within=","Form auto-filled on GENERIC portal. Review/Submit completed."
"job_1790860802037_kgbpb","1/10/2026, 6:50:02 pm","Naukri","Sr Full Stack Java Developer","Technoxis","Remote","EXTERNAL","https://www.naukri.com/job-listings-sr-full-stack-java-developer-technoxis-remote-6-to-11-years-260526502841","https://www.technoxis.com/Applynow/Sr-Full-Stack-Java-Developer","Form auto-filled on GENERIC portal. Review/Submit completed."
"job_1790860898073_279fm","1/10/2026, 6:51:38 pm","Naukri","Senior Java Developer","Xicom Technologies","Remote","EXTERNAL","https://www.naukri.com/job-listings-senior-java-developer-xicom-technologies-remote-5-to-10-years-220126504642","https://www.xicom.biz/","Form auto-filled on GENERIC portal. Review/Submit completed."
"job_1790860901963_jxr76","1/10/2026, 6:51:41 pm","Naukri","Lead Java Developer","Inorg","Remote","SKIPPED","https://www.naukri.com/job-listings-lead-java-developer-inorg-remote-5-to-8-years-250926005110","","No apply button found"
"job_1790860905773_vmie2","1/10/2026, 6:51:45 pm","Naukri","Senior Java Developer","Innovya Technologies","Remote","SKIPPED","https://www.naukri.com/job-listings-senior-java-developer-innovya-technologies-remote-4-to-9-years-220126503455","","No apply button found"